16:22:20  Acquired tunnel connection to device.
16:22:20  Enabling developer disk image services.
16:22:20  Acquired usage assertion.
Launched application with com.animi.app bundle identifier.
Waiting for the application to terminate…
[MEM-EVENT] audio.session.configureOnLaunch | ok=1
[BackgroundPresets] Found index at: /private/var/containers/Bundle/Application/FEAD19B9-B48F-468E-8B7F-BC8180BE8DB8/AnimiApp.app/BackgroundPresets/presets_index.json
[BackgroundPresets] Loaded preset: solid_fullscreen (1 regions)
[BackgroundPresets] Loaded preset: horizontal_split (2 regions)
[BackgroundPresets] Loaded preset: wave_split (2 regions)
[BackgroundPresets] Loaded preset: diagonal_split (2 regions)
[BackgroundPresets] Loaded 4 presets
[AppCompositionRoot] Loaded 4 background presets
[StickerLibrary] Loaded 6 stickers
[AppCompositionRoot] Loaded 6 stickers
[SceneLibrary] Found manifest at: /private/var/containers/Bundle/Application/FEAD19B9-B48F-468E-8B7F-BC8180BE8DB8/AnimiApp.app/Scenes/library.json
[MEM-EVENT] compiledPackage.load.summary | file=compiled.tve bytes=45055 read=0.000s validate=0.000s decode=0.006s total=0.006s assets=11
[SceneLibrary] Resolved scene 'example_4blocks' -> /private/var/containers/Bundle/Application/FEAD19B9-B48F-468E-8B7F-BC8180BE8DB8/AnimiApp.app/Scenes/example_4blocks
[MEM-EVENT] compiledPackage.load.summary | file=compiled.tve bytes=14848 read=0.000s validate=0.000s decode=0.001s total=0.001s assets=6
[SceneLibrary] Resolved scene 'polaroid_shared_demo' -> /private/var/containers/Bundle/Application/FEAD19B9-B48F-468E-8B7F-BC8180BE8DB8/AnimiApp.app/Scenes/polaroid_shared_demo
[MEM-EVENT] compiledPackage.load.summary | file=compiled.tve bytes=20562 read=0.000s validate=0.000s decode=0.002s total=0.002s assets=8
[SceneLibrary] Resolved scene 'polaroid_2' -> /private/var/containers/Bundle/Application/FEAD19B9-B48F-468E-8B7F-BC8180BE8DB8/AnimiApp.app/Scenes/polaroid_2
[MEM-EVENT] compiledPackage.load.summary | file=compiled.tve bytes=10044 read=0.000s validate=0.000s decode=0.001s total=0.001s assets=4
[SceneLibrary] Resolved scene 'full_image' -> /private/var/containers/Bundle/Application/FEAD19B9-B48F-468E-8B7F-BC8180BE8DB8/AnimiApp.app/Scenes/full_image
[MEM-EVENT] compiledPackage.load.summary | file=compiled.tve bytes=10044 read=0.000s validate=0.000s decode=0.001s total=0.001s assets=4
[SceneLibrary] Resolved scene 'blank_starter' -> /private/var/containers/Bundle/Application/FEAD19B9-B48F-468E-8B7F-BC8180BE8DB8/AnimiApp.app/Scenes/blank_starter
[Catalog] Found manifest at: /private/var/containers/Bundle/Application/FEAD19B9-B48F-468E-8B7F-BC8180BE8DB8/AnimiApp.app/Templates/Catalog/manifest.json
[MEM-DIAG] editor.boot.before | footprint: 15MB | resident: 57MB | available: 3056MB | metal: n/aMB | 
[MEM-EVENT] bootstrap.prepare.start | requestId=E313F8CF-C2FA-4414-A8A4-31EA56310DD7 sceneTypeId=full_image obj=-88505937611568011
[MEM-EVENT] compiledPackage.load.summary | file=compiled.tve bytes=10044 read=0.000s validate=0.000s decode=0.001s total=0.001s assets=4
[MEM-EVENT] sceneTypeLoad.summary | id=full_image package=0.001s localIndex=0.000s sharedIndex=0.001s resolver=0.000s total=0.002s
[MEM-EVENT] initialScene.load.summary | id=full_image pipeline=0.002s player=0.000s provider=0.000s preload=0.043s total=0.045s
[MEM-EVENT] bootstrap.load.summary | sceneTypeId=full_image duration=0.05s
[MEM-EVENT] bootstrap.prepare.loaded | requestId=E313F8CF-C2FA-4414-A8A4-31EA56310DD7
[MEM-EVENT] bootstrap.prepare.apply | requestId=E313F8CF-C2FA-4414-A8A4-31EA56310DD7 obj=-88505937611568011
[PerfCounter] applySnapshot(scene): 1
[PerfCounter] applySnapshot(scene): 2
[MEM-EVENT] UserMediaService.init | obj=1313419755508538601
[MEM-EVENT] preview.audio.select | toggle=ON controller=Legacy
[MEM-EVENT] preview.audio.engine.teardown
[MEM-EVENT] preview.audio.canonical.selected | toggle=ON controller=CanonicalPreviewAudioController
[MEM-EVENT] preview.audio.prepare | canonicalIdlePrepareSkipped=1
[MEM-EVENT] bootstrap.boot.summary | duration=0.01s
[MEM-DIAG] editor.boot.after | footprint: 50MB | resident: 91MB | available: 3021MB | metal: 11MB | UserMediaService: 1
[MEM-EVENT] bootstrap.apply.summary | duration=0.01s
[MEM-EVENT] bootstrap.prepare.summary | sceneTypeId=full_image duration=0.05s outcome=success
[MEM-EVENT] Runtime.create.start | id=BBB22040-71D4-4001-8BBD-73623FEC4324 sceneType=full_image
[MEM-EVENT] SceneTypeCache.preload.start | id=full_image cached=0
[MEM-EVENT] compiledPackage.load.summary | file=compiled.tve bytes=10044 read=0.000s validate=0.000s decode=0.001s total=0.001s assets=4
[MEM-EVENT] sceneTypeLoad.summary | id=full_image package=0.001s localIndex=0.000s sharedIndex=0.000s resolver=0.000s total=0.001s
[MEM-EVENT] SceneTypeCache.preload.summary | id=full_image source=cold io=0.00s provider=0.00s textures=0.04s total=0.04s
[MEM-EVENT] SceneTypeCache.preload.stored | id=full_image total=1 ids=full_image
[MEM-EVENT] UserMediaService.init | obj=2200446116212260589
[MEM-EVENT] SceneInstanceRuntime.init | obj=4124515990010203966 id=BBB22040-71D4-4001-8BBD-73623FEC4324 type=full_image
[MEM-EVENT] UMS.cleanupVideo | obj=2200446116212260589 blockId=block_01
[MEM-EVENT] CVTextureCache.create | owner=UserMediaTextureFactory
[MEM-EVENT] VideoFrameProvider.init | obj=3089768789542091402
[MediaRestoreCoordinator] Restored video for block_01: presentOnReady=true, success
[MEM-EVENT] SceneInstanceRuntime.applyState | obj=4124515990010203966 id=BBB22040-71D4-4001-8BBD-73623FEC4324 restored=1
[MEM-EVENT] Runtime.create.complete | id=BBB22040-71D4-4001-8BBD-73623FEC4324 outcome=success total=1
[MEM-EVENT] SceneInstanceRuntime.prepare | obj=4124515990010203966 id=BBB22040-71D4-4001-8BBD-73623FEC4324 frame=0
[VideoFrameProvider] READY: BBB22040-71D4-4001-8BBD-73623FEC4324_block_01_61C3432D-B3F5-44B5-8C2C-103EE3850D7D.mov | dur=46.64s | sceneFPS=30.0 | trackFPS=25.00 | size=1920x1080 | transform=[0.0,1.0,-1.0,0.0,1080.0,0.0]
[SceneInstanceRuntime] Ready for presentation at frame 0: BBB22040-71D4-4001-8BBD-73623FEC4324
[DEBUG] compositeMaskedQuad params:
  quadIndexCount: 6
  quadIndexBuffer.length: 12
  bbox: x=296, y=0, w=578, h=1017
  content texture: 578x1017
  mask texture: 578x1017
[MEM-EVENT] audio.session.configure | ok=1
[MEM-EVENT] audio.session.activate.begin
[MEM-EVENT] audio.session.activate.end | ok=1
[MEM-EVENT] playback.audio.start.begin | compressedFrame=0 projectTimeUs=0 state=timelinePreview isPlayingBefore=0
[MEM-EVENT] displayLink.create | obj=4175345255548646732
[MEM-DIAG] playback.start | footprint: 91MB | resident: 96MB | available: 2981MB | metal: 49MB | SceneInstanceRuntime: 1 | UserMediaService: 2 | VideoFrameProvider: 1
[MEM-EVENT] playback.audio.previewStart.call | projectTimeUs=0 hostTime=195540.94719620838
[MEM-EVENT] preview.audio.select | toggle=ON controller=Canonical
[MEM-EVENT] preview.audio.start | dirty=1 hasPipeline=0 readiness=idle
[MEM-EVENT] preview.audio.canonical.legacyGateBypassed | seconds=0.0 hostTime=195540.94719620838
[MEM-EVENT] preview.audio.canonical.startPlayback.call | seconds=0.0
[MEM-EVENT] preview.audio.stage8.startPlayback.call | sinceStartMs=0.00 fromSeconds=0.0
[MEM-EVENT] preview.audio.stage8.plan.eval | sinceStartMs=4.99 elapsedMs=4.43 segments=2
[MEM-EVENT] preview.audio.canonical.plan | segments=2 fromSeconds=0.0
[MEM-EVENT] preview.audio.stage8.setup.end | sinceStartMs=77.42 graph+session+output+anchor done
[MEM-EVENT] preview.audio.canonical.preroll.build.begin | planSegments=2 range=0..<9600 gen=2
[MEM-EVENT] preview.audio.stage8.preroll.begin | sinceStartMs=77.50 range=0..<9600 sampleCount=9600 initialPrerollSamples=9600 maxChunkSamples=48000
[VideoFrameProvider] playback: 1 OK, 0 nil (0.0%) | itemTime=0.072s | lastExtracted=0.103s | active=true
[MEM-EVENT] preview.audio.canonical.firstFrameSignal | delivered=1
[MEM-EVENT] preview.audio.stage8.firstFrameSignal | sinceStartMs=78.66 barrierReason=firstFrameArrivedPrerollNotReady
[MEM-EVENT] preview.audio.canonical.render.begin | segments=2 range=0..<9600
[MEM-EVENT] preview.audio.stage8.cache.miss | range=0..<9600 revision=ProjectRevision(raw: 1) epoch=PlaybackEpoch(raw: 1) planIdLen=1066
[MEM-EVENT] preview.audio.stage8.render.decode | source=app.audio.source.imported:D50F6AD6-4D5B-4277-81C8-4C3E750ABC2D sourceStart=0/1 frameCount=9600 intersectionFrames=9600 elapsedMs=127.35
[MEM-EVENT] preview.audio.stage8.render.decode | source=app.audio.source.videoLayer:scene-0-BBB22040-71D4-4001-8BBD-73623FEC4324:block_01 sourceStart=0/1 frameCount=9600 intersectionFrames=9600 elapsedMs=27.09
[MEM-EVENT] preview.audio.stage8.render.total | range=0..<9600 segments=2 sources=2 elapsedMs=158.59
[MEM-EVENT] preview.audio.stage8.cache.store | range=0..<9600 revision=ProjectRevision(raw: 1) epoch=PlaybackEpoch(raw: 1) planIdLen=1066
[MEM-EVENT] preview.audio.canonical.render.end | sources=2
[MEM-EVENT] preview.audio.canonical.preroll.build.end | sourceCount=2 bufferCount=2
[MEM-EVENT] preview.audio.stage8.preroll.end | sinceStartMs=244.49 renderElapsedMs=166.99 sourceCount=2
[MEM-EVENT] preview.audio.stage8.barrier.cross | sinceStartMs=244.50
[MEM-EVENT] preview.audio.canonical.graph.schedule.begin | sources=2
[MEM-EVENT] preview.audio.canonical.graph.schedule.end | scheduled=1
[MEM-EVENT] preview.audio.stage8.graph.schedule.end | sinceStartMs=285.03 scheduleMs=40.52
[MEM-EVENT] preview.audio.canonical.engine.start.begin
[MEM-EVENT] preview.audio.canonical.player.play.begin
[MEM-EVENT] preview.audio.canonical.player.play.end
[MEM-EVENT] preview.audio.canonical.engine.start.end
[MEM-EVENT] preview.audio.stage8.player.play.end | sinceStartMs=285.07 playStartMs=0.03
[MEM-EVENT] preview.audio.canonical.scheduled | scheduled=1 sources=2 started=1
[MEM-EVENT] preview.audio.stage8.scheduled.total | sinceStartMs=285.08 totalStartToScheduledMs=285.08
[MEM-EVENT] preview.audio.canonical.nextChunk.requested | range=9600..<57600 gen=2 inFlight=1
[MEM-EVENT] preview.audio.canonical.nextChunk.render.begin | range=9600..<57600 gen=2
[MEM-EVENT] preview.audio.canonical.render.begin | segments=2 range=9600..<57600
[MEM-EVENT] preview.audio.stage8.cache.miss | range=9600..<57600 revision=ProjectRevision(raw: 1) epoch=PlaybackEpoch(raw: 1) planIdLen=1066
[MEM-EVENT] preview.audio.stage8.render.decode | source=app.audio.source.imported:D50F6AD6-4D5B-4277-81C8-4C3E750ABC2D sourceStart=1/5 frameCount=48000 intersectionFrames=48000 elapsedMs=31.09
[MEM-EVENT] preview.audio.stage8.render.decode | source=app.audio.source.videoLayer:scene-0-BBB22040-71D4-4001-8BBD-73623FEC4324:block_01 sourceStart=1/5 frameCount=48000 intersectionFrames=48000 elapsedMs=25.83
[MEM-EVENT] preview.audio.stage8.render.total | range=9600..<57600 segments=2 sources=2 elapsedMs=70.86
[MEM-EVENT] preview.audio.stage8.cache.store | range=9600..<57600 revision=ProjectRevision(raw: 1) epoch=PlaybackEpoch(raw: 1) planIdLen=1066
[MEM-EVENT] preview.audio.canonical.render.end | sources=2
[MEM-EVENT] preview.audio.canonical.nextChunk.render.end | range=9600..<57600 sourceCount=2
[MEM-EVENT] preview.audio.canonical.nextChunk.schedule.begin | range=9600..<57600 sources=2
[MEM-EVENT] preview.audio.canonical.nextChunk.schedule.end | range=9600..<57600 scheduled=1
[MEM-EVENT] preview.audio.canonical.nextChunk.requested | range=57600..<105600 gen=2 inFlight=1
[MEM-EVENT] preview.audio.canonical.nextChunk.render.begin | range=57600..<105600 gen=2
[MEM-EVENT] preview.audio.canonical.render.begin | segments=2 range=57600..<105600
[MEM-EVENT] preview.audio.stage8.cache.miss | range=57600..<105600 revision=ProjectRevision(raw: 1) epoch=PlaybackEpoch(raw: 1) planIdLen=1066
[MEM-EVENT] preview.audio.stage8.render.decode | source=app.audio.source.imported:D50F6AD6-4D5B-4277-81C8-4C3E750ABC2D sourceStart=6/5 frameCount=48000 intersectionFrames=48000 elapsedMs=29.80
[MEM-EVENT] preview.audio.stage8.render.decode | source=app.audio.source.videoLayer:scene-0-BBB22040-71D4-4001-8BBD-73623FEC4324:block_01 sourceStart=6/5 frameCount=48000 intersectionFrames=48000 elapsedMs=25.29
[MEM-EVENT] preview.audio.stage8.render.total | range=57600..<105600 segments=2 sources=2 elapsedMs=69.13
[MEM-EVENT] preview.audio.stage8.cache.store | range=57600..<105600 revision=ProjectRevision(raw: 1) epoch=PlaybackEpoch(raw: 1) planIdLen=1066
[MEM-EVENT] preview.audio.canonical.render.end | sources=2
[MEM-EVENT] preview.audio.canonical.nextChunk.render.end | range=57600..<105600 sourceCount=2
[MEM-EVENT] preview.audio.canonical.nextChunk.schedule.begin | range=57600..<105600 sources=2
[MEM-EVENT] preview.audio.canonical.nextChunk.schedule.end | range=57600..<105600 scheduled=1
[MEM-EVENT] preview.audio.canonical.nextChunk.requested | range=105600..<153600 gen=2 inFlight=1
[MEM-EVENT] preview.audio.canonical.nextChunk.render.begin | range=105600..<153600 gen=2
[MEM-EVENT] preview.audio.canonical.render.begin | segments=2 range=105600..<153600
[MEM-EVENT] preview.audio.stage8.cache.miss | range=105600..<153600 revision=ProjectRevision(raw: 1) epoch=PlaybackEpoch(raw: 1) planIdLen=1066
[MEM-EVENT] preview.audio.stage8.render.decode | source=app.audio.source.imported:D50F6AD6-4D5B-4277-81C8-4C3E750ABC2D sourceStart=11/5 frameCount=48000 intersectionFrames=48000 elapsedMs=30.06
[MEM-EVENT] preview.audio.stage8.render.decode | source=app.audio.source.videoLayer:scene-0-BBB22040-71D4-4001-8BBD-73623FEC4324:block_01 sourceStart=11/5 frameCount=48000 intersectionFrames=48000 elapsedMs=25.48
[MEM-EVENT] preview.audio.stage8.render.total | range=105600..<153600 segments=2 sources=2 elapsedMs=69.47
[MEM-EVENT] preview.audio.stage8.cache.store | range=105600..<153600 revision=ProjectRevision(raw: 1) epoch=PlaybackEpoch(raw: 1) planIdLen=1066
[MEM-EVENT] preview.audio.canonical.render.end | sources=2
[MEM-EVENT] preview.audio.canonical.nextChunk.render.end | range=105600..<153600 sourceCount=2
[MEM-EVENT] preview.audio.canonical.nextChunk.schedule.begin | range=105600..<153600 sources=2
[MEM-EVENT] preview.audio.canonical.nextChunk.schedule.end | range=105600..<153600 scheduled=1
[MEM-EVENT] preview.audio.canonical.nextChunk.requested | range=153600..<201600 gen=2 inFlight=1
[MEM-EVENT] preview.audio.canonical.nextChunk.render.begin | range=153600..<201600 gen=2
[MEM-EVENT] preview.audio.canonical.render.begin | segments=2 range=153600..<201600
[MEM-EVENT] preview.audio.stage8.cache.miss | range=153600..<201600 revision=ProjectRevision(raw: 1) epoch=PlaybackEpoch(raw: 1) planIdLen=1066
[MEM-EVENT] preview.audio.stage8.render.decode | source=app.audio.source.imported:D50F6AD6-4D5B-4277-81C8-4C3E750ABC2D sourceStart=16/5 frameCount=48000 intersectionFrames=48000 elapsedMs=30.42
[MEM-EVENT] preview.audio.stage8.render.decode | source=app.audio.source.videoLayer:scene-0-BBB22040-71D4-4001-8BBD-73623FEC4324:block_01 sourceStart=16/5 frameCount=48000 intersectionFrames=48000 elapsedMs=24.06
[MEM-EVENT] preview.audio.stage8.render.total | range=153600..<201600 segments=2 sources=2 elapsedMs=69.18
[MEM-EVENT] preview.audio.stage8.cache.store | range=153600..<201600 revision=ProjectRevision(raw: 1) epoch=PlaybackEpoch(raw: 1) planIdLen=1066
[MEM-EVENT] preview.audio.canonical.render.end | sources=2
[MEM-EVENT] preview.audio.canonical.nextChunk.render.end | range=153600..<201600 sourceCount=2
[MEM-EVENT] preview.audio.canonical.nextChunk.schedule.begin | range=153600..<201600 sources=2
[MEM-EVENT] preview.audio.canonical.nextChunk.schedule.end | range=153600..<201600 scheduled=1
[MEM-EVENT] preview.audio.canonical.nextChunk.requested | range=201600..<249600 gen=2 inFlight=1
[MEM-EVENT] preview.audio.canonical.nextChunk.render.begin | range=201600..<249600 gen=2
[MEM-EVENT] preview.audio.canonical.render.begin | segments=2 range=201600..<249600
[MEM-EVENT] preview.audio.stage8.cache.miss | range=201600..<249600 revision=ProjectRevision(raw: 1) epoch=PlaybackEpoch(raw: 1) planIdLen=1066
[MEM-EVENT] preview.audio.stage8.render.decode | source=app.audio.source.imported:D50F6AD6-4D5B-4277-81C8-4C3E750ABC2D sourceStart=21/5 frameCount=48000 intersectionFrames=48000 elapsedMs=31.25
[MEM-EVENT] preview.audio.stage8.render.decode | source=app.audio.source.videoLayer:scene-0-BBB22040-71D4-4001-8BBD-73623FEC4324:block_01 sourceStart=21/5 frameCount=48000 intersectionFrames=48000 elapsedMs=25.00
[MEM-EVENT] preview.audio.stage8.render.total | range=201600..<249600 segments=2 sources=2 elapsedMs=69.84
[MEM-EVENT] preview.audio.stage8.cache.store | range=201600..<249600 revision=ProjectRevision(raw: 1) epoch=PlaybackEpoch(raw: 1) planIdLen=1066
[MEM-EVENT] preview.audio.canonical.render.end | sources=2
[MEM-EVENT] preview.audio.canonical.nextChunk.render.end | range=201600..<249600 sourceCount=2
[MEM-EVENT] preview.audio.canonical.nextChunk.schedule.begin | range=201600..<249600 sources=2
[MEM-EVENT] preview.audio.canonical.nextChunk.schedule.end | range=201600..<249600 scheduled=1
[MEM-EVENT] preview.audio.canonical.nextChunk.requested | range=249600..<297600 gen=2 inFlight=1
[MEM-EVENT] preview.audio.canonical.nextChunk.render.begin | range=249600..<297600 gen=2
[MEM-EVENT] preview.audio.canonical.render.begin | segments=2 range=249600..<297600
[MEM-EVENT] preview.audio.stage8.cache.miss | range=249600..<297600 revision=ProjectRevision(raw: 1) epoch=PlaybackEpoch(raw: 1) planIdLen=1066
[MEM-EVENT] preview.audio.stage8.render.decode | source=app.audio.source.imported:D50F6AD6-4D5B-4277-81C8-4C3E750ABC2D sourceStart=26/5 frameCount=48000 intersectionFrames=48000 elapsedMs=30.91
[MEM-EVENT] preview.audio.stage8.render.decode | source=app.audio.source.videoLayer:scene-0-BBB22040-71D4-4001-8BBD-73623FEC4324:block_01 sourceStart=26/5 frameCount=48000 intersectionFrames=48000 elapsedMs=24.24
[MEM-EVENT] preview.audio.stage8.render.total | range=249600..<297600 segments=2 sources=2 elapsedMs=69.11
[MEM-EVENT] preview.audio.stage8.cache.store | range=249600..<297600 revision=ProjectRevision(raw: 1) epoch=PlaybackEpoch(raw: 1) planIdLen=1066
[MEM-EVENT] preview.audio.canonical.render.end | sources=2
[MEM-EVENT] preview.audio.canonical.nextChunk.render.end | range=249600..<297600 sourceCount=2
[MEM-EVENT] preview.audio.canonical.nextChunk.schedule.begin | range=249600..<297600 sources=2
[MEM-EVENT] preview.audio.canonical.nextChunk.schedule.end | range=249600..<297600 scheduled=1
[MEM-EVENT] preview.audio.canonical.nextChunk.requested | range=297600..<345600 gen=2 inFlight=1
[MEM-EVENT] preview.audio.canonical.nextChunk.render.begin | range=297600..<345600 gen=2
[MEM-EVENT] preview.audio.canonical.render.begin | segments=2 range=297600..<345600
[MEM-EVENT] preview.audio.stage8.cache.miss | range=297600..<345600 revision=ProjectRevision(raw: 1) epoch=PlaybackEpoch(raw: 1) planIdLen=1066
[MEM-EVENT] preview.audio.stage8.render.decode | source=app.audio.source.imported:D50F6AD6-4D5B-4277-81C8-4C3E750ABC2D sourceStart=31/5 frameCount=48000 intersectionFrames=48000 elapsedMs=31.31
[MEM-EVENT] preview.audio.stage8.render.decode | source=app.audio.source.videoLayer:scene-0-BBB22040-71D4-4001-8BBD-73623FEC4324:block_01 sourceStart=31/5 frameCount=48000 intersectionFrames=48000 elapsedMs=23.78
[MEM-EVENT] preview.audio.stage8.render.total | range=297600..<345600 segments=2 sources=2 elapsedMs=69.05
[MEM-EVENT] preview.audio.stage8.cache.store | range=297600..<345600 revision=ProjectRevision(raw: 1) epoch=PlaybackEpoch(raw: 1) planIdLen=1066
[MEM-EVENT] preview.audio.canonical.render.end | sources=2
[MEM-EVENT] preview.audio.canonical.nextChunk.render.end | range=297600..<345600 sourceCount=2
[MEM-EVENT] preview.audio.canonical.nextChunk.schedule.begin | range=297600..<345600 sources=2
[MEM-EVENT] preview.audio.canonical.nextChunk.schedule.end | range=297600..<345600 scheduled=1
[MEM-EVENT] preview.audio.canonical.nextChunk.requested | range=345600..<393600 gen=2 inFlight=1
[MEM-EVENT] preview.audio.canonical.nextChunk.render.begin | range=345600..<393600 gen=2
[MEM-EVENT] preview.audio.canonical.render.begin | segments=2 range=345600..<393600
[MEM-EVENT] preview.audio.stage8.cache.miss | range=345600..<393600 revision=ProjectRevision(raw: 1) epoch=PlaybackEpoch(raw: 1) planIdLen=1066
[MEM-EVENT] preview.audio.stage8.render.decode | source=app.audio.source.imported:D50F6AD6-4D5B-4277-81C8-4C3E750ABC2D sourceStart=36/5 frameCount=48000 intersectionFrames=48000 elapsedMs=30.25
[MEM-EVENT] preview.audio.stage8.render.decode | source=app.audio.source.videoLayer:scene-0-BBB22040-71D4-4001-8BBD-73623FEC4324:block_01 sourceStart=36/5 frameCount=48000 intersectionFrames=48000 elapsedMs=25.36
[MEM-EVENT] preview.audio.stage8.render.total | range=345600..<393600 segments=2 sources=2 elapsedMs=69.34
[MEM-EVENT] preview.audio.stage8.cache.store | range=345600..<393600 revision=ProjectRevision(raw: 1) epoch=PlaybackEpoch(raw: 1) planIdLen=1066
[MEM-EVENT] preview.audio.canonical.render.end | sources=2
[MEM-EVENT] preview.audio.canonical.nextChunk.render.end | range=345600..<393600 sourceCount=2
[MEM-EVENT] preview.audio.canonical.nextChunk.schedule.begin | range=345600..<393600 sources=2
[MEM-EVENT] preview.audio.canonical.nextChunk.schedule.end | range=345600..<393600 scheduled=1
[MEM-EVENT] preview.audio.canonical.nextChunk.requested | range=393600..<441600 gen=2 inFlight=1
[MEM-EVENT] preview.audio.canonical.nextChunk.render.begin | range=393600..<441600 gen=2
[MEM-EVENT] preview.audio.canonical.render.begin | segments=2 range=393600..<441600
[MEM-EVENT] preview.audio.stage8.cache.miss | range=393600..<441600 revision=ProjectRevision(raw: 1) epoch=PlaybackEpoch(raw: 1) planIdLen=1066
[MEM-EVENT] preview.audio.stage8.render.decode | source=app.audio.source.imported:D50F6AD6-4D5B-4277-81C8-4C3E750ABC2D sourceStart=41/5 frameCount=48000 intersectionFrames=48000 elapsedMs=29.25
[MEM-EVENT] preview.audio.stage8.render.decode | source=app.audio.source.videoLayer:scene-0-BBB22040-71D4-4001-8BBD-73623FEC4324:block_01 sourceStart=41/5 frameCount=48000 intersectionFrames=48000 elapsedMs=24.51
[MEM-EVENT] preview.audio.stage8.render.total | range=393600..<441600 segments=2 sources=2 elapsedMs=68.35
[MEM-EVENT] preview.audio.stage8.cache.store | range=393600..<441600 revision=ProjectRevision(raw: 1) epoch=PlaybackEpoch(raw: 1) planIdLen=1066
[MEM-EVENT] preview.audio.canonical.render.end | sources=2
[MEM-EVENT] preview.audio.canonical.nextChunk.render.end | range=393600..<441600 sourceCount=2
[MEM-EVENT] preview.audio.canonical.nextChunk.schedule.begin | range=393600..<441600 sources=2
[MEM-EVENT] preview.audio.canonical.nextChunk.schedule.end | range=393600..<441600 scheduled=1
[MEM-EVENT] preview.audio.canonical.nextChunk.requested | range=441600..<489600 gen=2 inFlight=1
[MEM-EVENT] preview.audio.canonical.nextChunk.render.begin | range=441600..<489600 gen=2
[MEM-EVENT] preview.audio.canonical.render.begin | segments=2 range=441600..<489600
[MEM-EVENT] preview.audio.stage8.cache.miss | range=441600..<489600 revision=ProjectRevision(raw: 1) epoch=PlaybackEpoch(raw: 1) planIdLen=1066
[MEM-EVENT] preview.audio.stage8.render.decode | source=app.audio.source.imported:D50F6AD6-4D5B-4277-81C8-4C3E750ABC2D sourceStart=46/5 frameCount=48000 intersectionFrames=48000 elapsedMs=30.02
[MEM-EVENT] preview.audio.stage8.render.decode | source=app.audio.source.videoLayer:scene-0-BBB22040-71D4-4001-8BBD-73623FEC4324:block_01 sourceStart=46/5 frameCount=48000 intersectionFrames=48000 elapsedMs=24.80
[MEM-EVENT] preview.audio.stage8.render.total | range=441600..<489600 segments=2 sources=2 elapsedMs=68.46
[MEM-EVENT] preview.audio.stage8.cache.store | range=441600..<489600 revision=ProjectRevision(raw: 1) epoch=PlaybackEpoch(raw: 1) planIdLen=1066
[MEM-EVENT] preview.audio.canonical.render.end | sources=2
[MEM-EVENT] preview.audio.canonical.nextChunk.render.end | range=441600..<489600 sourceCount=2
[MEM-EVENT] preview.audio.canonical.nextChunk.schedule.begin | range=441600..<489600 sources=2
[MEM-EVENT] preview.audio.canonical.nextChunk.schedule.end | range=441600..<489600 scheduled=1
[MEM-EVENT] preview.audio.canonical.nextChunk.requested | range=489600..<537600 gen=2 inFlight=1
[MEM-EVENT] preview.audio.canonical.nextChunk.render.begin | range=489600..<537600 gen=2
[MEM-EVENT] preview.audio.canonical.render.begin | segments=2 range=489600..<537600
[MEM-EVENT] preview.audio.stage8.cache.miss | range=489600..<537600 revision=ProjectRevision(raw: 1) epoch=PlaybackEpoch(raw: 1) planIdLen=1066
[MEM-EVENT] preview.audio.stage8.render.decode | source=app.audio.source.imported:D50F6AD6-4D5B-4277-81C8-4C3E750ABC2D sourceStart=51/5 frameCount=48000 intersectionFrames=48000 elapsedMs=27.81
[MEM-EVENT] preview.audio.stage8.render.decode | source=app.audio.source.videoLayer:scene-0-BBB22040-71D4-4001-8BBD-73623FEC4324:block_01 sourceStart=51/5 frameCount=48000 intersectionFrames=48000 elapsedMs=24.22
[MEM-EVENT] preview.audio.stage8.render.total | range=489600..<537600 segments=2 sources=2 elapsedMs=66.02
[MEM-EVENT] preview.audio.stage8.cache.store | range=489600..<537600 revision=ProjectRevision(raw: 1) epoch=PlaybackEpoch(raw: 1) planIdLen=1066
[MEM-EVENT] preview.audio.canonical.render.end | sources=2
[MEM-EVENT] preview.audio.canonical.nextChunk.render.end | range=489600..<537600 sourceCount=2
[MEM-EVENT] preview.audio.canonical.nextChunk.schedule.begin | range=489600..<537600 sources=2
[MEM-EVENT] preview.audio.canonical.nextChunk.schedule.end | range=489600..<537600 scheduled=1
[MEM-EVENT] preview.audio.canonical.nextChunk.requested | range=537600..<585600 gen=2 inFlight=1
[MEM-EVENT] preview.audio.canonical.nextChunk.render.begin | range=537600..<585600 gen=2
[MEM-EVENT] playback.audio.stop.begin
[MEM-EVENT] displayLink.invalidate | obj=4175345255548646732
[MEM-EVENT] VideoFrameProvider.stopPlayback | obj=3089768789542091402 flush=false hasPlaybackTex=true hasStillTex=true hasInteractiveTex=false hasHoldTex=false
[MEM-EVENT] playback.idleReclaim.skip | reason=scrubActive
[MEM-EVENT] preview.audio.canonical.render.begin | segments=2 range=537600..<585600
[MEM-EVENT] preview.audio.stage8.cache.miss | range=537600..<585600 revision=ProjectRevision(raw: 1) epoch=PlaybackEpoch(raw: 1) planIdLen=1066
[MEM-EVENT] preview.audio.stage8.render.decode | source=app.audio.source.imported:D50F6AD6-4D5B-4277-81C8-4C3E750ABC2D sourceStart=56/5 frameCount=48000 intersectionFrames=48000 elapsedMs=76.89
[MEM-EVENT] preview.audio.stage8.render.decode | source=app.audio.source.videoLayer:scene-0-BBB22040-71D4-4001-8BBD-73623FEC4324:block_01 sourceStart=56/5 frameCount=48000 intersectionFrames=48000 elapsedMs=29.50
[MEM-EVENT] preview.audio.stage8.render.total | range=537600..<585600 segments=2 sources=2 elapsedMs=121.73
[MEM-EVENT] preview.audio.stage8.cache.store | range=537600..<585600 revision=ProjectRevision(raw: 1) epoch=PlaybackEpoch(raw: 1) planIdLen=1066
[MEM-EVENT] preview.audio.canonical.render.end | sources=2
[MEM-EVENT] preview.audio.canonical.nextChunk.dropped | gen=2 current=4 reason=staleOrStopped
[PERF] FPS: 27.0 | CPU: 41.2% (1core), 6.9% (all) | MEM: 108MB res, 209MB foot | GPU: n/a | DRAW: avg 0.00ms, p95 0.00ms, max 0.00ms
[SCRUB-DIAG] FINAL - scroll: 0.0/s | scrubChanged: 0.0/s | playhead: 0.0/s (elapsed: 0.36s)
[MEM-EVENT] audio.session.activate.begin
[MEM-EVENT] audio.session.activate.end | ok=1
[MEM-EVENT] playback.audio.start.begin | compressedFrame=353 projectTimeUs=11766666 state=timelinePreview isPlayingBefore=0
[MEM-EVENT] displayLink.create | obj=4175345255548646732
[MEM-DIAG] playback.start | footprint: 192MB | resident: 100MB | available: 2880MB | metal: 149MB | SceneInstanceRuntime: 1 | UserMediaService: 2 | VideoFrameProvider: 1
[MEM-EVENT] playback.audio.previewStart.call | projectTimeUs=11766666 hostTime=195543.15254645838
[MEM-EVENT] preview.audio.select | toggle=ON controller=Canonical
[MEM-EVENT] preview.audio.start | dirty=0 hasPipeline=1 readiness=primed
[MEM-EVENT] preview.audio.canonical.legacyGateBypassed | seconds=11.766666 hostTime=195543.15254645838
[MEM-EVENT] preview.audio.canonical.startPlayback.call | seconds=11.766666
[MEM-EVENT] preview.audio.stage8.startPlayback.call | sinceStartMs=0.01 fromSeconds=11.766666
[MEM-EVENT] preview.audio.stage8.plan.eval | sinceStartMs=4.38 elapsedMs=4.24 segments=2
[MEM-EVENT] preview.audio.canonical.plan | segments=2 fromSeconds=11.766666
[MEM-EVENT] preview.audio.stage8.setup.end | sinceStartMs=8.42 graph+session+output+anchor done
[MEM-EVENT] preview.audio.canonical.preroll.build.begin | planSegments=2 range=564799..<574399 gen=5
[MEM-EVENT] preview.audio.stage8.preroll.begin | sinceStartMs=8.54 range=564799..<574399 sampleCount=9600 initialPrerollSamples=9600 maxChunkSamples=48000
[MEM-EVENT] preview.audio.canonical.render.begin | segments=2 range=564799..<574399
[MEM-EVENT] preview.audio.stage8.cache.miss | range=564799..<574399 revision=ProjectRevision(raw: 2) epoch=PlaybackEpoch(raw: 2) planIdLen=1066
[VideoFrameProvider] playback: 36 OK, 0 nil (0.0%) | itemTime=1.303s | lastExtracted=1.302s | active=true
[MEM-EVENT] preview.audio.canonical.firstFrameSignal | delivered=1
[MEM-EVENT] preview.audio.stage8.firstFrameSignal | sinceStartMs=14.64 barrierReason=firstFrameArrivedPrerollNotReady
[MEM-EVENT] preview.audio.stage8.render.decode | source=app.audio.source.imported:D50F6AD6-4D5B-4277-81C8-4C3E750ABC2D sourceStart=564799/48000 frameCount=9600 intersectionFrames=9600 elapsedMs=69.50
[MEM-EVENT] preview.audio.stage8.render.decode | source=app.audio.source.videoLayer:scene-0-BBB22040-71D4-4001-8BBD-73623FEC4324:block_01 sourceStart=564799/48000 frameCount=9600 intersectionFrames=9600 elapsedMs=33.89
[MEM-EVENT] preview.audio.stage8.render.total | range=564799..<574399 segments=2 sources=2 elapsedMs=108.07
[MEM-EVENT] preview.audio.stage8.cache.store | range=564799..<574399 revision=ProjectRevision(raw: 2) epoch=PlaybackEpoch(raw: 2) planIdLen=1066
[MEM-EVENT] preview.audio.canonical.render.end | sources=2
[MEM-EVENT] preview.audio.canonical.preroll.build.end | sourceCount=2 bufferCount=2
[MEM-EVENT] preview.audio.stage8.preroll.end | sinceStartMs=117.28 renderElapsedMs=108.75 sourceCount=2
[MEM-EVENT] preview.audio.stage8.barrier.cross | sinceStartMs=117.29
[MEM-EVENT] preview.audio.canonical.graph.schedule.begin | sources=2
[MEM-EVENT] preview.audio.canonical.graph.schedule.end | scheduled=1
[MEM-EVENT] preview.audio.stage8.graph.schedule.end | sinceStartMs=150.35 scheduleMs=33.05
[MEM-EVENT] preview.audio.canonical.engine.start.begin
[MEM-EVENT] preview.audio.canonical.player.play.begin
[MEM-EVENT] preview.audio.canonical.player.play.end
[MEM-EVENT] preview.audio.canonical.engine.start.end
[MEM-EVENT] preview.audio.stage8.player.play.end | sinceStartMs=150.38 playStartMs=0.02
[MEM-EVENT] preview.audio.canonical.scheduled | scheduled=1 sources=2 started=1
[MEM-EVENT] preview.audio.stage8.scheduled.total | sinceStartMs=150.39 totalStartToScheduledMs=150.38
[MEM-EVENT] preview.audio.canonical.nextChunk.requested | range=574399..<622399 gen=6 inFlight=1
[MEM-EVENT] preview.audio.canonical.nextChunk.render.begin | range=574399..<622399 gen=6
[MEM-EVENT] preview.audio.canonical.render.begin | segments=2 range=574399..<622399
[MEM-EVENT] preview.audio.stage8.cache.miss | range=574399..<622399 revision=ProjectRevision(raw: 2) epoch=PlaybackEpoch(raw: 2) planIdLen=1066
[MEM-EVENT] preview.audio.stage8.render.decode | source=app.audio.source.imported:D50F6AD6-4D5B-4277-81C8-4C3E750ABC2D sourceStart=574399/48000 frameCount=48000 intersectionFrames=48000 elapsedMs=30.72
[MEM-EVENT] preview.audio.stage8.render.decode | source=app.audio.source.videoLayer:scene-0-BBB22040-71D4-4001-8BBD-73623FEC4324:block_01 sourceStart=574399/48000 frameCount=48000 intersectionFrames=48000 elapsedMs=25.26
[MEM-EVENT] preview.audio.stage8.render.total | range=574399..<622399 segments=2 sources=2 elapsedMs=69.79
[MEM-EVENT] preview.audio.stage8.cache.store | range=574399..<622399 revision=ProjectRevision(raw: 2) epoch=PlaybackEpoch(raw: 2) planIdLen=1066
[MEM-EVENT] preview.audio.canonical.render.end | sources=2
[MEM-EVENT] preview.audio.canonical.nextChunk.render.end | range=574399..<622399 sourceCount=2
[MEM-EVENT] preview.audio.canonical.nextChunk.schedule.begin | range=574399..<622399 sources=2
[MEM-EVENT] preview.audio.canonical.nextChunk.schedule.end | range=574399..<622399 scheduled=1
[MEM-EVENT] preview.audio.canonical.nextChunk.requested | range=622399..<670399 gen=6 inFlight=1
[MEM-EVENT] preview.audio.canonical.nextChunk.render.begin | range=622399..<670399 gen=6
[MEM-EVENT] preview.audio.canonical.render.begin | segments=2 range=622399..<670399
[MEM-EVENT] preview.audio.stage8.cache.miss | range=622399..<670399 revision=ProjectRevision(raw: 2) epoch=PlaybackEpoch(raw: 2) planIdLen=1066
[MEM-EVENT] preview.audio.stage8.render.decode | source=app.audio.source.imported:D50F6AD6-4D5B-4277-81C8-4C3E750ABC2D sourceStart=622399/48000 frameCount=48000 intersectionFrames=48000 elapsedMs=30.94
[MEM-EVENT] preview.audio.stage8.render.decode | source=app.audio.source.videoLayer:scene-0-BBB22040-71D4-4001-8BBD-73623FEC4324:block_01 sourceStart=622399/48000 frameCount=48000 intersectionFrames=48000 elapsedMs=23.71
[MEM-EVENT] preview.audio.stage8.render.total | range=622399..<670399 segments=2 sources=2 elapsedMs=68.90
[MEM-EVENT] preview.audio.stage8.cache.store | range=622399..<670399 revision=ProjectRevision(raw: 2) epoch=PlaybackEpoch(raw: 2) planIdLen=1066
[MEM-EVENT] preview.audio.canonical.render.end | sources=2
[MEM-EVENT] preview.audio.canonical.nextChunk.render.end | range=622399..<670399 sourceCount=2
[MEM-EVENT] preview.audio.canonical.nextChunk.schedule.begin | range=622399..<670399 sources=2
[MEM-EVENT] preview.audio.canonical.nextChunk.schedule.end | range=622399..<670399 scheduled=1
[MEM-EVENT] preview.audio.canonical.nextChunk.requested | range=670399..<718399 gen=6 inFlight=1
[MEM-EVENT] preview.audio.canonical.nextChunk.render.begin | range=670399..<718399 gen=6
[MEM-EVENT] preview.audio.canonical.render.begin | segments=2 range=670399..<718399
[MEM-EVENT] preview.audio.stage8.cache.miss | range=670399..<718399 revision=ProjectRevision(raw: 2) epoch=PlaybackEpoch(raw: 2) planIdLen=1066
[MEM-EVENT] preview.audio.stage8.render.decode | source=app.audio.source.imported:D50F6AD6-4D5B-4277-81C8-4C3E750ABC2D sourceStart=670399/48000 frameCount=48000 intersectionFrames=48000 elapsedMs=30.37
[MEM-EVENT] preview.audio.stage8.render.decode | source=app.audio.source.videoLayer:scene-0-BBB22040-71D4-4001-8BBD-73623FEC4324:block_01 sourceStart=670399/48000 frameCount=48000 intersectionFrames=48000 elapsedMs=25.92
[MEM-EVENT] preview.audio.stage8.render.total | range=670399..<718399 segments=2 sources=2 elapsedMs=70.04
[MEM-EVENT] preview.audio.stage8.cache.store | range=670399..<718399 revision=ProjectRevision(raw: 2) epoch=PlaybackEpoch(raw: 2) planIdLen=1066
[MEM-EVENT] preview.audio.canonical.render.end | sources=2
[MEM-EVENT] preview.audio.canonical.nextChunk.render.end | range=670399..<718399 sourceCount=2
[MEM-EVENT] preview.audio.canonical.nextChunk.schedule.begin | range=670399..<718399 sources=2
[MEM-EVENT] preview.audio.canonical.nextChunk.schedule.end | range=670399..<718399 scheduled=1
[MEM-EVENT] preview.audio.canonical.nextChunk.requested | range=718399..<766399 gen=6 inFlight=1
[MEM-EVENT] preview.audio.canonical.nextChunk.render.begin | range=718399..<766399 gen=6
[MEM-EVENT] preview.audio.canonical.render.begin | segments=2 range=718399..<766399
[MEM-EVENT] preview.audio.stage8.cache.miss | range=718399..<766399 revision=ProjectRevision(raw: 2) epoch=PlaybackEpoch(raw: 2) planIdLen=1066
[MEM-EVENT] preview.audio.stage8.render.decode | source=app.audio.source.imported:D50F6AD6-4D5B-4277-81C8-4C3E750ABC2D sourceStart=718399/48000 frameCount=48000 intersectionFrames=48000 elapsedMs=29.65
[MEM-EVENT] preview.audio.stage8.render.decode | source=app.audio.source.videoLayer:scene-0-BBB22040-71D4-4001-8BBD-73623FEC4324:block_01 sourceStart=718399/48000 frameCount=48000 intersectionFrames=48000 elapsedMs=26.09
[MEM-EVENT] preview.audio.stage8.render.total | range=718399..<766399 segments=2 sources=2 elapsedMs=69.43
[MEM-EVENT] preview.audio.stage8.cache.store | range=718399..<766399 revision=ProjectRevision(raw: 2) epoch=PlaybackEpoch(raw: 2) planIdLen=1066
[MEM-EVENT] preview.audio.canonical.render.end | sources=2
[MEM-EVENT] preview.audio.canonical.nextChunk.render.end | range=718399..<766399 sourceCount=2
[MEM-EVENT] preview.audio.canonical.nextChunk.schedule.begin | range=718399..<766399 sources=2
[MEM-EVENT] preview.audio.canonical.nextChunk.schedule.end | range=718399..<766399 scheduled=1
[MEM-EVENT] preview.audio.canonical.nextChunk.requested | range=766399..<814399 gen=6 inFlight=1
[MEM-EVENT] preview.audio.canonical.nextChunk.render.begin | range=766399..<814399 gen=6
[MEM-EVENT] preview.audio.canonical.render.begin | segments=2 range=766399..<814399
[MEM-EVENT] preview.audio.stage8.cache.miss | range=766399..<814399 revision=ProjectRevision(raw: 2) epoch=PlaybackEpoch(raw: 2) planIdLen=1066
[MEM-EVENT] preview.audio.stage8.render.decode | source=app.audio.source.imported:D50F6AD6-4D5B-4277-81C8-4C3E750ABC2D sourceStart=766399/48000 frameCount=48000 intersectionFrames=48000 elapsedMs=30.01
[MEM-EVENT] preview.audio.stage8.render.decode | source=app.audio.source.videoLayer:scene-0-BBB22040-71D4-4001-8BBD-73623FEC4324:block_01 sourceStart=766399/48000 frameCount=48000 intersectionFrames=48000 elapsedMs=24.87
[MEM-EVENT] preview.audio.stage8.render.total | range=766399..<814399 segments=2 sources=2 elapsedMs=69.01
[MEM-EVENT] preview.audio.stage8.cache.store | range=766399..<814399 revision=ProjectRevision(raw: 2) epoch=PlaybackEpoch(raw: 2) planIdLen=1066
[MEM-EVENT] preview.audio.canonical.render.end | sources=2
[MEM-EVENT] preview.audio.canonical.nextChunk.render.end | range=766399..<814399 sourceCount=2
[MEM-EVENT] preview.audio.canonical.nextChunk.schedule.begin | range=766399..<814399 sources=2
[MEM-EVENT] preview.audio.canonical.nextChunk.schedule.end | range=766399..<814399 scheduled=1
[MEM-EVENT] preview.audio.canonical.nextChunk.requested | range=814399..<824801 gen=6 inFlight=1
[MEM-EVENT] preview.audio.canonical.nextChunk.render.begin | range=814399..<824801 gen=6
[MEM-EVENT] preview.audio.canonical.render.begin | segments=2 range=814399..<824801
[MEM-EVENT] preview.audio.stage8.cache.miss | range=814399..<824801 revision=ProjectRevision(raw: 2) epoch=PlaybackEpoch(raw: 2) planIdLen=1066
[MEM-EVENT] preview.audio.stage8.render.decode | source=app.audio.source.imported:D50F6AD6-4D5B-4277-81C8-4C3E750ABC2D sourceStart=814399/48000 frameCount=10401 intersectionFrames=10402 elapsedMs=26.21
[MEM-EVENT] preview.audio.stage8.render.decode | source=app.audio.source.videoLayer:scene-0-BBB22040-71D4-4001-8BBD-73623FEC4324:block_01 sourceStart=814399/48000 frameCount=10401 intersectionFrames=10402 elapsedMs=26.80
[MEM-EVENT] preview.audio.stage8.render.total | range=814399..<824801 segments=2 sources=2 elapsedMs=56.39
[MEM-EVENT] preview.audio.stage8.cache.store | range=814399..<824801 revision=ProjectRevision(raw: 2) epoch=PlaybackEpoch(raw: 2) planIdLen=1066
[MEM-EVENT] preview.audio.canonical.render.end | sources=2
[MEM-EVENT] preview.audio.canonical.nextChunk.render.end | range=814399..<824801 sourceCount=2
[MEM-EVENT] preview.audio.canonical.nextChunk.schedule.begin | range=814399..<824801 sources=2
[MEM-EVENT] preview.audio.canonical.nextChunk.schedule.end | range=814399..<824801 scheduled=1
[MEM-EVENT] preview.audio.canonical.nextChunk.endOfPlan | planEnd=824801
[MEM-EVENT] playback.audio.stop.begin
[MEM-EVENT] displayLink.invalidate | obj=4175345255548646732
[MEM-EVENT] VideoFrameProvider.stopPlayback | obj=3089768789542091402 flush=false hasPlaybackTex=true hasStillTex=true hasInteractiveTex=true hasHoldTex=false
[MEM-EVENT] playback.idleReclaim.skip | reason=scrubActive
[SCRUB-DIAG] FINAL - scroll: 0.0/s | scrubChanged: 0.0/s | playhead: 0.0/s (elapsed: 1.68s)
[PERF] FPS: 22.5 | CPU: 14.2% (1core), 2.4% (all) | MEM: 108MB res, 211MB foot | GPU: n/a | DRAW: avg 0.00ms, p95 0.00ms, max 0.00ms
[MEM-EVENT] audio.session.activate.begin
[MEM-EVENT] audio.session.activate.end | ok=1
[MEM-EVENT] playback.audio.start.begin | compressedFrame=253 projectTimeUs=8433333 state=timelinePreview isPlayingBefore=0
[MEM-EVENT] displayLink.create | obj=4175345255548646732
[MEM-DIAG] playback.start | footprint: 195MB | resident: 100MB | available: 2876MB | metal: 149MB | SceneInstanceRuntime: 1 | UserMediaService: 2 | VideoFrameProvider: 1
[MEM-EVENT] playback.audio.previewStart.call | projectTimeUs=8433333 hostTime=195544.81102229172
[MEM-EVENT] preview.audio.select | toggle=ON controller=Canonical
[MEM-EVENT] preview.audio.start | dirty=0 hasPipeline=1 readiness=primed
[MEM-EVENT] preview.audio.canonical.legacyGateBypassed | seconds=8.433333 hostTime=195544.81102229172
[MEM-EVENT] preview.audio.canonical.startPlayback.call | seconds=8.433333
[MEM-EVENT] preview.audio.stage8.startPlayback.call | sinceStartMs=0.01 fromSeconds=8.433333
[MEM-EVENT] preview.audio.stage8.plan.eval | sinceStartMs=4.33 elapsedMs=4.18 segments=2
[MEM-EVENT] preview.audio.canonical.plan | segments=2 fromSeconds=8.433333
[MEM-EVENT] preview.audio.stage8.setup.end | sinceStartMs=8.45 graph+session+output+anchor done
[MEM-EVENT] preview.audio.canonical.preroll.build.begin | planSegments=2 range=404799..<414399 gen=8
[MEM-EVENT] preview.audio.stage8.preroll.begin | sinceStartMs=8.57 range=404799..<414399 sampleCount=9600 initialPrerollSamples=9600 maxChunkSamples=48000
[MEM-EVENT] preview.audio.canonical.render.begin | segments=2 range=404799..<414399
[MEM-EVENT] preview.audio.stage8.cache.miss | range=404799..<414399 revision=ProjectRevision(raw: 3) epoch=PlaybackEpoch(raw: 3) planIdLen=1066
[MEM-EVENT] preview.audio.canonical.firstFrameSignal | delivered=1
[MEM-EVENT] preview.audio.stage8.firstFrameSignal | sinceStartMs=12.67 barrierReason=firstFrameArrivedPrerollNotReady
[MEM-EVENT] preview.audio.stage8.render.decode | source=app.audio.source.imported:D50F6AD6-4D5B-4277-81C8-4C3E750ABC2D sourceStart=134933/16000 frameCount=9600 intersectionFrames=9600 elapsedMs=72.55
[MEM-EVENT] preview.audio.stage8.render.decode | source=app.audio.source.videoLayer:scene-0-BBB22040-71D4-4001-8BBD-73623FEC4324:block_01 sourceStart=134933/16000 frameCount=9600 intersectionFrames=9600 elapsedMs=33.80
[MEM-EVENT] preview.audio.stage8.render.total | range=404799..<414399 segments=2 sources=2 elapsedMs=110.38
[MEM-EVENT] preview.audio.stage8.cache.store | range=404799..<414399 revision=ProjectRevision(raw: 3) epoch=PlaybackEpoch(raw: 3) planIdLen=1066
[MEM-EVENT] preview.audio.canonical.render.end | sources=2
[MEM-EVENT] preview.audio.canonical.preroll.build.end | sourceCount=2 bufferCount=2
[MEM-EVENT] preview.audio.stage8.preroll.end | sinceStartMs=119.58 renderElapsedMs=111.01 sourceCount=2
[MEM-EVENT] preview.audio.stage8.barrier.cross | sinceStartMs=119.59
[MEM-EVENT] preview.audio.canonical.graph.schedule.begin | sources=2
[MEM-EVENT] preview.audio.canonical.graph.schedule.end | scheduled=1
[MEM-EVENT] preview.audio.stage8.graph.schedule.end | sinceStartMs=155.83 scheduleMs=36.23
[MEM-EVENT] preview.audio.canonical.engine.start.begin
[MEM-EVENT] preview.audio.canonical.player.play.begin
[MEM-EVENT] preview.audio.canonical.player.play.end
[MEM-EVENT] preview.audio.canonical.engine.start.end
[MEM-EVENT] preview.audio.stage8.player.play.end | sinceStartMs=155.86 playStartMs=0.02
[MEM-EVENT] preview.audio.canonical.scheduled | scheduled=1 sources=2 started=1
[MEM-EVENT] preview.audio.stage8.scheduled.total | sinceStartMs=155.87 totalStartToScheduledMs=155.86
[MEM-EVENT] preview.audio.canonical.nextChunk.requested | range=414399..<462399 gen=10 inFlight=1
[MEM-EVENT] preview.audio.canonical.nextChunk.render.begin | range=414399..<462399 gen=10
[MEM-EVENT] preview.audio.canonical.render.begin | segments=2 range=414399..<462399
[MEM-EVENT] preview.audio.stage8.cache.miss | range=414399..<462399 revision=ProjectRevision(raw: 3) epoch=PlaybackEpoch(raw: 3) planIdLen=1066
[MEM-EVENT] preview.audio.stage8.render.decode | source=app.audio.source.imported:D50F6AD6-4D5B-4277-81C8-4C3E750ABC2D sourceStart=138133/16000 frameCount=48000 intersectionFrames=48000 elapsedMs=31.30
[MEM-EVENT] preview.audio.stage8.render.decode | source=app.audio.source.videoLayer:scene-0-BBB22040-71D4-4001-8BBD-73623FEC4324:block_01 sourceStart=138133/16000 frameCount=48000 intersectionFrames=48000 elapsedMs=25.11
[MEM-EVENT] preview.audio.stage8.render.total | range=414399..<462399 segments=2 sources=2 elapsedMs=70.30
[MEM-EVENT] preview.audio.stage8.cache.store | range=414399..<462399 revision=ProjectRevision(raw: 3) epoch=PlaybackEpoch(raw: 3) planIdLen=1066
[MEM-EVENT] preview.audio.canonical.render.end | sources=2
[MEM-EVENT] preview.audio.canonical.nextChunk.render.end | range=414399..<462399 sourceCount=2
[MEM-EVENT] preview.audio.canonical.nextChunk.schedule.begin | range=414399..<462399 sources=2
[MEM-EVENT] preview.audio.canonical.nextChunk.schedule.end | range=414399..<462399 scheduled=1
[MEM-EVENT] preview.audio.canonical.nextChunk.requested | range=462399..<510399 gen=10 inFlight=1
[MEM-EVENT] preview.audio.canonical.nextChunk.render.begin | range=462399..<510399 gen=10
[MEM-EVENT] preview.audio.canonical.render.begin | segments=2 range=462399..<510399
[MEM-EVENT] preview.audio.stage8.cache.miss | range=462399..<510399 revision=ProjectRevision(raw: 3) epoch=PlaybackEpoch(raw: 3) planIdLen=1066
[MEM-EVENT] preview.audio.stage8.render.decode | source=app.audio.source.imported:D50F6AD6-4D5B-4277-81C8-4C3E750ABC2D sourceStart=154133/16000 frameCount=48000 intersectionFrames=48000 elapsedMs=30.63
[MEM-EVENT] preview.audio.stage8.render.decode | source=app.audio.source.videoLayer:scene-0-BBB22040-71D4-4001-8BBD-73623FEC4324:block_01 sourceStart=154133/16000 frameCount=48000 intersectionFrames=48000 elapsedMs=24.99
[MEM-EVENT] preview.audio.stage8.render.total | range=462399..<510399 segments=2 sources=2 elapsedMs=69.34
[MEM-EVENT] preview.audio.stage8.cache.store | range=462399..<510399 revision=ProjectRevision(raw: 3) epoch=PlaybackEpoch(raw: 3) planIdLen=1066
[MEM-EVENT] preview.audio.canonical.render.end | sources=2
[MEM-EVENT] preview.audio.canonical.nextChunk.render.end | range=462399..<510399 sourceCount=2
[MEM-EVENT] preview.audio.canonical.nextChunk.schedule.begin | range=462399..<510399 sources=2
[MEM-EVENT] preview.audio.canonical.nextChunk.schedule.end | range=462399..<510399 scheduled=1
[MEM-EVENT] preview.audio.canonical.nextChunk.requested | range=510399..<558399 gen=10 inFlight=1
[MEM-EVENT] preview.audio.canonical.nextChunk.render.begin | range=510399..<558399 gen=10
[MEM-EVENT] preview.audio.canonical.render.begin | segments=2 range=510399..<558399
[MEM-EVENT] preview.audio.stage8.cache.miss | range=510399..<558399 revision=ProjectRevision(raw: 3) epoch=PlaybackEpoch(raw: 3) planIdLen=1066
[MEM-EVENT] preview.audio.stage8.render.decode | source=app.audio.source.imported:D50F6AD6-4D5B-4277-81C8-4C3E750ABC2D sourceStart=170133/16000 frameCount=48000 intersectionFrames=48000 elapsedMs=31.52
[VideoFrameProvider] playback: 38 OK, 2 nil (5.0%) | itemTime=8.803s | lastExtracted=8.837s | active=true
[MEM-EVENT] preview.audio.stage8.render.decode | source=app.audio.source.videoLayer:scene-0-BBB22040-71D4-4001-8BBD-73623FEC4324:block_01 sourceStart=170133/16000 frameCount=48000 intersectionFrames=48000 elapsedMs=23.23
[MEM-EVENT] preview.audio.stage8.render.total | range=510399..<558399 segments=2 sources=2 elapsedMs=68.92
[MEM-EVENT] preview.audio.stage8.cache.store | range=510399..<558399 revision=ProjectRevision(raw: 3) epoch=PlaybackEpoch(raw: 3) planIdLen=1066
[MEM-EVENT] preview.audio.canonical.render.end | sources=2
[MEM-EVENT] preview.audio.canonical.nextChunk.render.end | range=510399..<558399 sourceCount=2
[MEM-EVENT] preview.audio.canonical.nextChunk.schedule.begin | range=510399..<558399 sources=2
[MEM-EVENT] preview.audio.canonical.nextChunk.schedule.end | range=510399..<558399 scheduled=1
[MEM-EVENT] preview.audio.canonical.nextChunk.requested | range=558399..<606399 gen=10 inFlight=1
[MEM-EVENT] preview.audio.canonical.nextChunk.render.begin | range=558399..<606399 gen=10
[MEM-EVENT] preview.audio.canonical.render.begin | segments=2 range=558399..<606399
[MEM-EVENT] preview.audio.stage8.cache.miss | range=558399..<606399 revision=ProjectRevision(raw: 3) epoch=PlaybackEpoch(raw: 3) planIdLen=1066
[MEM-EVENT] preview.audio.stage8.render.decode | source=app.audio.source.imported:D50F6AD6-4D5B-4277-81C8-4C3E750ABC2D sourceStart=186133/16000 frameCount=48000 intersectionFrames=48000 elapsedMs=29.10
[MEM-EVENT] preview.audio.stage8.render.decode | source=app.audio.source.videoLayer:scene-0-BBB22040-71D4-4001-8BBD-73623FEC4324:block_01 sourceStart=186133/16000 frameCount=48000 intersectionFrames=48000 elapsedMs=26.96
[MEM-EVENT] preview.audio.stage8.render.total | range=558399..<606399 segments=2 sources=2 elapsedMs=69.88
[MEM-EVENT] preview.audio.stage8.cache.store | range=558399..<606399 revision=ProjectRevision(raw: 3) epoch=PlaybackEpoch(raw: 3) planIdLen=1066
[MEM-EVENT] preview.audio.canonical.render.end | sources=2
[MEM-EVENT] preview.audio.canonical.nextChunk.render.end | range=558399..<606399 sourceCount=2
[MEM-EVENT] preview.audio.canonical.nextChunk.schedule.begin | range=558399..<606399 sources=2
[MEM-EVENT] preview.audio.canonical.nextChunk.schedule.end | range=558399..<606399 scheduled=1
[MEM-EVENT] preview.audio.canonical.nextChunk.requested | range=606399..<654399 gen=10 inFlight=1
[MEM-EVENT] preview.audio.canonical.nextChunk.render.begin | range=606399..<654399 gen=10
[MEM-EVENT] preview.audio.canonical.render.begin | segments=2 range=606399..<654399
[MEM-EVENT] preview.audio.stage8.cache.miss | range=606399..<654399 revision=ProjectRevision(raw: 3) epoch=PlaybackEpoch(raw: 3) planIdLen=1066
[MEM-EVENT] preview.audio.stage8.render.decode | source=app.audio.source.imported:D50F6AD6-4D5B-4277-81C8-4C3E750ABC2D sourceStart=202133/16000 frameCount=48000 intersectionFrames=48000 elapsedMs=29.04
[MEM-EVENT] preview.audio.stage8.render.decode | source=app.audio.source.videoLayer:scene-0-BBB22040-71D4-4001-8BBD-73623FEC4324:block_01 sourceStart=202133/16000 frameCount=48000 intersectionFrames=48000 elapsedMs=22.86
[MEM-EVENT] preview.audio.stage8.render.total | range=606399..<654399 segments=2 sources=2 elapsedMs=65.89
[MEM-EVENT] preview.audio.stage8.cache.store | range=606399..<654399 revision=ProjectRevision(raw: 3) epoch=PlaybackEpoch(raw: 3) planIdLen=1066
[MEM-EVENT] preview.audio.canonical.render.end | sources=2
[MEM-EVENT] preview.audio.canonical.nextChunk.render.end | range=606399..<654399 sourceCount=2
[MEM-EVENT] preview.audio.canonical.nextChunk.schedule.begin | range=606399..<654399 sources=2
[MEM-EVENT] preview.audio.canonical.nextChunk.schedule.end | range=606399..<654399 scheduled=1
[MEM-EVENT] preview.audio.canonical.nextChunk.requested | range=654399..<702399 gen=10 inFlight=1
[MEM-EVENT] preview.audio.canonical.nextChunk.render.begin | range=654399..<702399 gen=10
[MEM-EVENT] preview.audio.canonical.render.begin | segments=2 range=654399..<702399
[MEM-EVENT] preview.audio.stage8.cache.miss | range=654399..<702399 revision=ProjectRevision(raw: 3) epoch=PlaybackEpoch(raw: 3) planIdLen=1066
[MEM-EVENT] preview.audio.stage8.render.decode | source=app.audio.source.imported:D50F6AD6-4D5B-4277-81C8-4C3E750ABC2D sourceStart=218133/16000 frameCount=48000 intersectionFrames=48000 elapsedMs=30.95
[MEM-EVENT] preview.audio.stage8.render.decode | source=app.audio.source.videoLayer:scene-0-BBB22040-71D4-4001-8BBD-73623FEC4324:block_01 sourceStart=218133/16000 frameCount=48000 intersectionFrames=48000 elapsedMs=24.44
[MEM-EVENT] preview.audio.stage8.render.total | range=654399..<702399 segments=2 sources=2 elapsedMs=69.17
[MEM-EVENT] preview.audio.stage8.cache.store | range=654399..<702399 revision=ProjectRevision(raw: 3) epoch=PlaybackEpoch(raw: 3) planIdLen=1066
[MEM-EVENT] preview.audio.canonical.render.end | sources=2
[MEM-EVENT] preview.audio.canonical.nextChunk.render.end | range=654399..<702399 sourceCount=2
[MEM-EVENT] preview.audio.canonical.nextChunk.schedule.begin | range=654399..<702399 sources=2
[MEM-EVENT] preview.audio.canonical.nextChunk.schedule.end | range=654399..<702399 scheduled=1
[MEM-EVENT] preview.audio.canonical.nextChunk.requested | range=702399..<750399 gen=10 inFlight=1
[MEM-EVENT] preview.audio.canonical.nextChunk.render.begin | range=702399..<750399 gen=10
[MEM-EVENT] preview.audio.canonical.render.begin | segments=2 range=702399..<750399
[MEM-EVENT] preview.audio.stage8.cache.miss | range=702399..<750399 revision=ProjectRevision(raw: 3) epoch=PlaybackEpoch(raw: 3) planIdLen=1066
[MEM-EVENT] preview.audio.stage8.render.decode | source=app.audio.source.imported:D50F6AD6-4D5B-4277-81C8-4C3E750ABC2D sourceStart=234133/16000 frameCount=48000 intersectionFrames=48000 elapsedMs=28.86
[MEM-EVENT] preview.audio.stage8.render.decode | source=app.audio.source.videoLayer:scene-0-BBB22040-71D4-4001-8BBD-73623FEC4324:block_01 sourceStart=234133/16000 frameCount=48000 intersectionFrames=48000 elapsedMs=24.25
[MEM-EVENT] preview.audio.stage8.render.total | range=702399..<750399 segments=2 sources=2 elapsedMs=67.99
[MEM-EVENT] preview.audio.stage8.cache.store | range=702399..<750399 revision=ProjectRevision(raw: 3) epoch=PlaybackEpoch(raw: 3) planIdLen=1066
[MEM-EVENT] preview.audio.canonical.render.end | sources=2
[MEM-EVENT] preview.audio.canonical.nextChunk.render.end | range=702399..<750399 sourceCount=2
[MEM-EVENT] preview.audio.canonical.nextChunk.schedule.begin | range=702399..<750399 sources=2
[MEM-EVENT] preview.audio.canonical.nextChunk.schedule.end | range=702399..<750399 scheduled=1
[MEM-EVENT] preview.audio.canonical.nextChunk.requested | range=750399..<798399 gen=10 inFlight=1
[MEM-EVENT] preview.audio.canonical.nextChunk.render.begin | range=750399..<798399 gen=10
[MEM-EVENT] preview.audio.canonical.render.begin | segments=2 range=750399..<798399
[MEM-EVENT] preview.audio.stage8.cache.miss | range=750399..<798399 revision=ProjectRevision(raw: 3) epoch=PlaybackEpoch(raw: 3) planIdLen=1066
[MEM-EVENT] preview.audio.stage8.render.decode | source=app.audio.source.imported:D50F6AD6-4D5B-4277-81C8-4C3E750ABC2D sourceStart=250133/16000 frameCount=48000 intersectionFrames=48000 elapsedMs=28.14
[MEM-EVENT] preview.audio.stage8.render.decode | source=app.audio.source.videoLayer:scene-0-BBB22040-71D4-4001-8BBD-73623FEC4324:block_01 sourceStart=250133/16000 frameCount=48000 intersectionFrames=48000 elapsedMs=24.25
[MEM-EVENT] preview.audio.stage8.render.total | range=750399..<798399 segments=2 sources=2 elapsedMs=66.22
[MEM-EVENT] preview.audio.stage8.cache.store | range=750399..<798399 revision=ProjectRevision(raw: 3) epoch=PlaybackEpoch(raw: 3) planIdLen=1066
[MEM-EVENT] preview.audio.canonical.render.end | sources=2
[MEM-EVENT] preview.audio.canonical.nextChunk.render.end | range=750399..<798399 sourceCount=2
[MEM-EVENT] preview.audio.canonical.nextChunk.schedule.begin | range=750399..<798399 sources=2
[MEM-EVENT] preview.audio.canonical.nextChunk.schedule.end | range=750399..<798399 scheduled=1
[MEM-EVENT] preview.audio.canonical.nextChunk.requested | range=798399..<824801 gen=10 inFlight=1
[MEM-EVENT] preview.audio.canonical.nextChunk.render.begin | range=798399..<824801 gen=10
[MEM-EVENT] preview.audio.canonical.render.begin | segments=2 range=798399..<824801
[MEM-EVENT] preview.audio.stage8.cache.miss | range=798399..<824801 revision=ProjectRevision(raw: 3) epoch=PlaybackEpoch(raw: 3) planIdLen=1066
[MEM-EVENT] preview.audio.stage8.render.decode | source=app.audio.source.imported:D50F6AD6-4D5B-4277-81C8-4C3E750ABC2D sourceStart=266133/16000 frameCount=26401 intersectionFrames=26402 elapsedMs=26.98
[MEM-EVENT] playback.audio.stop.begin
[MEM-EVENT] displayLink.invalidate | obj=4175345255548646732
[MEM-EVENT] VideoFrameProvider.stopPlayback | obj=3089768789542091402 flush=false hasPlaybackTex=true hasStillTex=true hasInteractiveTex=true hasHoldTex=false
[MEM-EVENT] playback.idleReclaim.skip | reason=scrubActive
[MEM-EVENT] preview.audio.stage8.render.decode | source=app.audio.source.videoLayer:scene-0-BBB22040-71D4-4001-8BBD-73623FEC4324:block_01 sourceStart=266133/16000 frameCount=26401 intersectionFrames=26402 elapsedMs=84.90
[MEM-EVENT] preview.audio.stage8.render.total | range=798399..<824801 segments=2 sources=2 elapsedMs=119.66
[MEM-EVENT] preview.audio.stage8.cache.store | range=798399..<824801 revision=ProjectRevision(raw: 3) epoch=PlaybackEpoch(raw: 3) planIdLen=1066
[MEM-EVENT] preview.audio.canonical.render.end | sources=2
[MEM-EVENT] preview.audio.canonical.nextChunk.dropped | gen=10 current=12 reason=staleOrStopped
[SCRUB-DIAG] FINAL - scroll: 0.0/s | scrubChanged: 0.0/s | playhead: 0.0/s (elapsed: 1.51s)
[MEM-EVENT] audio.session.activate.begin
[MEM-EVENT] audio.session.activate.end | ok=1
[MEM-EVENT] playback.audio.start.begin | compressedFrame=408 projectTimeUs=13600000 state=timelinePreview isPlayingBefore=0
[MEM-EVENT] displayLink.create | obj=4175345255548646732
[MEM-DIAG] playback.start | footprint: 188MB | resident: 95MB | available: 2884MB | metal: 149MB | SceneInstanceRuntime: 1 | UserMediaService: 2 | VideoFrameProvider: 1
[MEM-EVENT] playback.audio.previewStart.call | projectTimeUs=13600000 hostTime=195546.3188321667
[MEM-EVENT] preview.audio.select | toggle=ON controller=Canonical
[MEM-EVENT] preview.audio.start | dirty=0 hasPipeline=1 readiness=primed
[MEM-EVENT] preview.audio.canonical.legacyGateBypassed | seconds=13.6 hostTime=195546.3188321667
[MEM-EVENT] preview.audio.canonical.startPlayback.call | seconds=13.6
[MEM-EVENT] preview.audio.stage8.startPlayback.call | sinceStartMs=0.01 fromSeconds=13.6
[MEM-EVENT] preview.audio.stage8.plan.eval | sinceStartMs=4.23 elapsedMs=4.08 segments=2
[MEM-EVENT] preview.audio.canonical.plan | segments=2 fromSeconds=13.6
[MEM-EVENT] preview.audio.stage8.setup.end | sinceStartMs=8.46 graph+session+output+anchor done
[MEM-EVENT] preview.audio.canonical.preroll.build.begin | planSegments=2 range=652800..<662400 gen=11
[MEM-EVENT] preview.audio.stage8.preroll.begin | sinceStartMs=8.58 range=652800..<662400 sampleCount=9600 initialPrerollSamples=9600 maxChunkSamples=48000
[MEM-EVENT] preview.audio.canonical.render.begin | segments=2 range=652800..<662400
[MEM-EVENT] preview.audio.stage8.cache.miss | range=652800..<662400 revision=ProjectRevision(raw: 4) epoch=PlaybackEpoch(raw: 4) planIdLen=1066
[MEM-EVENT] preview.audio.canonical.firstFrameSignal | delivered=1
[MEM-EVENT] preview.audio.stage8.firstFrameSignal | sinceStartMs=28.62 barrierReason=firstFrameArrivedPrerollNotReady
[MEM-EVENT] preview.audio.stage8.render.decode | source=app.audio.source.imported:D50F6AD6-4D5B-4277-81C8-4C3E750ABC2D sourceStart=68/5 frameCount=9600 intersectionFrames=9600 elapsedMs=57.56
[MEM-EVENT] preview.audio.stage8.render.decode | source=app.audio.source.videoLayer:scene-0-BBB22040-71D4-4001-8BBD-73623FEC4324:block_01 sourceStart=68/5 frameCount=9600 intersectionFrames=9600 elapsedMs=33.91
[MEM-EVENT] preview.audio.stage8.render.total | range=652800..<662400 segments=2 sources=2 elapsedMs=95.68
[MEM-EVENT] preview.audio.stage8.cache.store | range=652800..<662400 revision=ProjectRevision(raw: 4) epoch=PlaybackEpoch(raw: 4) planIdLen=1066
[MEM-EVENT] preview.audio.canonical.render.end | sources=2
[MEM-EVENT] preview.audio.canonical.preroll.build.end | sourceCount=2 bufferCount=2
[MEM-EVENT] preview.audio.stage8.preroll.end | sinceStartMs=104.90 renderElapsedMs=96.32 sourceCount=2
[MEM-EVENT] preview.audio.stage8.barrier.cross | sinceStartMs=104.90
[MEM-EVENT] preview.audio.canonical.graph.schedule.begin | sources=2
[MEM-EVENT] preview.audio.canonical.graph.schedule.end | scheduled=1
[MEM-EVENT] preview.audio.stage8.graph.schedule.end | sinceStartMs=141.14 scheduleMs=36.23
[MEM-EVENT] preview.audio.canonical.engine.start.begin
[MEM-EVENT] preview.audio.canonical.player.play.begin
[MEM-EVENT] preview.audio.canonical.player.play.end
[MEM-EVENT] preview.audio.canonical.engine.start.end
[MEM-EVENT] preview.audio.stage8.player.play.end | sinceStartMs=141.17 playStartMs=0.02
[MEM-EVENT] preview.audio.canonical.scheduled | scheduled=1 sources=2 started=1
[MEM-EVENT] preview.audio.stage8.scheduled.total | sinceStartMs=141.18 totalStartToScheduledMs=141.17
[MEM-EVENT] preview.audio.canonical.nextChunk.requested | range=662400..<710400 gen=14 inFlight=1
[MEM-EVENT] preview.audio.canonical.nextChunk.render.begin | range=662400..<710400 gen=14
[MEM-EVENT] preview.audio.canonical.render.begin | segments=2 range=662400..<710400
[MEM-EVENT] preview.audio.stage8.cache.miss | range=662400..<710400 revision=ProjectRevision(raw: 4) epoch=PlaybackEpoch(raw: 4) planIdLen=1066
[PERF] FPS: 21.5 | CPU: 15.6% (1core), 2.6% (all) | MEM: 95MB res, 164MB foot | GPU: n/a | DRAW: avg 0.00ms, p95 0.00ms, max 0.00ms
[MEM-EVENT] preview.audio.stage8.render.decode | source=app.audio.source.imported:D50F6AD6-4D5B-4277-81C8-4C3E750ABC2D sourceStart=69/5 frameCount=48000 intersectionFrames=48000 elapsedMs=30.77
[MEM-EVENT] preview.audio.stage8.render.decode | source=app.audio.source.videoLayer:scene-0-BBB22040-71D4-4001-8BBD-73623FEC4324:block_01 sourceStart=69/5 frameCount=48000 intersectionFrames=48000 elapsedMs=24.94
[MEM-EVENT] preview.audio.stage8.render.total | range=662400..<710400 segments=2 sources=2 elapsedMs=69.70
[MEM-EVENT] preview.audio.stage8.cache.store | range=662400..<710400 revision=ProjectRevision(raw: 4) epoch=PlaybackEpoch(raw: 4) planIdLen=1066
[MEM-EVENT] preview.audio.canonical.render.end | sources=2
[MEM-EVENT] preview.audio.canonical.nextChunk.render.end | range=662400..<710400 sourceCount=2
[MEM-EVENT] preview.audio.canonical.nextChunk.schedule.begin | range=662400..<710400 sources=2
[MEM-EVENT] preview.audio.canonical.nextChunk.schedule.end | range=662400..<710400 scheduled=1
[MEM-EVENT] preview.audio.canonical.nextChunk.requested | range=710400..<758400 gen=14 inFlight=1
[MEM-EVENT] preview.audio.canonical.nextChunk.render.begin | range=710400..<758400 gen=14
[MEM-EVENT] preview.audio.canonical.render.begin | segments=2 range=710400..<758400
[MEM-EVENT] preview.audio.stage8.cache.miss | range=710400..<758400 revision=ProjectRevision(raw: 4) epoch=PlaybackEpoch(raw: 4) planIdLen=1066
[MEM-EVENT] preview.audio.stage8.render.decode | source=app.audio.source.imported:D50F6AD6-4D5B-4277-81C8-4C3E750ABC2D sourceStart=74/5 frameCount=48000 intersectionFrames=48000 elapsedMs=30.83
[MEM-EVENT] preview.audio.stage8.render.decode | source=app.audio.source.videoLayer:scene-0-BBB22040-71D4-4001-8BBD-73623FEC4324:block_01 sourceStart=74/5 frameCount=48000 intersectionFrames=48000 elapsedMs=25.31
[MEM-EVENT] preview.audio.stage8.render.total | range=710400..<758400 segments=2 sources=2 elapsedMs=69.83
[MEM-EVENT] preview.audio.stage8.cache.store | range=710400..<758400 revision=ProjectRevision(raw: 4) epoch=PlaybackEpoch(raw: 4) planIdLen=1066
[MEM-EVENT] preview.audio.canonical.render.end | sources=2
[MEM-EVENT] preview.audio.canonical.nextChunk.render.end | range=710400..<758400 sourceCount=2
[MEM-EVENT] preview.audio.canonical.nextChunk.schedule.begin | range=710400..<758400 sources=2
[MEM-EVENT] preview.audio.canonical.nextChunk.schedule.end | range=710400..<758400 scheduled=1
[MEM-EVENT] preview.audio.canonical.nextChunk.requested | range=758400..<806400 gen=14 inFlight=1
[MEM-EVENT] preview.audio.canonical.nextChunk.render.begin | range=758400..<806400 gen=14
[MEM-EVENT] preview.audio.canonical.render.begin | segments=2 range=758400..<806400
[MEM-EVENT] preview.audio.stage8.cache.miss | range=758400..<806400 revision=ProjectRevision(raw: 4) epoch=PlaybackEpoch(raw: 4) planIdLen=1066
[MEM-EVENT] preview.audio.stage8.render.decode | source=app.audio.source.imported:D50F6AD6-4D5B-4277-81C8-4C3E750ABC2D sourceStart=79/5 frameCount=48000 intersectionFrames=48000 elapsedMs=30.44
[MEM-EVENT] preview.audio.stage8.render.decode | source=app.audio.source.videoLayer:scene-0-BBB22040-71D4-4001-8BBD-73623FEC4324:block_01 sourceStart=79/5 frameCount=48000 intersectionFrames=48000 elapsedMs=26.01
[MEM-EVENT] preview.audio.stage8.render.total | range=758400..<806400 segments=2 sources=2 elapsedMs=71.65
[MEM-EVENT] preview.audio.stage8.cache.store | range=758400..<806400 revision=ProjectRevision(raw: 4) epoch=PlaybackEpoch(raw: 4) planIdLen=1066
[MEM-EVENT] preview.audio.canonical.render.end | sources=2
[MEM-EVENT] preview.audio.canonical.nextChunk.render.end | range=758400..<806400 sourceCount=2
[MEM-EVENT] preview.audio.canonical.nextChunk.schedule.begin | range=758400..<806400 sources=2
[MEM-EVENT] preview.audio.canonical.nextChunk.schedule.end | range=758400..<806400 scheduled=1
[MEM-EVENT] preview.audio.canonical.nextChunk.requested | range=806400..<824801 gen=14 inFlight=1
[MEM-EVENT] preview.audio.canonical.nextChunk.render.begin | range=806400..<824801 gen=14
[MEM-EVENT] preview.audio.canonical.render.begin | segments=2 range=806400..<824801
[MEM-EVENT] preview.audio.stage8.cache.miss | range=806400..<824801 revision=ProjectRevision(raw: 4) epoch=PlaybackEpoch(raw: 4) planIdLen=1066
[MEM-EVENT] preview.audio.stage8.render.decode | source=app.audio.source.imported:D50F6AD6-4D5B-4277-81C8-4C3E750ABC2D sourceStart=84/5 frameCount=18400 intersectionFrames=18401 elapsedMs=24.87
[MEM-EVENT] preview.audio.stage8.render.decode | source=app.audio.source.videoLayer:scene-0-BBB22040-71D4-4001-8BBD-73623FEC4324:block_01 sourceStart=84/5 frameCount=18400 intersectionFrames=18401 elapsedMs=26.53
[MEM-EVENT] preview.audio.stage8.render.total | range=806400..<824801 segments=2 sources=2 elapsedMs=56.99
[MEM-EVENT] preview.audio.stage8.cache.store | range=806400..<824801 revision=ProjectRevision(raw: 4) epoch=PlaybackEpoch(raw: 4) planIdLen=1066
[MEM-EVENT] preview.audio.canonical.render.end | sources=2
[MEM-EVENT] preview.audio.canonical.nextChunk.render.end | range=806400..<824801 sourceCount=2
[MEM-EVENT] preview.audio.canonical.nextChunk.schedule.begin | range=806400..<824801 sources=2
[MEM-EVENT] preview.audio.canonical.nextChunk.schedule.end | range=806400..<824801 scheduled=1
[MEM-EVENT] preview.audio.canonical.nextChunk.endOfPlan | planEnd=824801
[VideoFrameProvider] playback: 43 OK, 0 nil (0.0%) | itemTime=14.490s | lastExtracted=14.520s | active=true
[MEM-EVENT] playback.audio.stop.begin
[MEM-EVENT] displayLink.invalidate | obj=4175345255548646732
[MEM-EVENT] VideoFrameProvider.stopPlayback | obj=3089768789542091402 flush=false hasPlaybackTex=true hasStillTex=true hasInteractiveTex=true hasHoldTex=false
[MEM-EVENT] playback.idleReclaim.skip | reason=scrubActive
[SCRUB-DIAG] FINAL - scroll: 0.0/s | scrubChanged: 0.0/s | playhead: 0.0/s (elapsed: 2.13s)
[PERF] FPS: 25.0 | CPU: 29.6% (1core), 4.9% (all) | MEM: 102MB res, 193MB foot | GPU: n/a | DRAW: avg 0.00ms, p95 0.00ms, max 0.00ms
[EditorReducer] Added scene: full_image, duration: 5000000us
[PerfCounter] applySnapshot(scene): 3
[PerfCounter] applySnapshot(scene): 4
[PerfCounter] applySnapshot(scene): 5
[MEM-EVENT] preview.audio.markDirty | generation=1 playing=0 state=timelinePreview
[MEM-EVENT] preview.audio.select | toggle=ON controller=Canonical
[MEM-EVENT] preview.audio.prepare | canonicalIdlePrepareSkipped=1
[MEM-EVENT] Runtime.create.start | id=998960A7-9292-4785-9323-231FDE8CE58B sceneType=full_image
[MEM-EVENT] UserMediaService.init | obj=7828652405477126748
[MEM-EVENT] SceneInstanceRuntime.init | obj=5204250173719003364 id=998960A7-9292-4785-9323-231FDE8CE58B type=full_image
[MEM-EVENT] SceneInstanceRuntime.applyState | obj=5204250173719003364 id=998960A7-9292-4785-9323-231FDE8CE58B restored=0
[MEM-EVENT] Runtime.create.complete | id=998960A7-9292-4785-9323-231FDE8CE58B outcome=success total=2
[MEM-EVENT] SceneInstanceRuntime.prepare | obj=5204250173719003364 id=998960A7-9292-4785-9323-231FDE8CE58B frame=0
[SceneInstanceRuntime] Ready for presentation at frame 0: 998960A7-9292-4785-9323-231FDE8CE58B
[PERF] FPS: 1.0 | CPU: 4.2% (1core), 0.7% (all) | MEM: 102MB res, 190MB foot | GPU: n/a | DRAW: avg 0.00ms, p95 0.00ms, max 0.00ms
[MEM-EVENT] playback.audio.stop.begin
[PERF] FPS: 1.0 | CPU: 3.1% (1core), 0.5% (all) | MEM: 122MB res, 221MB foot | GPU: avg 1.03ms, p95 1.03ms | DRAW: avg 0.12ms, p95 0.12ms, max 0.12ms
[PERF] FPS: 0.0 | CPU: 2.3% (1core), 0.4% (all) | MEM: 114MB res, 201MB foot | GPU: n/a | DRAW: avg 0.00ms, p95 0.00ms, max 0.00ms
[MEM-EVENT] SceneInstanceRuntime.resetState | obj=5204250173719003364 id=998960A7-9292-4785-9323-231FDE8CE58B
[MEM-EVENT] SceneInstanceRuntime.resetState | obj=5204250173719003364 id=998960A7-9292-4785-9323-231FDE8CE58B
[MEM-EVENT] UMS.cleanupVideo | obj=1313419755508538601 blockId=block_01
[MEM-EVENT] CVTextureCache.create | owner=UserMediaTextureFactory
[MEM-EVENT] VideoFrameProvider.init | obj=-2145117220903299141
[MediaRestoreCoordinator] Restored video for block_01: presentOnReady=true, success
[MEM-EVENT] UMS.cleanupVideo | obj=7828652405477126748 blockId=block_01
[MEM-EVENT] CVTextureCache.create | owner=UserMediaTextureFactory
[MEM-EVENT] VideoFrameProvider.init | obj=7854472828995894707
[MediaRestoreCoordinator] Restored video for block_01: presentOnReady=true, success
[MEM-EVENT] SceneInstanceRuntime.applyState | obj=5204250173719003364 id=998960A7-9292-4785-9323-231FDE8CE58B restored=1
[TimelineCompositionEngine] Re-applied state to loaded runtime: 998960A7-9292-4785-9323-231FDE8CE58B
[MEM-EVENT] preview.audio.markDirty | generation=2 playing=0 state=sceneEdit(instanceId: 998960A7-9292-4785-9323-231FDE8CE58B)
[MEM-EVENT] UMS.cleanupVideo | obj=7828652405477126748 blockId=block_01
[MEM-EVENT] VideoFrameProvider.release | obj=7854472828995894707 hasPlaybackTex=false hasStillTex=false hasInteractiveTex=false
[MEM-EVENT] VideoFrameProvider.stopPlayback | obj=7854472828995894707 flush=true hasPlaybackTex=false hasStillTex=false hasInteractiveTex=false hasHoldTex=false
[MEM-EVENT] CVTextureCache.flush | owner=UserMediaTextureFactory
[MEM-EVENT] CVTextureCache.flush | owner=UserMediaTextureFactory
[MEM-EVENT] CVTextureCache.create | owner=UserMediaTextureFactory
[MEM-EVENT] VideoFrameProvider.init | obj=7904400881620801490
[MediaRestoreCoordinator] Restored video for block_01: presentOnReady=true, success
[MEM-EVENT] SceneInstanceRuntime.applyState | obj=5204250173719003364 id=998960A7-9292-4785-9323-231FDE8CE58B restored=1
[TimelineCompositionEngine] Re-applied state to loaded runtime: 998960A7-9292-4785-9323-231FDE8CE58B
[VideoFrameProvider] READY: 998960A7-9292-4785-9323-231FDE8CE58B_block_01_35665E87-AD86-4831-80B6-76E8BE39236E.mp4 | dur=13.70s | sceneFPS=30.0 | trackFPS=30.00 | size=720x1280 | transform=[1.0,0.0,0.0,1.0,0.0,0.0]
[VideoFrameProvider] READY: 998960A7-9292-4785-9323-231FDE8CE58B_block_01_35665E87-AD86-4831-80B6-76E8BE39236E.mp4 | dur=13.70s | sceneFPS=30.0 | trackFPS=30.00 | size=720x1280 | transform=[1.0,0.0,0.0,1.0,0.0,0.0]
[MEM-EVENT] VideoFrameProvider.release | obj=7854472828995894707 hasPlaybackTex=false hasStillTex=false hasInteractiveTex=false
[MEM-EVENT] VideoFrameProvider.stopPlayback | obj=7854472828995894707 flush=true hasPlaybackTex=false hasStillTex=false hasInteractiveTex=false hasHoldTex=false
[MEM-EVENT] CVTextureCache.flush | owner=UserMediaTextureFactory
[MEM-EVENT] CVTextureCache.flush | owner=UserMediaTextureFactory
[MEM-EVENT] VideoFrameProvider.deinit | obj=7854472828995894707
[PERF] FPS: 1.5 | CPU: 3.2% (1core), 0.5% (all) | MEM: 114MB res, 232MB foot | GPU: avg 4.37ms, p95 4.06ms | DRAW: avg 0.29ms, p95 0.28ms, max 0.37ms
[MEM-DIAG] playback.stop.cleanup | footprint: 232MB | resident: 114MB | available: 2839MB | metal: 192MB | SceneInstanceRuntime: 2 | UserMediaService: 3 | VideoFrameProvider: 3
[MEM-DIAG]   pool | avail: 8 (17.4MB) | inUse: 0 (~0.0MB) | total: ~17.4MB
[MEM-DIAG]   pool.owner | owner=mask.boolean.bbox created=8 MB=17.4
[MEM-DIAG]   sceneTypeCache | cached: 1 [full_image] loading: 0 | textures: 2 ~9.7MB
[MEM-DIAG]   overlayCache | entries: 0 MB: 0.0
[MEM-DIAG]   runtimes: 2
[MEM-DIAG]   videoProviders: 3
[MEM-EVENT] VideoFrameProvider.stopPlayback | obj=3089768789542091402 flush=true hasPlaybackTex=true hasStillTex=true hasInteractiveTex=true hasHoldTex=false
[MEM-EVENT] CVTextureCache.flush | owner=UserMediaTextureFactory
[MEM-EVENT] VideoFrameProvider.stopPlayback | obj=7904400881620801490 flush=true hasPlaybackTex=false hasStillTex=true hasInteractiveTex=false hasHoldTex=false
[MEM-EVENT] CVTextureCache.flush | owner=UserMediaTextureFactory
[MEM-EVENT] playback.audio.sessionDeactivate.call
[MEM-EVENT] audio.session.deactivate.begin
[MEM-EVENT] audio.session.deactivate.end | ok=1
[MEM-DIAG] playback.stop.after | footprint: 145MB | resident: 114MB | available: 2926MB | metal: 105MB | SceneInstanceRuntime: 2 | UserMediaService: 3 | VideoFrameProvider: 3
[MEM-DIAG]   pool | avail: 8 (17.4MB) | inUse: 0 (~0.0MB) | total: ~17.4MB
[MEM-DIAG]   pool.owner | owner=mask.boolean.bbox created=8 MB=17.4
[MEM-DIAG]   sceneTypeCache | cached: 1 [full_image] loading: 0 | textures: 2 ~9.7MB
[MEM-DIAG]   overlayCache | entries: 0 MB: 0.0
[MEM-DIAG]   runtimes: 2
[MEM-DIAG]   videoProviders: 3
[MEM-EVENT] SceneInstanceRuntime.prepare | obj=5204250173719003364 id=998960A7-9292-4785-9323-231FDE8CE58B frame=0
[SceneInstanceRuntime] Ready for presentation at frame 0: 998960A7-9292-4785-9323-231FDE8CE58B
[MEM-EVENT] audio.session.activate.begin
[MEM-EVENT] audio.session.activate.end | ok=1
[MEM-EVENT] playback.audio.start.begin | compressedFrame=515 projectTimeUs=17166666 state=timelinePreview isPlayingBefore=0
[MEM-EVENT] displayLink.create | obj=4175345255548646732
[MEM-DIAG] playback.start | footprint: 155MB | resident: 114MB | available: 2916MB | metal: 97MB | SceneInstanceRuntime: 2 | UserMediaService: 3 | VideoFrameProvider: 3
[MEM-EVENT] playback.audio.previewStart.call | projectTimeUs=17166666 hostTime=195557.57708700004
[MEM-EVENT] preview.audio.select | toggle=ON controller=Canonical
[MEM-EVENT] preview.audio.start | dirty=1 hasPipeline=1 readiness=primed
[MEM-EVENT] preview.audio.canonical.legacyGateBypassed | seconds=17.166666 hostTime=195557.57708700004
[MEM-EVENT] preview.audio.canonical.startPlayback.call | seconds=17.166666
[MEM-EVENT] preview.audio.stage8.startPlayback.call | sinceStartMs=0.00 fromSeconds=17.166666
[MEM-EVENT] preview.audio.stage8.plan.eval | sinceStartMs=1.86 elapsedMs=1.83 segments=3
[MEM-EVENT] preview.audio.canonical.plan | segments=3 fromSeconds=17.166666
[MEM-EVENT] preview.audio.stage8.setup.end | sinceStartMs=6.47 graph+session+output+anchor done
[MEM-EVENT] preview.audio.canonical.preroll.build.begin | planSegments=3 range=823999..<833599 gen=16
[MEM-EVENT] preview.audio.stage8.preroll.begin | sinceStartMs=6.51 range=823999..<833599 sampleCount=9600 initialPrerollSamples=9600 maxChunkSamples=48000
[MEM-EVENT] preview.audio.canonical.render.begin | segments=3 range=823999..<833599
[MEM-EVENT] preview.audio.stage8.cache.miss | range=823999..<833599 revision=ProjectRevision(raw: 5) epoch=PlaybackEpoch(raw: 5) planIdLen=1648
[VideoFrameProvider] playback: 1 OK, 0 nil (0.0%) | itemTime=0.014s | lastExtracted=0.047s | active=true
[MEM-EVENT] preview.audio.canonical.firstFrameSignal | delivered=1
[MEM-EVENT] preview.audio.stage8.firstFrameSignal | sinceStartMs=22.20 barrierReason=firstFrameArrivedPrerollNotReady
[MEM-EVENT] preview.audio.stage8.render.decode | source=app.audio.source.imported:D50F6AD6-4D5B-4277-81C8-4C3E750ABC2D sourceStart=823999/48000 frameCount=9600 intersectionFrames=9600 elapsedMs=165.75
[MEM-EVENT] preview.audio.stage8.render.decode | source=app.audio.source.videoLayer:scene-0-BBB22040-71D4-4001-8BBD-73623FEC4324:block_01 sourceStart=823999/48000 frameCount=801 intersectionFrames=802 elapsedMs=25.35
[MEM-EVENT] preview.audio.stage8.render.decode | source=app.audio.source.videoLayer:scene-1-998960A7-9292-4785-9323-231FDE8CE58B:block_01 sourceStart=0/1 frameCount=8798 intersectionFrames=8798 elapsedMs=25.23
[MEM-EVENT] preview.audio.stage8.render.total | range=823999..<833599 segments=3 sources=3 elapsedMs=219.93
[MEM-EVENT] preview.audio.stage8.cache.store | range=823999..<833599 revision=ProjectRevision(raw: 5) epoch=PlaybackEpoch(raw: 5) planIdLen=1648
[MEM-EVENT] preview.audio.canonical.render.end | sources=3
[MEM-EVENT] preview.audio.canonical.preroll.build.end | sourceCount=3 bufferCount=3
[MEM-EVENT] preview.audio.stage8.preroll.end | sinceStartMs=229.53 renderElapsedMs=223.02 sourceCount=3
[MEM-EVENT] preview.audio.stage8.barrier.cross | sinceStartMs=229.54
[MEM-EVENT] preview.audio.canonical.graph.schedule.begin | sources=3
[MEM-EVENT] preview.audio.canonical.graph.schedule.end | scheduled=1
[MEM-EVENT] preview.audio.stage8.graph.schedule.end | sinceStartMs=263.48 scheduleMs=33.93
[MEM-EVENT] preview.audio.canonical.engine.start.begin
[MEM-EVENT] preview.audio.canonical.player.play.begin
[MEM-EVENT] preview.audio.canonical.player.play.end
[MEM-EVENT] preview.audio.canonical.engine.start.end
[MEM-EVENT] preview.audio.stage8.player.play.end | sinceStartMs=263.50 playStartMs=0.01
[MEM-EVENT] preview.audio.canonical.scheduled | scheduled=1 sources=3 started=1
[MEM-EVENT] preview.audio.stage8.scheduled.total | sinceStartMs=263.51 totalStartToScheduledMs=263.51
[MEM-EVENT] preview.audio.canonical.nextChunk.requested | range=833599..<881599 gen=22 inFlight=1
[MEM-EVENT] preview.audio.canonical.nextChunk.render.begin | range=833599..<881599 gen=22
[MEM-EVENT] preview.audio.canonical.render.begin | segments=3 range=833599..<881599
[MEM-EVENT] preview.audio.stage8.cache.miss | range=833599..<881599 revision=ProjectRevision(raw: 5) epoch=PlaybackEpoch(raw: 5) planIdLen=1648
[MEM-EVENT] preview.audio.stage8.render.decode | source=app.audio.source.imported:D50F6AD6-4D5B-4277-81C8-4C3E750ABC2D sourceStart=833599/48000 frameCount=48000 intersectionFrames=48000 elapsedMs=31.18
[MEM-EVENT] preview.audio.stage8.render.decode | source=app.audio.source.videoLayer:scene-1-998960A7-9292-4785-9323-231FDE8CE58B:block_01 sourceStart=4399/24000 frameCount=48000 intersectionFrames=48000 elapsedMs=24.25
[MEM-EVENT] preview.audio.stage8.render.total | range=833599..<881599 segments=3 sources=2 elapsedMs=69.34
[MEM-EVENT] preview.audio.stage8.cache.store | range=833599..<881599 revision=ProjectRevision(raw: 5) epoch=PlaybackEpoch(raw: 5) planIdLen=1648
[MEM-EVENT] preview.audio.canonical.render.end | sources=2
[MEM-EVENT] preview.audio.canonical.nextChunk.render.end | range=833599..<881599 sourceCount=2
[MEM-EVENT] preview.audio.canonical.nextChunk.schedule.begin | range=833599..<881599 sources=2
[MEM-EVENT] preview.audio.canonical.nextChunk.schedule.end | range=833599..<881599 scheduled=1
[MEM-EVENT] preview.audio.canonical.nextChunk.requested | range=881599..<929599 gen=22 inFlight=1
[MEM-EVENT] preview.audio.canonical.nextChunk.render.begin | range=881599..<929599 gen=22
[MEM-EVENT] preview.audio.canonical.render.begin | segments=3 range=881599..<929599
[MEM-EVENT] preview.audio.stage8.cache.miss | range=881599..<929599 revision=ProjectRevision(raw: 5) epoch=PlaybackEpoch(raw: 5) planIdLen=1648
[MEM-EVENT] preview.audio.stage8.render.decode | source=app.audio.source.imported:D50F6AD6-4D5B-4277-81C8-4C3E750ABC2D sourceStart=881599/48000 frameCount=48000 intersectionFrames=48000 elapsedMs=29.06
[MEM-EVENT] preview.audio.stage8.render.decode | source=app.audio.source.videoLayer:scene-1-998960A7-9292-4785-9323-231FDE8CE58B:block_01 sourceStart=28399/24000 frameCount=48000 intersectionFrames=48000 elapsedMs=25.16
[MEM-EVENT] preview.audio.stage8.render.total | range=881599..<929599 segments=3 sources=2 elapsedMs=69.67
[MEM-EVENT] preview.audio.stage8.cache.store | range=881599..<929599 revision=ProjectRevision(raw: 5) epoch=PlaybackEpoch(raw: 5) planIdLen=1648
[MEM-EVENT] preview.audio.canonical.render.end | sources=2
[MEM-EVENT] preview.audio.canonical.nextChunk.render.end | range=881599..<929599 sourceCount=2
[MEM-EVENT] preview.audio.canonical.nextChunk.schedule.begin | range=881599..<929599 sources=2
[MEM-EVENT] preview.audio.canonical.nextChunk.schedule.end | range=881599..<929599 scheduled=1
[MEM-EVENT] preview.audio.canonical.nextChunk.requested | range=929599..<977599 gen=22 inFlight=1
[MEM-EVENT] preview.audio.canonical.nextChunk.render.begin | range=929599..<977599 gen=22
[MEM-EVENT] preview.audio.canonical.render.begin | segments=3 range=929599..<977599
[MEM-EVENT] preview.audio.stage8.cache.miss | range=929599..<977599 revision=ProjectRevision(raw: 5) epoch=PlaybackEpoch(raw: 5) planIdLen=1648
[MEM-EVENT] preview.audio.stage8.render.decode | source=app.audio.source.imported:D50F6AD6-4D5B-4277-81C8-4C3E750ABC2D sourceStart=929599/48000 frameCount=48000 intersectionFrames=48000 elapsedMs=30.92
[MEM-EVENT] preview.audio.stage8.render.decode | source=app.audio.source.videoLayer:scene-1-998960A7-9292-4785-9323-231FDE8CE58B:block_01 sourceStart=52399/24000 frameCount=48000 intersectionFrames=48000 elapsedMs=25.00
[MEM-EVENT] preview.audio.stage8.render.total | range=929599..<977599 segments=3 sources=2 elapsedMs=69.70
[MEM-EVENT] preview.audio.stage8.cache.store | range=929599..<977599 revision=ProjectRevision(raw: 5) epoch=PlaybackEpoch(raw: 5) planIdLen=1648
[MEM-EVENT] preview.audio.canonical.render.end | sources=2
[MEM-EVENT] preview.audio.canonical.nextChunk.render.end | range=929599..<977599 sourceCount=2
[MEM-EVENT] preview.audio.canonical.nextChunk.schedule.begin | range=929599..<977599 sources=2
[MEM-EVENT] preview.audio.canonical.nextChunk.schedule.end | range=929599..<977599 scheduled=1
[MEM-EVENT] preview.audio.canonical.nextChunk.requested | range=977599..<1025599 gen=22 inFlight=1
[MEM-EVENT] preview.audio.canonical.nextChunk.render.begin | range=977599..<1025599 gen=22
[MEM-EVENT] preview.audio.canonical.render.begin | segments=3 range=977599..<1025599
[MEM-EVENT] preview.audio.stage8.cache.miss | range=977599..<1025599 revision=ProjectRevision(raw: 5) epoch=PlaybackEpoch(raw: 5) planIdLen=1648
[MEM-EVENT] preview.audio.stage8.render.decode | source=app.audio.source.imported:D50F6AD6-4D5B-4277-81C8-4C3E750ABC2D sourceStart=977599/48000 frameCount=48000 intersectionFrames=48000 elapsedMs=29.40
[MEM-EVENT] preview.audio.stage8.render.decode | source=app.audio.source.videoLayer:scene-1-998960A7-9292-4785-9323-231FDE8CE58B:block_01 sourceStart=76399/24000 frameCount=48000 intersectionFrames=48000 elapsedMs=25.15
[MEM-EVENT] preview.audio.stage8.render.total | range=977599..<1025599 segments=3 sources=2 elapsedMs=68.39
[MEM-EVENT] preview.audio.stage8.cache.store | range=977599..<1025599 revision=ProjectRevision(raw: 5) epoch=PlaybackEpoch(raw: 5) planIdLen=1648
[MEM-EVENT] preview.audio.canonical.render.end | sources=2
[MEM-EVENT] preview.audio.canonical.nextChunk.render.end | range=977599..<1025599 sourceCount=2
[MEM-EVENT] preview.audio.canonical.nextChunk.schedule.begin | range=977599..<1025599 sources=2
[MEM-EVENT] preview.audio.canonical.nextChunk.schedule.end | range=977599..<1025599 scheduled=1
[MEM-EVENT] preview.audio.canonical.nextChunk.requested | range=1025599..<1064801 gen=22 inFlight=1
[MEM-EVENT] preview.audio.canonical.nextChunk.render.begin | range=1025599..<1064801 gen=22
[MEM-EVENT] preview.audio.canonical.render.begin | segments=3 range=1025599..<1064801
[MEM-EVENT] preview.audio.stage8.cache.miss | range=1025599..<1064801 revision=ProjectRevision(raw: 5) epoch=PlaybackEpoch(raw: 5) planIdLen=1648
[MEM-EVENT] preview.audio.stage8.render.decode | source=app.audio.source.imported:D50F6AD6-4D5B-4277-81C8-4C3E750ABC2D sourceStart=1025599/48000 frameCount=39201 intersectionFrames=39202 elapsedMs=29.31
[MEM-EVENT] preview.audio.stage8.render.decode | source=app.audio.source.videoLayer:scene-1-998960A7-9292-4785-9323-231FDE8CE58B:block_01 sourceStart=100399/24000 frameCount=39202 intersectionFrames=39202 elapsedMs=24.24
[MEM-EVENT] preview.audio.stage8.render.total | range=1025599..<1064801 segments=3 sources=2 elapsedMs=65.02
[MEM-EVENT] preview.audio.stage8.cache.store | range=1025599..<1064801 revision=ProjectRevision(raw: 5) epoch=PlaybackEpoch(raw: 5) planIdLen=1648
[MEM-EVENT] preview.audio.canonical.render.end | sources=2
[MEM-EVENT] preview.audio.canonical.nextChunk.render.end | range=1025599..<1064801 sourceCount=2
[MEM-EVENT] preview.audio.canonical.nextChunk.schedule.begin | range=1025599..<1064801 sources=2
[MEM-EVENT] preview.audio.canonical.nextChunk.schedule.end | range=1025599..<1064801 scheduled=1
[MEM-EVENT] preview.audio.canonical.nextChunk.endOfPlan | planEnd=1064801
[PERF] FPS: 14.5 | CPU: 28.2% (1core), 4.7% (all) | MEM: 115MB res, 199MB foot | GPU: avg 1.24ms, p95 1.24ms | DRAW: avg 0.32ms, p95 0.32ms, max 0.32ms
[MEM-DIAG] playback.stop.after.2s | footprint: 188MB | resident: 115MB | available: 2883MB | metal: 121MB | SceneInstanceRuntime: 2 | UserMediaService: 3 | VideoFrameProvider: 3
[MEM-DIAG]   pool | avail: 4 (3.9MB) | inUse: 0 (~0.0MB) | total: ~3.9MB
[MEM-DIAG]   pool.owner | owner=mask.boolean.bbox created=8 MB=17.4
[MEM-DIAG]   sceneTypeCache | cached: 1 [full_image] loading: 0 | textures: 2 ~9.7MB
[MEM-DIAG]   overlayCache | entries: 0 MB: 0.0
[MEM-DIAG]   runtimes: 2
[MEM-DIAG]   videoProviders: 3
[MEM-EVENT] playback.audio.stop.begin
[MEM-EVENT] displayLink.invalidate | obj=4175345255548646732
[MEM-EVENT] VideoFrameProvider.stopPlayback | obj=7904400881620801490 flush=false hasPlaybackTex=true hasStillTex=true hasInteractiveTex=false hasHoldTex=false
[MEM-EVENT] playback.idleReclaim.skip | reason=scrubActive
[SCRUB-DIAG] FINAL - scroll: 0.0/s | scrubChanged: 0.0/s | playhead: 0.0/s (elapsed: 11.15s)
[MEM-EVENT] audio.session.activate.begin
[MEM-EVENT] audio.session.activate.end | ok=1
[MEM-EVENT] playback.audio.start.begin | compressedFrame=516 projectTimeUs=17200000 state=timelinePreview isPlayingBefore=0
[MEM-EVENT] displayLink.create | obj=4175345255548646732
[MEM-DIAG] playback.start | footprint: 192MB | resident: 115MB | available: 2879MB | metal: 125MB | SceneInstanceRuntime: 2 | UserMediaService: 3 | VideoFrameProvider: 3
[MEM-EVENT] playback.audio.previewStart.call | projectTimeUs=17200000 hostTime=195559.79576170837
[MEM-EVENT] preview.audio.select | toggle=ON controller=Canonical
[MEM-EVENT] preview.audio.start | dirty=0 hasPipeline=1 readiness=primed
[MEM-EVENT] preview.audio.canonical.legacyGateBypassed | seconds=17.2 hostTime=195559.79576170837
[MEM-EVENT] preview.audio.canonical.startPlayback.call | seconds=17.2
[MEM-EVENT] preview.audio.stage8.startPlayback.call | sinceStartMs=0.01 fromSeconds=17.2
[MEM-EVENT] preview.audio.stage8.plan.eval | sinceStartMs=7.06 elapsedMs=6.87 segments=3
[MEM-EVENT] preview.audio.canonical.plan | segments=3 fromSeconds=17.2
[MEM-EVENT] preview.audio.stage8.setup.end | sinceStartMs=11.58 graph+session+output+anchor done
[MEM-EVENT] preview.audio.canonical.preroll.build.begin | planSegments=3 range=825600..<835200 gen=19
[MEM-EVENT] preview.audio.stage8.preroll.begin | sinceStartMs=11.70 range=825600..<835200 sampleCount=9600 initialPrerollSamples=9600 maxChunkSamples=48000
[VideoFrameProvider] playback: 40 OK, 0 nil (0.0%) | itemTime=1.366s | lastExtracted=1.365s | active=true
[MEM-EVENT] preview.audio.canonical.firstFrameSignal | delivered=1
[MEM-EVENT] preview.audio.stage8.firstFrameSignal | sinceStartMs=13.00 barrierReason=firstFrameArrivedPrerollNotReady
[MEM-EVENT] preview.audio.canonical.render.begin | segments=3 range=825600..<835200
[MEM-EVENT] preview.audio.stage8.cache.miss | range=825600..<835200 revision=ProjectRevision(raw: 6) epoch=PlaybackEpoch(raw: 6) planIdLen=1648
[MEM-EVENT] preview.audio.stage8.render.decode | source=app.audio.source.imported:D50F6AD6-4D5B-4277-81C8-4C3E750ABC2D sourceStart=86/5 frameCount=9600 intersectionFrames=9600 elapsedMs=64.72
[MEM-EVENT] preview.audio.stage8.render.decode | source=app.audio.source.videoLayer:scene-1-998960A7-9292-4785-9323-231FDE8CE58B:block_01 sourceStart=799/48000 frameCount=9600 intersectionFrames=9600 elapsedMs=29.27
[MEM-EVENT] preview.audio.stage8.render.total | range=825600..<835200 segments=3 sources=2 elapsedMs=98.20
[MEM-EVENT] preview.audio.stage8.cache.store | range=825600..<835200 revision=ProjectRevision(raw: 6) epoch=PlaybackEpoch(raw: 6) planIdLen=1648
[MEM-EVENT] preview.audio.canonical.render.end | sources=2
[MEM-EVENT] preview.audio.canonical.preroll.build.end | sourceCount=2 bufferCount=2
[MEM-EVENT] preview.audio.stage8.preroll.end | sinceStartMs=113.74 renderElapsedMs=102.05 sourceCount=2
[MEM-EVENT] preview.audio.stage8.barrier.cross | sinceStartMs=113.75
[MEM-EVENT] preview.audio.canonical.graph.schedule.begin | sources=2
[MEM-EVENT] preview.audio.canonical.graph.schedule.end | scheduled=1
[MEM-EVENT] preview.audio.stage8.graph.schedule.end | sinceStartMs=155.81 scheduleMs=42.05
[MEM-EVENT] preview.audio.canonical.engine.start.begin
[MEM-EVENT] preview.audio.canonical.player.play.begin
[MEM-EVENT] preview.audio.canonical.player.play.end
[MEM-EVENT] preview.audio.canonical.engine.start.end
[MEM-EVENT] preview.audio.stage8.player.play.end | sinceStartMs=155.83 playStartMs=0.01
[MEM-EVENT] preview.audio.canonical.scheduled | scheduled=1 sources=2 started=1
[MEM-EVENT] preview.audio.stage8.scheduled.total | sinceStartMs=155.84 totalStartToScheduledMs=155.84
[MEM-EVENT] preview.audio.canonical.nextChunk.requested | range=835200..<883200 gen=26 inFlight=1
[MEM-EVENT] preview.audio.canonical.nextChunk.render.begin | range=835200..<883200 gen=26
[MEM-EVENT] preview.audio.canonical.render.begin | segments=3 range=835200..<883200
[MEM-EVENT] preview.audio.stage8.cache.miss | range=835200..<883200 revision=ProjectRevision(raw: 6) epoch=PlaybackEpoch(raw: 6) planIdLen=1648
[MEM-EVENT] preview.audio.stage8.render.decode | source=app.audio.source.imported:D50F6AD6-4D5B-4277-81C8-4C3E750ABC2D sourceStart=87/5 frameCount=48000 intersectionFrames=48000 elapsedMs=31.72
[MEM-EVENT] preview.audio.stage8.render.decode | source=app.audio.source.videoLayer:scene-1-998960A7-9292-4785-9323-231FDE8CE58B:block_01 sourceStart=10399/48000 frameCount=48000 intersectionFrames=48000 elapsedMs=25.04
[MEM-EVENT] preview.audio.stage8.render.total | range=835200..<883200 segments=3 sources=2 elapsedMs=70.93
[MEM-EVENT] preview.audio.stage8.cache.store | range=835200..<883200 revision=ProjectRevision(raw: 6) epoch=PlaybackEpoch(raw: 6) planIdLen=1648
[MEM-EVENT] preview.audio.canonical.render.end | sources=2
[MEM-EVENT] preview.audio.canonical.nextChunk.render.end | range=835200..<883200 sourceCount=2
[MEM-EVENT] preview.audio.canonical.nextChunk.schedule.begin | range=835200..<883200 sources=2
[MEM-EVENT] preview.audio.canonical.nextChunk.schedule.end | range=835200..<883200 scheduled=1
[MEM-EVENT] preview.audio.canonical.nextChunk.requested | range=883200..<931200 gen=26 inFlight=1
[MEM-EVENT] preview.audio.canonical.nextChunk.render.begin | range=883200..<931200 gen=26
[MEM-EVENT] preview.audio.canonical.render.begin | segments=3 range=883200..<931200
[MEM-EVENT] preview.audio.stage8.cache.miss | range=883200..<931200 revision=ProjectRevision(raw: 6) epoch=PlaybackEpoch(raw: 6) planIdLen=1648
[MEM-EVENT] preview.audio.stage8.render.decode | source=app.audio.source.imported:D50F6AD6-4D5B-4277-81C8-4C3E750ABC2D sourceStart=92/5 frameCount=48000 intersectionFrames=48000 elapsedMs=29.52
[MEM-EVENT] preview.audio.stage8.render.decode | source=app.audio.source.videoLayer:scene-1-998960A7-9292-4785-9323-231FDE8CE58B:block_01 sourceStart=58399/48000 frameCount=48000 intersectionFrames=48000 elapsedMs=23.73
[MEM-EVENT] preview.audio.stage8.render.total | range=883200..<931200 segments=3 sources=2 elapsedMs=67.03
[MEM-EVENT] preview.audio.stage8.cache.store | range=883200..<931200 revision=ProjectRevision(raw: 6) epoch=PlaybackEpoch(raw: 6) planIdLen=1648
[MEM-EVENT] preview.audio.canonical.render.end | sources=2
[MEM-EVENT] preview.audio.canonical.nextChunk.render.end | range=883200..<931200 sourceCount=2
[MEM-EVENT] preview.audio.canonical.nextChunk.schedule.begin | range=883200..<931200 sources=2
[MEM-EVENT] preview.audio.canonical.nextChunk.schedule.end | range=883200..<931200 scheduled=1
[MEM-EVENT] preview.audio.canonical.nextChunk.requested | range=931200..<979200 gen=26 inFlight=1
[MEM-EVENT] preview.audio.canonical.nextChunk.render.begin | range=931200..<979200 gen=26
[MEM-EVENT] preview.audio.canonical.render.begin | segments=3 range=931200..<979200
[MEM-EVENT] preview.audio.stage8.cache.miss | range=931200..<979200 revision=ProjectRevision(raw: 6) epoch=PlaybackEpoch(raw: 6) planIdLen=1648
[MEM-EVENT] preview.audio.stage8.render.decode | source=app.audio.source.imported:D50F6AD6-4D5B-4277-81C8-4C3E750ABC2D sourceStart=97/5 frameCount=48000 intersectionFrames=48000 elapsedMs=29.52
[MEM-EVENT] preview.audio.stage8.render.decode | source=app.audio.source.videoLayer:scene-1-998960A7-9292-4785-9323-231FDE8CE58B:block_01 sourceStart=106399/48000 frameCount=48000 intersectionFrames=48000 elapsedMs=25.78
[MEM-EVENT] preview.audio.stage8.render.total | range=931200..<979200 segments=3 sources=2 elapsedMs=69.61
[MEM-EVENT] preview.audio.stage8.cache.store | range=931200..<979200 revision=ProjectRevision(raw: 6) epoch=PlaybackEpoch(raw: 6) planIdLen=1648
[MEM-EVENT] preview.audio.canonical.render.end | sources=2
[MEM-EVENT] preview.audio.canonical.nextChunk.render.end | range=931200..<979200 sourceCount=2
[MEM-EVENT] preview.audio.canonical.nextChunk.schedule.begin | range=931200..<979200 sources=2
[MEM-EVENT] preview.audio.canonical.nextChunk.schedule.end | range=931200..<979200 scheduled=1
[MEM-EVENT] preview.audio.canonical.nextChunk.requested | range=979200..<1027200 gen=26 inFlight=1
[MEM-EVENT] preview.audio.canonical.nextChunk.render.begin | range=979200..<1027200 gen=26
[MEM-EVENT] preview.audio.canonical.render.begin | segments=3 range=979200..<1027200
[MEM-EVENT] preview.audio.stage8.cache.miss | range=979200..<1027200 revision=ProjectRevision(raw: 6) epoch=PlaybackEpoch(raw: 6) planIdLen=1648
[MEM-EVENT] preview.audio.stage8.render.decode | source=app.audio.source.imported:D50F6AD6-4D5B-4277-81C8-4C3E750ABC2D sourceStart=102/5 frameCount=48000 intersectionFrames=48000 elapsedMs=29.05
[MEM-EVENT] preview.audio.stage8.render.decode | source=app.audio.source.videoLayer:scene-1-998960A7-9292-4785-9323-231FDE8CE58B:block_01 sourceStart=154399/48000 frameCount=48000 intersectionFrames=48000 elapsedMs=23.88
[MEM-EVENT] preview.audio.stage8.render.total | range=979200..<1027200 segments=3 sources=2 elapsedMs=66.74
[MEM-EVENT] preview.audio.stage8.cache.store | range=979200..<1027200 revision=ProjectRevision(raw: 6) epoch=PlaybackEpoch(raw: 6) planIdLen=1648
[MEM-EVENT] preview.audio.canonical.render.end | sources=2
[MEM-EVENT] preview.audio.canonical.nextChunk.render.end | range=979200..<1027200 sourceCount=2
[MEM-EVENT] preview.audio.canonical.nextChunk.schedule.begin | range=979200..<1027200 sources=2
[MEM-EVENT] preview.audio.canonical.nextChunk.schedule.end | range=979200..<1027200 scheduled=1
[MEM-EVENT] preview.audio.canonical.nextChunk.requested | range=1027200..<1064801 gen=26 inFlight=1
[MEM-EVENT] preview.audio.canonical.nextChunk.render.begin | range=1027200..<1064801 gen=26
[MEM-EVENT] preview.audio.canonical.render.begin | segments=3 range=1027200..<1064801
[MEM-EVENT] preview.audio.stage8.cache.miss | range=1027200..<1064801 revision=ProjectRevision(raw: 6) epoch=PlaybackEpoch(raw: 6) planIdLen=1648
[MEM-EVENT] preview.audio.stage8.render.decode | source=app.audio.source.imported:D50F6AD6-4D5B-4277-81C8-4C3E750ABC2D sourceStart=107/5 frameCount=37600 intersectionFrames=37601 elapsedMs=29.46
[MEM-EVENT] preview.audio.stage8.render.decode | source=app.audio.source.videoLayer:scene-1-998960A7-9292-4785-9323-231FDE8CE58B:block_01 sourceStart=202399/48000 frameCount=37601 intersectionFrames=37601 elapsedMs=24.00
[MEM-EVENT] preview.audio.stage8.render.total | range=1027200..<1064801 segments=3 sources=2 elapsedMs=64.63
[MEM-EVENT] preview.audio.stage8.cache.store | range=1027200..<1064801 revision=ProjectRevision(raw: 6) epoch=PlaybackEpoch(raw: 6) planIdLen=1648
[MEM-EVENT] preview.audio.canonical.render.end | sources=2
[MEM-EVENT] preview.audio.canonical.nextChunk.render.end | range=1027200..<1064801 sourceCount=2
[MEM-EVENT] preview.audio.canonical.nextChunk.schedule.begin | range=1027200..<1064801 sources=2
[MEM-EVENT] preview.audio.canonical.nextChunk.schedule.end | range=1027200..<1064801 scheduled=1
[MEM-EVENT] preview.audio.canonical.nextChunk.endOfPlan | planEnd=1064801
[PERF] FPS: 22.5 | CPU: 32.9% (1core), 5.5% (all) | MEM: 115MB res, 162MB foot | GPU: n/a | DRAW: avg 0.00ms, p95 0.00ms, max 0.00ms
[MEM-EVENT] playback.audio.stop.begin
[MEM-EVENT] displayLink.invalidate | obj=4175345255548646732
[MEM-EVENT] VideoFrameProvider.stopPlayback | obj=7904400881620801490 flush=false hasPlaybackTex=true hasStillTex=true hasInteractiveTex=true hasHoldTex=false
[MEM-EVENT] playback.idleReclaim.skip | reason=scrubActive
[SCRUB-DIAG] FINAL - scroll: 0.0/s | scrubChanged: 0.0/s | playhead: 0.0/s (elapsed: 2.31s)
[MEM-EVENT] audio.session.activate.begin
[MEM-EVENT] audio.session.activate.end | ok=1
[MEM-EVENT] playback.audio.start.begin | compressedFrame=388 projectTimeUs=12933333 state=timelinePreview isPlayingBefore=0
[MEM-EVENT] displayLink.create | obj=4175345255548646732
[MEM-DIAG] playback.start | footprint: 165MB | resident: 115MB | available: 2906MB | metal: 125MB | SceneInstanceRuntime: 2 | UserMediaService: 3 | VideoFrameProvider: 3
[MEM-EVENT] playback.audio.previewStart.call | projectTimeUs=12933333 hostTime=195562.02122195836
[MEM-EVENT] preview.audio.select | toggle=ON controller=Canonical
[MEM-EVENT] preview.audio.start | dirty=0 hasPipeline=1 readiness=primed
[MEM-EVENT] preview.audio.canonical.legacyGateBypassed | seconds=12.933333 hostTime=195562.02122195836
[MEM-EVENT] preview.audio.canonical.startPlayback.call | seconds=12.933333
[MEM-EVENT] preview.audio.stage8.startPlayback.call | sinceStartMs=0.01 fromSeconds=12.933333
[MEM-EVENT] preview.audio.stage8.plan.eval | sinceStartMs=5.70 elapsedMs=5.54 segments=3
[MEM-EVENT] preview.audio.canonical.plan | segments=3 fromSeconds=12.933333
[MEM-EVENT] preview.audio.stage8.setup.end | sinceStartMs=9.27 graph+session+output+anchor done
[MEM-EVENT] preview.audio.canonical.preroll.build.begin | planSegments=3 range=620799..<630399 gen=22
[MEM-EVENT] preview.audio.stage8.preroll.begin | sinceStartMs=9.42 range=620799..<630399 sampleCount=9600 initialPrerollSamples=9600 maxChunkSamples=48000
[MEM-EVENT] preview.audio.canonical.render.begin | segments=3 range=620799..<630399
[MEM-EVENT] preview.audio.stage8.cache.miss | range=620799..<630399 revision=ProjectRevision(raw: 7) epoch=PlaybackEpoch(raw: 7) planIdLen=1648
[VideoFrameProvider] playback: 17 OK, 1 nil (5.6%) | itemTime=12.953s | lastExtracted=nils | active=true
[MEM-EVENT] preview.audio.canonical.firstFrameSignal | delivered=1
[MEM-EVENT] preview.audio.stage8.firstFrameSignal | sinceStartMs=27.70 barrierReason=firstFrameArrivedPrerollNotReady
[MEM-EVENT] preview.audio.stage8.render.decode | source=app.audio.source.imported:D50F6AD6-4D5B-4277-81C8-4C3E750ABC2D sourceStart=206933/16000 frameCount=9600 intersectionFrames=9600 elapsedMs=60.96
[MEM-EVENT] preview.audio.stage8.render.decode | source=app.audio.source.videoLayer:scene-0-BBB22040-71D4-4001-8BBD-73623FEC4324:block_01 sourceStart=206933/16000 frameCount=9600 intersectionFrames=9600 elapsedMs=32.94
[MEM-EVENT] preview.audio.stage8.render.total | range=620799..<630399 segments=3 sources=2 elapsedMs=97.84
[MEM-EVENT] preview.audio.stage8.cache.store | range=620799..<630399 revision=ProjectRevision(raw: 7) epoch=PlaybackEpoch(raw: 7) planIdLen=1648
[MEM-EVENT] preview.audio.canonical.render.end | sources=2
[MEM-EVENT] preview.audio.canonical.preroll.build.end | sourceCount=2 bufferCount=2
[MEM-EVENT] preview.audio.stage8.preroll.end | sinceStartMs=108.68 renderElapsedMs=99.26 sourceCount=2
[MEM-EVENT] preview.audio.stage8.barrier.cross | sinceStartMs=108.68
[MEM-EVENT] preview.audio.canonical.graph.schedule.begin | sources=2
[MEM-EVENT] preview.audio.canonical.graph.schedule.end | scheduled=1
[MEM-EVENT] preview.audio.stage8.graph.schedule.end | sinceStartMs=149.15 scheduleMs=40.46
[MEM-EVENT] preview.audio.canonical.engine.start.begin
[MEM-EVENT] preview.audio.canonical.player.play.begin
[MEM-EVENT] preview.audio.canonical.player.play.end
[MEM-EVENT] preview.audio.canonical.engine.start.end
[MEM-EVENT] preview.audio.stage8.player.play.end | sinceStartMs=149.18 playStartMs=0.02
[MEM-EVENT] preview.audio.canonical.scheduled | scheduled=1 sources=2 started=1
[MEM-EVENT] preview.audio.stage8.scheduled.total | sinceStartMs=149.19 totalStartToScheduledMs=149.19
[MEM-EVENT] preview.audio.canonical.nextChunk.requested | range=630399..<678399 gen=30 inFlight=1
[MEM-EVENT] preview.audio.canonical.nextChunk.render.begin | range=630399..<678399 gen=30
[MEM-EVENT] preview.audio.canonical.render.begin | segments=3 range=630399..<678399
[MEM-EVENT] preview.audio.stage8.cache.miss | range=630399..<678399 revision=ProjectRevision(raw: 7) epoch=PlaybackEpoch(raw: 7) planIdLen=1648
[MEM-EVENT] preview.audio.stage8.render.decode | source=app.audio.source.imported:D50F6AD6-4D5B-4277-81C8-4C3E750ABC2D sourceStart=210133/16000 frameCount=48000 intersectionFrames=48000 elapsedMs=32.83
[MEM-EVENT] preview.audio.stage8.render.decode | source=app.audio.source.videoLayer:scene-0-BBB22040-71D4-4001-8BBD-73623FEC4324:block_01 sourceStart=210133/16000 frameCount=48000 intersectionFrames=48000 elapsedMs=25.23
[MEM-EVENT] preview.audio.stage8.render.total | range=630399..<678399 segments=3 sources=2 elapsedMs=72.16
[MEM-EVENT] preview.audio.stage8.cache.store | range=630399..<678399 revision=ProjectRevision(raw: 7) epoch=PlaybackEpoch(raw: 7) planIdLen=1648
[MEM-EVENT] preview.audio.canonical.render.end | sources=2
[MEM-EVENT] preview.audio.canonical.nextChunk.render.end | range=630399..<678399 sourceCount=2
[MEM-EVENT] preview.audio.canonical.nextChunk.schedule.begin | range=630399..<678399 sources=2
[MEM-EVENT] preview.audio.canonical.nextChunk.schedule.end | range=630399..<678399 scheduled=1
[MEM-EVENT] preview.audio.canonical.nextChunk.requested | range=678399..<726399 gen=30 inFlight=1
[MEM-EVENT] preview.audio.canonical.nextChunk.render.begin | range=678399..<726399 gen=30
[MEM-EVENT] preview.audio.canonical.render.begin | segments=3 range=678399..<726399
[MEM-EVENT] preview.audio.stage8.cache.miss | range=678399..<726399 revision=ProjectRevision(raw: 7) epoch=PlaybackEpoch(raw: 7) planIdLen=1648
[MEM-EVENT] preview.audio.stage8.render.decode | source=app.audio.source.imported:D50F6AD6-4D5B-4277-81C8-4C3E750ABC2D sourceStart=226133/16000 frameCount=48000 intersectionFrames=48000 elapsedMs=30.54
[MEM-EVENT] preview.audio.stage8.render.decode | source=app.audio.source.videoLayer:scene-0-BBB22040-71D4-4001-8BBD-73623FEC4324:block_01 sourceStart=226133/16000 frameCount=48000 intersectionFrames=48000 elapsedMs=25.56
[MEM-EVENT] preview.audio.stage8.render.total | range=678399..<726399 segments=3 sources=2 elapsedMs=69.98
[MEM-EVENT] preview.audio.stage8.cache.store | range=678399..<726399 revision=ProjectRevision(raw: 7) epoch=PlaybackEpoch(raw: 7) planIdLen=1648
[MEM-EVENT] preview.audio.canonical.render.end | sources=2
[MEM-EVENT] preview.audio.canonical.nextChunk.render.end | range=678399..<726399 sourceCount=2
[MEM-EVENT] preview.audio.canonical.nextChunk.schedule.begin | range=678399..<726399 sources=2
[MEM-EVENT] preview.audio.canonical.nextChunk.schedule.end | range=678399..<726399 scheduled=1
[MEM-EVENT] preview.audio.canonical.nextChunk.requested | range=726399..<774399 gen=30 inFlight=1
[MEM-EVENT] preview.audio.canonical.nextChunk.render.begin | range=726399..<774399 gen=30
[MEM-EVENT] preview.audio.canonical.render.begin | segments=3 range=726399..<774399
[MEM-EVENT] preview.audio.stage8.cache.miss | range=726399..<774399 revision=ProjectRevision(raw: 7) epoch=PlaybackEpoch(raw: 7) planIdLen=1648
[MEM-EVENT] preview.audio.stage8.render.decode | source=app.audio.source.imported:D50F6AD6-4D5B-4277-81C8-4C3E750ABC2D sourceStart=242133/16000 frameCount=48000 intersectionFrames=48000 elapsedMs=30.27
[MEM-EVENT] preview.audio.stage8.render.decode | source=app.audio.source.videoLayer:scene-0-BBB22040-71D4-4001-8BBD-73623FEC4324:block_01 sourceStart=242133/16000 frameCount=48000 intersectionFrames=48000 elapsedMs=24.19
[MEM-EVENT] preview.audio.stage8.render.total | range=726399..<774399 segments=3 sources=2 elapsedMs=68.29
[MEM-EVENT] preview.audio.stage8.cache.store | range=726399..<774399 revision=ProjectRevision(raw: 7) epoch=PlaybackEpoch(raw: 7) planIdLen=1648
[MEM-EVENT] preview.audio.canonical.render.end | sources=2
[MEM-EVENT] preview.audio.canonical.nextChunk.render.end | range=726399..<774399 sourceCount=2
[MEM-EVENT] preview.audio.canonical.nextChunk.schedule.begin | range=726399..<774399 sources=2
[MEM-EVENT] preview.audio.canonical.nextChunk.schedule.end | range=726399..<774399 scheduled=1
[MEM-EVENT] preview.audio.canonical.nextChunk.requested | range=774399..<822399 gen=30 inFlight=1
[MEM-EVENT] preview.audio.canonical.nextChunk.render.begin | range=774399..<822399 gen=30
[MEM-EVENT] preview.audio.canonical.render.begin | segments=3 range=774399..<822399
[MEM-EVENT] preview.audio.stage8.cache.miss | range=774399..<822399 revision=ProjectRevision(raw: 7) epoch=PlaybackEpoch(raw: 7) planIdLen=1648
[MEM-EVENT] preview.audio.stage8.render.decode | source=app.audio.source.imported:D50F6AD6-4D5B-4277-81C8-4C3E750ABC2D sourceStart=258133/16000 frameCount=48000 intersectionFrames=48000 elapsedMs=30.51
[PERF] FPS: 26.5 | CPU: 37.2% (1core), 6.2% (all) | MEM: 115MB res, 237MB foot | GPU: n/a | DRAW: avg 0.00ms, p95 0.00ms, max 0.00ms
[MEM-EVENT] preview.audio.stage8.render.decode | source=app.audio.source.videoLayer:scene-0-BBB22040-71D4-4001-8BBD-73623FEC4324:block_01 sourceStart=258133/16000 frameCount=48000 intersectionFrames=48000 elapsedMs=25.15
[MEM-EVENT] preview.audio.stage8.render.total | range=774399..<822399 segments=3 sources=2 elapsedMs=69.44
[MEM-EVENT] preview.audio.stage8.cache.store | range=774399..<822399 revision=ProjectRevision(raw: 7) epoch=PlaybackEpoch(raw: 7) planIdLen=1648
[MEM-EVENT] preview.audio.canonical.render.end | sources=2
[MEM-EVENT] preview.audio.canonical.nextChunk.render.end | range=774399..<822399 sourceCount=2
[MEM-EVENT] preview.audio.canonical.nextChunk.schedule.begin | range=774399..<822399 sources=2
[MEM-EVENT] preview.audio.canonical.nextChunk.schedule.end | range=774399..<822399 scheduled=1
[MEM-EVENT] preview.audio.canonical.nextChunk.requested | range=822399..<870399 gen=30 inFlight=1
[MEM-EVENT] preview.audio.canonical.nextChunk.render.begin | range=822399..<870399 gen=30
[MEM-EVENT] preview.audio.canonical.render.begin | segments=3 range=822399..<870399
[MEM-EVENT] preview.audio.stage8.cache.miss | range=822399..<870399 revision=ProjectRevision(raw: 7) epoch=PlaybackEpoch(raw: 7) planIdLen=1648
[MEM-EVENT] preview.audio.stage8.render.decode | source=app.audio.source.imported:D50F6AD6-4D5B-4277-81C8-4C3E750ABC2D sourceStart=274133/16000 frameCount=48000 intersectionFrames=48000 elapsedMs=30.68
[MEM-EVENT] preview.audio.stage8.render.decode | source=app.audio.source.videoLayer:scene-0-BBB22040-71D4-4001-8BBD-73623FEC4324:block_01 sourceStart=274133/16000 frameCount=2401 intersectionFrames=2402 elapsedMs=24.62
[MEM-EVENT] preview.audio.stage8.render.decode | source=app.audio.source.videoLayer:scene-1-998960A7-9292-4785-9323-231FDE8CE58B:block_01 sourceStart=0/1 frameCount=45598 intersectionFrames=45598 elapsedMs=26.91
[MEM-EVENT] preview.audio.stage8.render.total | range=822399..<870399 segments=3 sources=3 elapsedMs=97.07
[MEM-EVENT] preview.audio.stage8.cache.store | range=822399..<870399 revision=ProjectRevision(raw: 7) epoch=PlaybackEpoch(raw: 7) planIdLen=1648
[MEM-EVENT] preview.audio.canonical.render.end | sources=3
[MEM-EVENT] preview.audio.canonical.nextChunk.render.end | range=822399..<870399 sourceCount=3
[MEM-EVENT] preview.audio.canonical.nextChunk.schedule.begin | range=822399..<870399 sources=3
[MEM-EVENT] preview.audio.canonical.nextChunk.schedule.end | range=822399..<870399 scheduled=1
[MEM-EVENT] preview.audio.canonical.nextChunk.requested | range=870399..<918399 gen=30 inFlight=1
[MEM-EVENT] preview.audio.canonical.nextChunk.render.begin | range=870399..<918399 gen=30
[MEM-EVENT] preview.audio.canonical.render.begin | segments=3 range=870399..<918399
[MEM-EVENT] preview.audio.stage8.cache.miss | range=870399..<918399 revision=ProjectRevision(raw: 7) epoch=PlaybackEpoch(raw: 7) planIdLen=1648
[MEM-EVENT] preview.audio.stage8.render.decode | source=app.audio.source.imported:D50F6AD6-4D5B-4277-81C8-4C3E750ABC2D sourceStart=290133/16000 frameCount=48000 intersectionFrames=48000 elapsedMs=33.49
[MEM-EVENT] preview.audio.stage8.render.decode | source=app.audio.source.videoLayer:scene-1-998960A7-9292-4785-9323-231FDE8CE58B:block_01 sourceStart=22799/24000 frameCount=48000 intersectionFrames=48000 elapsedMs=23.88
[MEM-EVENT] preview.audio.stage8.render.total | range=870399..<918399 segments=3 sources=2 elapsedMs=71.17
[MEM-EVENT] preview.audio.stage8.cache.store | range=870399..<918399 revision=ProjectRevision(raw: 7) epoch=PlaybackEpoch(raw: 7) planIdLen=1648
[MEM-EVENT] preview.audio.canonical.render.end | sources=2
[MEM-EVENT] preview.audio.canonical.nextChunk.render.end | range=870399..<918399 sourceCount=2
[MEM-EVENT] preview.audio.canonical.nextChunk.schedule.begin | range=870399..<918399 sources=2
[MEM-EVENT] preview.audio.canonical.nextChunk.schedule.end | range=870399..<918399 scheduled=1
[MEM-EVENT] preview.audio.canonical.nextChunk.requested | range=918399..<966399 gen=30 inFlight=1
[MEM-EVENT] preview.audio.canonical.nextChunk.render.begin | range=918399..<966399 gen=30
[MEM-EVENT] preview.audio.canonical.render.begin | segments=3 range=918399..<966399
[MEM-EVENT] preview.audio.stage8.cache.miss | range=918399..<966399 revision=ProjectRevision(raw: 7) epoch=PlaybackEpoch(raw: 7) planIdLen=1648
[MEM-EVENT] preview.audio.stage8.render.decode | source=app.audio.source.imported:D50F6AD6-4D5B-4277-81C8-4C3E750ABC2D sourceStart=306133/16000 frameCount=48000 intersectionFrames=48000 elapsedMs=29.77
[MEM-EVENT] preview.audio.stage8.render.decode | source=app.audio.source.videoLayer:scene-1-998960A7-9292-4785-9323-231FDE8CE58B:block_01 sourceStart=46799/24000 frameCount=48000 intersectionFrames=48000 elapsedMs=25.76
[MEM-EVENT] preview.audio.stage8.render.total | range=918399..<966399 segments=3 sources=2 elapsedMs=69.40
[MEM-EVENT] preview.audio.stage8.cache.store | range=918399..<966399 revision=ProjectRevision(raw: 7) epoch=PlaybackEpoch(raw: 7) planIdLen=1648
[MEM-EVENT] preview.audio.canonical.render.end | sources=2
[MEM-EVENT] preview.audio.canonical.nextChunk.render.end | range=918399..<966399 sourceCount=2
[MEM-EVENT] preview.audio.canonical.nextChunk.schedule.begin | range=918399..<966399 sources=2
[MEM-EVENT] preview.audio.canonical.nextChunk.schedule.end | range=918399..<966399 scheduled=1
[MEM-EVENT] preview.audio.canonical.nextChunk.requested | range=966399..<1014399 gen=30 inFlight=1
[MEM-EVENT] preview.audio.canonical.nextChunk.render.begin | range=966399..<1014399 gen=30
[MEM-EVENT] preview.audio.canonical.render.begin | segments=3 range=966399..<1014399
[MEM-EVENT] preview.audio.stage8.cache.miss | range=966399..<1014399 revision=ProjectRevision(raw: 7) epoch=PlaybackEpoch(raw: 7) planIdLen=1648
[MEM-EVENT] preview.audio.stage8.render.decode | source=app.audio.source.imported:D50F6AD6-4D5B-4277-81C8-4C3E750ABC2D sourceStart=322133/16000 frameCount=48000 intersectionFrames=48000 elapsedMs=30.69
[MEM-EVENT] preview.audio.stage8.render.decode | source=app.audio.source.videoLayer:scene-1-998960A7-9292-4785-9323-231FDE8CE58B:block_01 sourceStart=70799/24000 frameCount=48000 intersectionFrames=48000 elapsedMs=26.15
[MEM-EVENT] preview.audio.stage8.render.total | range=966399..<1014399 segments=3 sources=2 elapsedMs=70.86
[MEM-EVENT] preview.audio.stage8.cache.store | range=966399..<1014399 revision=ProjectRevision(raw: 7) epoch=PlaybackEpoch(raw: 7) planIdLen=1648
[MEM-EVENT] preview.audio.canonical.render.end | sources=2
[MEM-EVENT] preview.audio.canonical.nextChunk.render.end | range=966399..<1014399 sourceCount=2
[MEM-EVENT] preview.audio.canonical.nextChunk.schedule.begin | range=966399..<1014399 sources=2
[MEM-EVENT] preview.audio.canonical.nextChunk.schedule.end | range=966399..<1014399 scheduled=1
[MEM-EVENT] preview.audio.canonical.nextChunk.requested | range=1014399..<1062399 gen=30 inFlight=1
[MEM-EVENT] preview.audio.canonical.nextChunk.render.begin | range=1014399..<1062399 gen=30
[MEM-EVENT] preview.audio.canonical.render.begin | segments=3 range=1014399..<1062399
[MEM-EVENT] preview.audio.stage8.cache.miss | range=1014399..<1062399 revision=ProjectRevision(raw: 7) epoch=PlaybackEpoch(raw: 7) planIdLen=1648
[MEM-EVENT] preview.audio.stage8.render.decode | source=app.audio.source.imported:D50F6AD6-4D5B-4277-81C8-4C3E750ABC2D sourceStart=338133/16000 frameCount=48000 intersectionFrames=48000 elapsedMs=30.54
[MEM-EVENT] preview.audio.stage8.render.decode | source=app.audio.source.videoLayer:scene-1-998960A7-9292-4785-9323-231FDE8CE58B:block_01 sourceStart=94799/24000 frameCount=48000 intersectionFrames=48000 elapsedMs=26.18
[MEM-EVENT] preview.audio.stage8.render.total | range=1014399..<1062399 segments=3 sources=2 elapsedMs=70.43
[MEM-EVENT] preview.audio.stage8.cache.store | range=1014399..<1062399 revision=ProjectRevision(raw: 7) epoch=PlaybackEpoch(raw: 7) planIdLen=1648
[MEM-EVENT] preview.audio.canonical.render.end | sources=2
[MEM-EVENT] preview.audio.canonical.nextChunk.render.end | range=1014399..<1062399 sourceCount=2
[MEM-EVENT] preview.audio.canonical.nextChunk.schedule.begin | range=1014399..<1062399 sources=2
[MEM-EVENT] preview.audio.canonical.nextChunk.schedule.end | range=1014399..<1062399 scheduled=1
[MEM-EVENT] preview.audio.canonical.nextChunk.requested | range=1062399..<1064801 gen=30 inFlight=1
[MEM-EVENT] playback.audio.stop.begin
[MEM-EVENT] displayLink.invalidate | obj=4175345255548646732
[MEM-EVENT] VideoFrameProvider.stopPlayback | obj=3089768789542091402 flush=false hasPlaybackTex=true hasStillTex=true hasInteractiveTex=true hasHoldTex=false
[MEM-EVENT] preview.audio.canonical.nextChunk.render.begin | range=1062399..<1064801 gen=30
[MEM-EVENT] preview.audio.canonical.render.begin | segments=3 range=1062399..<1064801
[MEM-EVENT] preview.audio.stage8.cache.miss | range=1062399..<1064801 revision=ProjectRevision(raw: 7) epoch=PlaybackEpoch(raw: 7) planIdLen=1648
[MEM-EVENT] preview.audio.stage8.render.decode | source=app.audio.source.imported:D50F6AD6-4D5B-4277-81C8-4C3E750ABC2D sourceStart=354133/16000 frameCount=2401 intersectionFrames=2402 elapsedMs=69.74
[MEM-EVENT] preview.audio.stage8.render.decode | source=app.audio.source.videoLayer:scene-1-998960A7-9292-4785-9323-231FDE8CE58B:block_01 sourceStart=118799/24000 frameCount=2402 intersectionFrames=2402 elapsedMs=29.60
[MEM-EVENT] preview.audio.stage8.render.total | range=1062399..<1064801 segments=3 sources=2 elapsedMs=100.10
[MEM-EVENT] preview.audio.stage8.cache.store | range=1062399..<1064801 revision=ProjectRevision(raw: 7) epoch=PlaybackEpoch(raw: 7) planIdLen=1648
[MEM-EVENT] preview.audio.canonical.render.end | sources=2
[MEM-EVENT] preview.audio.canonical.nextChunk.dropped | gen=30 current=32 reason=staleOrStopped
[SCRUB-DIAG] FINAL - scroll: 0.0/s | scrubChanged: 0.0/s | playhead: 0.0/s (elapsed: 2.08s)
[SCRUB-DIAG] FINAL - scroll: 0.0/s | scrubChanged: 0.0/s | playhead: 0.0/s (elapsed: 0.37s)
[MEM-EVENT] audio.session.activate.begin
[MEM-EVENT] audio.session.activate.end | ok=1
[MEM-EVENT] playback.audio.start.begin | compressedFrame=131 projectTimeUs=4366666 state=timelinePreview isPlayingBefore=0
[MEM-EVENT] displayLink.create | obj=4175345255548646732
[MEM-DIAG] playback.start | footprint: 252MB | resident: 114MB | available: 2819MB | metal: 212MB | SceneInstanceRuntime: 2 | UserMediaService: 3 | VideoFrameProvider: 3
[MEM-EVENT] playback.audio.previewStart.call | projectTimeUs=4366666 hostTime=195564.39203387505
[MEM-EVENT] preview.audio.select | toggle=ON controller=Canonical
[MEM-EVENT] preview.audio.start | dirty=0 hasPipeline=1 readiness=primed
[MEM-EVENT] preview.audio.canonical.legacyGateBypassed | seconds=4.366666 hostTime=195564.39203387505
[MEM-EVENT] preview.audio.canonical.startPlayback.call | seconds=4.366666
[MEM-EVENT] preview.audio.stage8.startPlayback.call | sinceStartMs=0.01 fromSeconds=4.366666
[MEM-EVENT] preview.audio.stage8.plan.eval | sinceStartMs=5.55 elapsedMs=5.41 segments=3
[MEM-EVENT] preview.audio.canonical.plan | segments=3 fromSeconds=4.366666
[MEM-EVENT] preview.audio.stage8.setup.end | sinceStartMs=9.06 graph+session+output+anchor done
[MEM-EVENT] preview.audio.canonical.preroll.build.begin | planSegments=3 range=209599..<219199 gen=25
[MEM-EVENT] preview.audio.stage8.preroll.begin | sinceStartMs=9.17 range=209599..<219199 sampleCount=9600 initialPrerollSamples=9600 maxChunkSamples=48000
[MEM-EVENT] preview.audio.canonical.render.begin | segments=3 range=209599..<219199
[MEM-EVENT] preview.audio.stage8.cache.miss | range=209599..<219199 revision=ProjectRevision(raw: 8) epoch=PlaybackEpoch(raw: 8) planIdLen=1648
[VideoFrameProvider] playback: 29 OK, 1 nil (3.3%) | itemTime=13.971s | lastExtracted=13.970s | active=true
[MEM-EVENT] preview.audio.canonical.firstFrameSignal | delivered=1
[MEM-EVENT] preview.audio.stage8.firstFrameSignal | sinceStartMs=13.33 barrierReason=firstFrameArrivedPrerollNotReady
[MEM-EVENT] preview.audio.stage8.render.decode | source=app.audio.source.imported:D50F6AD6-4D5B-4277-81C8-4C3E750ABC2D sourceStart=209599/48000 frameCount=9600 intersectionFrames=9600 elapsedMs=63.48
[PERF] FPS: 22.0 | CPU: 12.9% (1core), 2.1% (all) | MEM: 114MB res, 181MB foot | GPU: n/a | DRAW: avg 0.00ms, p95 0.00ms, max 0.00ms
[MEM-EVENT] preview.audio.stage8.render.decode | source=app.audio.source.videoLayer:scene-0-BBB22040-71D4-4001-8BBD-73623FEC4324:block_01 sourceStart=209599/48000 frameCount=9600 intersectionFrames=9600 elapsedMs=31.04
[MEM-EVENT] preview.audio.stage8.render.total | range=209599..<219199 segments=3 sources=2 elapsedMs=98.56
[MEM-EVENT] preview.audio.stage8.cache.store | range=209599..<219199 revision=ProjectRevision(raw: 8) epoch=PlaybackEpoch(raw: 8) planIdLen=1648
[MEM-EVENT] preview.audio.canonical.render.end | sources=2
[MEM-EVENT] preview.audio.canonical.preroll.build.end | sourceCount=2 bufferCount=2
[MEM-EVENT] preview.audio.stage8.preroll.end | sinceStartMs=108.47 renderElapsedMs=99.31 sourceCount=2
[MEM-EVENT] preview.audio.stage8.barrier.cross | sinceStartMs=108.48
[MEM-EVENT] preview.audio.canonical.graph.schedule.begin | sources=2
[MEM-EVENT] preview.audio.canonical.graph.schedule.end | scheduled=1
[MEM-EVENT] preview.audio.stage8.graph.schedule.end | sinceStartMs=146.07 scheduleMs=37.57
[MEM-EVENT] preview.audio.canonical.engine.start.begin
[MEM-EVENT] preview.audio.canonical.player.play.begin
[MEM-EVENT] preview.audio.canonical.player.play.end
[MEM-EVENT] preview.audio.canonical.engine.start.end
[MEM-EVENT] preview.audio.stage8.player.play.end | sinceStartMs=146.09 playStartMs=0.02
[MEM-EVENT] preview.audio.canonical.scheduled | scheduled=1 sources=2 started=1
[MEM-EVENT] preview.audio.stage8.scheduled.total | sinceStartMs=146.11 totalStartToScheduledMs=146.10
[MEM-EVENT] preview.audio.canonical.nextChunk.requested | range=219199..<267199 gen=34 inFlight=1
[MEM-EVENT] preview.audio.canonical.nextChunk.render.begin | range=219199..<267199 gen=34
[MEM-EVENT] preview.audio.canonical.render.begin | segments=3 range=219199..<267199
[MEM-EVENT] preview.audio.stage8.cache.miss | range=219199..<267199 revision=ProjectRevision(raw: 8) epoch=PlaybackEpoch(raw: 8) planIdLen=1648
[MEM-EVENT] preview.audio.stage8.render.decode | source=app.audio.source.imported:D50F6AD6-4D5B-4277-81C8-4C3E750ABC2D sourceStart=219199/48000 frameCount=48000 intersectionFrames=48000 elapsedMs=31.27
[MEM-EVENT] preview.audio.stage8.render.decode | source=app.audio.source.videoLayer:scene-0-BBB22040-71D4-4001-8BBD-73623FEC4324:block_01 sourceStart=219199/48000 frameCount=48000 intersectionFrames=48000 elapsedMs=23.78
[MEM-EVENT] preview.audio.stage8.render.total | range=219199..<267199 segments=3 sources=2 elapsedMs=69.78
[MEM-EVENT] preview.audio.stage8.cache.store | range=219199..<267199 revision=ProjectRevision(raw: 8) epoch=PlaybackEpoch(raw: 8) planIdLen=1648
[MEM-EVENT] preview.audio.canonical.render.end | sources=2
[MEM-EVENT] preview.audio.canonical.nextChunk.render.end | range=219199..<267199 sourceCount=2
[MEM-EVENT] preview.audio.canonical.nextChunk.schedule.begin | range=219199..<267199 sources=2
[MEM-EVENT] preview.audio.canonical.nextChunk.schedule.end | range=219199..<267199 scheduled=1
[MEM-EVENT] preview.audio.canonical.nextChunk.requested | range=267199..<315199 gen=34 inFlight=1
[MEM-EVENT] preview.audio.canonical.nextChunk.render.begin | range=267199..<315199 gen=34
[MEM-EVENT] preview.audio.canonical.render.begin | segments=3 range=267199..<315199
[MEM-EVENT] preview.audio.stage8.cache.miss | range=267199..<315199 revision=ProjectRevision(raw: 8) epoch=PlaybackEpoch(raw: 8) planIdLen=1648
[MEM-EVENT] preview.audio.stage8.render.decode | source=app.audio.source.imported:D50F6AD6-4D5B-4277-81C8-4C3E750ABC2D sourceStart=267199/48000 frameCount=48000 intersectionFrames=48000 elapsedMs=30.43
[MEM-EVENT] preview.audio.stage8.render.decode | source=app.audio.source.videoLayer:scene-0-BBB22040-71D4-4001-8BBD-73623FEC4324:block_01 sourceStart=267199/48000 frameCount=48000 intersectionFrames=48000 elapsedMs=26.23
[MEM-EVENT] preview.audio.stage8.render.total | range=267199..<315199 segments=3 sources=2 elapsedMs=70.35
[MEM-EVENT] preview.audio.stage8.cache.store | range=267199..<315199 revision=ProjectRevision(raw: 8) epoch=PlaybackEpoch(raw: 8) planIdLen=1648
[MEM-EVENT] preview.audio.canonical.render.end | sources=2
[MEM-EVENT] preview.audio.canonical.nextChunk.render.end | range=267199..<315199 sourceCount=2
[MEM-EVENT] preview.audio.canonical.nextChunk.schedule.begin | range=267199..<315199 sources=2
[MEM-EVENT] preview.audio.canonical.nextChunk.schedule.end | range=267199..<315199 scheduled=1
[MEM-EVENT] preview.audio.canonical.nextChunk.requested | range=315199..<363199 gen=34 inFlight=1
[MEM-EVENT] preview.audio.canonical.nextChunk.render.begin | range=315199..<363199 gen=34
[MEM-EVENT] preview.audio.canonical.render.begin | segments=3 range=315199..<363199
[MEM-EVENT] preview.audio.stage8.cache.miss | range=315199..<363199 revision=ProjectRevision(raw: 8) epoch=PlaybackEpoch(raw: 8) planIdLen=1648
[MEM-EVENT] preview.audio.stage8.render.decode | source=app.audio.source.imported:D50F6AD6-4D5B-4277-81C8-4C3E750ABC2D sourceStart=315199/48000 frameCount=48000 intersectionFrames=48000 elapsedMs=29.72
[MEM-EVENT] preview.audio.stage8.render.decode | source=app.audio.source.videoLayer:scene-0-BBB22040-71D4-4001-8BBD-73623FEC4324:block_01 sourceStart=315199/48000 frameCount=48000 intersectionFrames=48000 elapsedMs=24.56
[MEM-EVENT] preview.audio.stage8.render.total | range=315199..<363199 segments=3 sources=2 elapsedMs=68.06
[MEM-EVENT] preview.audio.stage8.cache.store | range=315199..<363199 revision=ProjectRevision(raw: 8) epoch=PlaybackEpoch(raw: 8) planIdLen=1648
[MEM-EVENT] preview.audio.canonical.render.end | sources=2
[MEM-EVENT] preview.audio.canonical.nextChunk.render.end | range=315199..<363199 sourceCount=2
[MEM-EVENT] preview.audio.canonical.nextChunk.schedule.begin | range=315199..<363199 sources=2
[MEM-EVENT] preview.audio.canonical.nextChunk.schedule.end | range=315199..<363199 scheduled=1
[MEM-EVENT] preview.audio.canonical.nextChunk.requested | range=363199..<411199 gen=34 inFlight=1
[MEM-EVENT] preview.audio.canonical.nextChunk.render.begin | range=363199..<411199 gen=34
[MEM-EVENT] preview.audio.canonical.render.begin | segments=3 range=363199..<411199
[MEM-EVENT] preview.audio.stage8.cache.miss | range=363199..<411199 revision=ProjectRevision(raw: 8) epoch=PlaybackEpoch(raw: 8) planIdLen=1648
[MEM-EVENT] preview.audio.stage8.render.decode | source=app.audio.source.imported:D50F6AD6-4D5B-4277-81C8-4C3E750ABC2D sourceStart=363199/48000 frameCount=48000 intersectionFrames=48000 elapsedMs=29.76
[MEM-EVENT] preview.audio.stage8.render.decode | source=app.audio.source.videoLayer:scene-0-BBB22040-71D4-4001-8BBD-73623FEC4324:block_01 sourceStart=363199/48000 frameCount=48000 intersectionFrames=48000 elapsedMs=26.74
[MEM-EVENT] preview.audio.stage8.render.total | range=363199..<411199 segments=3 sources=2 elapsedMs=70.35
[MEM-EVENT] preview.audio.stage8.cache.store | range=363199..<411199 revision=ProjectRevision(raw: 8) epoch=PlaybackEpoch(raw: 8) planIdLen=1648
[MEM-EVENT] preview.audio.canonical.render.end | sources=2
[MEM-EVENT] preview.audio.canonical.nextChunk.render.end | range=363199..<411199 sourceCount=2
[MEM-EVENT] preview.audio.canonical.nextChunk.schedule.begin | range=363199..<411199 sources=2
[MEM-EVENT] preview.audio.canonical.nextChunk.schedule.end | range=363199..<411199 scheduled=1
[MEM-EVENT] preview.audio.canonical.nextChunk.requested | range=411199..<459199 gen=34 inFlight=1
[MEM-EVENT] preview.audio.canonical.nextChunk.render.begin | range=411199..<459199 gen=34
[MEM-EVENT] preview.audio.canonical.render.begin | segments=3 range=411199..<459199
[MEM-EVENT] preview.audio.stage8.cache.miss | range=411199..<459199 revision=ProjectRevision(raw: 8) epoch=PlaybackEpoch(raw: 8) planIdLen=1648
[MEM-EVENT] preview.audio.stage8.render.decode | source=app.audio.source.imported:D50F6AD6-4D5B-4277-81C8-4C3E750ABC2D sourceStart=411199/48000 frameCount=48000 intersectionFrames=48000 elapsedMs=31.15
[MEM-EVENT] preview.audio.stage8.render.decode | source=app.audio.source.videoLayer:scene-0-BBB22040-71D4-4001-8BBD-73623FEC4324:block_01 sourceStart=411199/48000 frameCount=48000 intersectionFrames=48000 elapsedMs=26.50
[MEM-EVENT] preview.audio.stage8.render.total | range=411199..<459199 segments=3 sources=2 elapsedMs=71.38
[MEM-EVENT] preview.audio.stage8.cache.store | range=411199..<459199 revision=ProjectRevision(raw: 8) epoch=PlaybackEpoch(raw: 8) planIdLen=1648
[MEM-EVENT] preview.audio.canonical.render.end | sources=2
[MEM-EVENT] preview.audio.canonical.nextChunk.render.end | range=411199..<459199 sourceCount=2
[MEM-EVENT] preview.audio.canonical.nextChunk.schedule.begin | range=411199..<459199 sources=2
[MEM-EVENT] preview.audio.canonical.nextChunk.schedule.end | range=411199..<459199 scheduled=1
[MEM-EVENT] preview.audio.canonical.nextChunk.requested | range=459199..<507199 gen=34 inFlight=1
[MEM-EVENT] preview.audio.canonical.nextChunk.render.begin | range=459199..<507199 gen=34
[MEM-EVENT] preview.audio.canonical.render.begin | segments=3 range=459199..<507199
[MEM-EVENT] preview.audio.stage8.cache.miss | range=459199..<507199 revision=ProjectRevision(raw: 8) epoch=PlaybackEpoch(raw: 8) planIdLen=1648
[MEM-EVENT] preview.audio.stage8.render.decode | source=app.audio.source.imported:D50F6AD6-4D5B-4277-81C8-4C3E750ABC2D sourceStart=459199/48000 frameCount=48000 intersectionFrames=48000 elapsedMs=32.11
[MEM-EVENT] preview.audio.stage8.render.decode | source=app.audio.source.videoLayer:scene-0-BBB22040-71D4-4001-8BBD-73623FEC4324:block_01 sourceStart=459199/48000 frameCount=48000 intersectionFrames=48000 elapsedMs=26.86
[MEM-EVENT] preview.audio.stage8.render.total | range=459199..<507199 segments=3 sources=2 elapsedMs=72.76
[MEM-EVENT] preview.audio.stage8.cache.store | range=459199..<507199 revision=ProjectRevision(raw: 8) epoch=PlaybackEpoch(raw: 8) planIdLen=1648
[MEM-EVENT] preview.audio.canonical.render.end | sources=2
[MEM-EVENT] preview.audio.canonical.nextChunk.render.end | range=459199..<507199 sourceCount=2
[MEM-EVENT] preview.audio.canonical.nextChunk.schedule.begin | range=459199..<507199 sources=2
[MEM-EVENT] preview.audio.canonical.nextChunk.schedule.end | range=459199..<507199 scheduled=1
[MEM-EVENT] preview.audio.canonical.nextChunk.requested | range=507199..<555199 gen=34 inFlight=1
[MEM-EVENT] preview.audio.canonical.nextChunk.render.begin | range=507199..<555199 gen=34
[MEM-EVENT] preview.audio.canonical.render.begin | segments=3 range=507199..<555199
[MEM-EVENT] preview.audio.stage8.cache.miss | range=507199..<555199 revision=ProjectRevision(raw: 8) epoch=PlaybackEpoch(raw: 8) planIdLen=1648
[MEM-EVENT] preview.audio.stage8.render.decode | source=app.audio.source.imported:D50F6AD6-4D5B-4277-81C8-4C3E750ABC2D sourceStart=507199/48000 frameCount=48000 intersectionFrames=48000 elapsedMs=30.86
[MEM-EVENT] preview.audio.stage8.render.decode | source=app.audio.source.videoLayer:scene-0-BBB22040-71D4-4001-8BBD-73623FEC4324:block_01 sourceStart=507199/48000 frameCount=48000 intersectionFrames=48000 elapsedMs=23.83
[MEM-EVENT] preview.audio.stage8.render.total | range=507199..<555199 segments=3 sources=2 elapsedMs=69.04
[MEM-EVENT] preview.audio.stage8.cache.store | range=507199..<555199 revision=ProjectRevision(raw: 8) epoch=PlaybackEpoch(raw: 8) planIdLen=1648
[MEM-EVENT] preview.audio.canonical.render.end | sources=2
[MEM-EVENT] preview.audio.canonical.nextChunk.render.end | range=507199..<555199 sourceCount=2
[MEM-EVENT] preview.audio.canonical.nextChunk.schedule.begin | range=507199..<555199 sources=2
[MEM-EVENT] preview.audio.canonical.nextChunk.schedule.end | range=507199..<555199 scheduled=1
[MEM-EVENT] preview.audio.canonical.nextChunk.requested | range=555199..<603199 gen=34 inFlight=1
[MEM-EVENT] preview.audio.canonical.nextChunk.render.begin | range=555199..<603199 gen=34
[MEM-EVENT] preview.audio.canonical.render.begin | segments=3 range=555199..<603199
[MEM-EVENT] preview.audio.stage8.cache.miss | range=555199..<603199 revision=ProjectRevision(raw: 8) epoch=PlaybackEpoch(raw: 8) planIdLen=1648
[MEM-EVENT] preview.audio.stage8.render.decode | source=app.audio.source.imported:D50F6AD6-4D5B-4277-81C8-4C3E750ABC2D sourceStart=555199/48000 frameCount=48000 intersectionFrames=48000 elapsedMs=30.04
[MEM-EVENT] preview.audio.stage8.render.decode | source=app.audio.source.videoLayer:scene-0-BBB22040-71D4-4001-8BBD-73623FEC4324:block_01 sourceStart=555199/48000 frameCount=48000 intersectionFrames=48000 elapsedMs=25.33
[MEM-EVENT] preview.audio.stage8.render.total | range=555199..<603199 segments=3 sources=2 elapsedMs=69.14
[MEM-EVENT] preview.audio.stage8.cache.store | range=555199..<603199 revision=ProjectRevision(raw: 8) epoch=PlaybackEpoch(raw: 8) planIdLen=1648
[MEM-EVENT] preview.audio.canonical.render.end | sources=2
[MEM-EVENT] preview.audio.canonical.nextChunk.render.end | range=555199..<603199 sourceCount=2
[MEM-EVENT] preview.audio.canonical.nextChunk.schedule.begin | range=555199..<603199 sources=2
[MEM-EVENT] preview.audio.canonical.nextChunk.schedule.end | range=555199..<603199 scheduled=1
[MEM-EVENT] preview.audio.canonical.nextChunk.requested | range=603199..<651199 gen=34 inFlight=1
[MEM-EVENT] preview.audio.canonical.nextChunk.render.begin | range=603199..<651199 gen=34
[MEM-EVENT] preview.audio.canonical.render.begin | segments=3 range=603199..<651199
[MEM-EVENT] preview.audio.stage8.cache.miss | range=603199..<651199 revision=ProjectRevision(raw: 8) epoch=PlaybackEpoch(raw: 8) planIdLen=1648
[MEM-EVENT] preview.audio.stage8.render.decode | source=app.audio.source.imported:D50F6AD6-4D5B-4277-81C8-4C3E750ABC2D sourceStart=603199/48000 frameCount=48000 intersectionFrames=48000 elapsedMs=30.53
[MEM-EVENT] preview.audio.stage8.render.decode | source=app.audio.source.videoLayer:scene-0-BBB22040-71D4-4001-8BBD-73623FEC4324:block_01 sourceStart=603199/48000 frameCount=48000 intersectionFrames=48000 elapsedMs=26.92
[MEM-EVENT] preview.audio.stage8.render.total | range=603199..<651199 segments=3 sources=2 elapsedMs=71.14
[MEM-EVENT] preview.audio.stage8.cache.store | range=603199..<651199 revision=ProjectRevision(raw: 8) epoch=PlaybackEpoch(raw: 8) planIdLen=1648
[MEM-EVENT] preview.audio.canonical.render.end | sources=2
[MEM-EVENT] preview.audio.canonical.nextChunk.render.end | range=603199..<651199 sourceCount=2
[MEM-EVENT] preview.audio.canonical.nextChunk.schedule.begin | range=603199..<651199 sources=2
[MEM-EVENT] preview.audio.canonical.nextChunk.schedule.end | range=603199..<651199 scheduled=1
[MEM-EVENT] preview.audio.canonical.nextChunk.requested | range=651199..<699199 gen=34 inFlight=1
[MEM-EVENT] preview.audio.canonical.nextChunk.render.begin | range=651199..<699199 gen=34
[MEM-EVENT] preview.audio.canonical.render.begin | segments=3 range=651199..<699199
[MEM-EVENT] preview.audio.stage8.cache.miss | range=651199..<699199 revision=ProjectRevision(raw: 8) epoch=PlaybackEpoch(raw: 8) planIdLen=1648
[MEM-EVENT] preview.audio.stage8.render.decode | source=app.audio.source.imported:D50F6AD6-4D5B-4277-81C8-4C3E750ABC2D sourceStart=651199/48000 frameCount=48000 intersectionFrames=48000 elapsedMs=29.71
[MEM-EVENT] preview.audio.stage8.render.decode | source=app.audio.source.videoLayer:scene-0-BBB22040-71D4-4001-8BBD-73623FEC4324:block_01 sourceStart=651199/48000 frameCount=48000 intersectionFrames=48000 elapsedMs=25.68
[MEM-EVENT] preview.audio.stage8.render.total | range=651199..<699199 segments=3 sources=2 elapsedMs=69.40
[MEM-EVENT] preview.audio.stage8.cache.store | range=651199..<699199 revision=ProjectRevision(raw: 8) epoch=PlaybackEpoch(raw: 8) planIdLen=1648
[MEM-EVENT] preview.audio.canonical.render.end | sources=2
[MEM-EVENT] preview.audio.canonical.nextChunk.render.end | range=651199..<699199 sourceCount=2
[MEM-EVENT] preview.audio.canonical.nextChunk.schedule.begin | range=651199..<699199 sources=2
[MEM-EVENT] preview.audio.canonical.nextChunk.schedule.end | range=651199..<699199 scheduled=1
[MEM-EVENT] preview.audio.canonical.nextChunk.requested | range=699199..<747199 gen=34 inFlight=1
[MEM-EVENT] playback.audio.stop.begin
[MEM-EVENT] displayLink.invalidate | obj=4175345255548646732
[MEM-EVENT] VideoFrameProvider.stopPlayback | obj=3089768789542091402 flush=false hasPlaybackTex=true hasStillTex=true hasInteractiveTex=true hasHoldTex=false
[MEM-EVENT] preview.audio.canonical.nextChunk.render.begin | range=699199..<747199 gen=34
[MEM-EVENT] preview.audio.canonical.render.begin | segments=3 range=699199..<747199
[MEM-EVENT] preview.audio.stage8.cache.miss | range=699199..<747199 revision=ProjectRevision(raw: 8) epoch=PlaybackEpoch(raw: 8) planIdLen=1648
[MEM-EVENT] preview.audio.stage8.render.decode | source=app.audio.source.imported:D50F6AD6-4D5B-4277-81C8-4C3E750ABC2D sourceStart=699199/48000 frameCount=48000 intersectionFrames=48000 elapsedMs=74.55
[MEM-EVENT] preview.audio.stage8.render.decode | source=app.audio.source.videoLayer:scene-0-BBB22040-71D4-4001-8BBD-73623FEC4324:block_01 sourceStart=699199/48000 frameCount=48000 intersectionFrames=48000 elapsedMs=25.98
[MEM-EVENT] preview.audio.stage8.render.total | range=699199..<747199 segments=3 sources=2 elapsedMs=114.27
[MEM-EVENT] preview.audio.stage8.cache.store | range=699199..<747199 revision=ProjectRevision(raw: 8) epoch=PlaybackEpoch(raw: 8) planIdLen=1648
[MEM-EVENT] preview.audio.canonical.render.end | sources=2
[MEM-EVENT] preview.audio.canonical.nextChunk.dropped | gen=34 current=36 reason=staleOrStopped
[PERF] FPS: 14.0 | CPU: 24.4% (1core), 4.1% (all) | MEM: 117MB res, 252MB foot | GPU: n/a | DRAW: avg 0.00ms, p95 0.00ms, max 0.00ms
[PerfCounter] applySnapshot(scene): 6
[PerfCounter] applySnapshot(scene): 7
[PerfCounter] applySnapshot(scene): 8
[MEM-EVENT] preview.audio.markDirty | generation=3 playing=0 state=timelinePreview
[MEM-EVENT] preview.audio.select | toggle=ON controller=Canonical
[MEM-EVENT] preview.audio.prepare | canonicalIdlePrepareSkipped=1
[PERF] FPS: 1.0 | CPU: 20.4% (1core), 3.4% (all) | MEM: 118MB res, 252MB foot | GPU: n/a | DRAW: avg 0.00ms, p95 0.00ms, max 0.00ms
[MEM-EVENT] audio.session.activate.begin
[MEM-EVENT] audio.session.activate.end | ok=1
[MEM-EVENT] playback.audio.start.begin | compressedFrame=163 projectTimeUs=5433333 state=timelinePreview isPlayingBefore=0
[MEM-EVENT] displayLink.create | obj=4175345255548646732
[MEM-DIAG] playback.start | footprint: 252MB | resident: 118MB | available: 2820MB | metal: 212MB | SceneInstanceRuntime: 2 | UserMediaService: 3 | VideoFrameProvider: 3
[MEM-EVENT] playback.audio.previewStart.call | projectTimeUs=5433333 hostTime=195568.5323822084
[MEM-EVENT] preview.audio.select | toggle=ON controller=Canonical
[MEM-EVENT] preview.audio.start | dirty=1 hasPipeline=1 readiness=primed
[MEM-EVENT] preview.audio.canonical.legacyGateBypassed | seconds=5.433333 hostTime=195568.5323822084
[MEM-EVENT] preview.audio.canonical.startPlayback.call | seconds=5.433333
[MEM-EVENT] preview.audio.stage8.startPlayback.call | sinceStartMs=0.01 fromSeconds=5.433333
[MEM-EVENT] preview.audio.stage8.plan.eval | sinceStartMs=4.27 elapsedMs=4.14 segments=3
[MEM-EVENT] preview.audio.canonical.plan | segments=3 fromSeconds=5.433333
[MEM-EVENT] preview.audio.stage8.setup.end | sinceStartMs=7.36 graph+session+output+anchor done
[MEM-EVENT] preview.audio.canonical.preroll.build.begin | planSegments=3 range=260799..<270399 gen=28
[MEM-EVENT] preview.audio.stage8.preroll.begin | sinceStartMs=7.45 range=260799..<270399 sampleCount=9600 initialPrerollSamples=9600 maxChunkSamples=48000
[MEM-EVENT] preview.audio.canonical.render.begin | segments=3 range=260799..<270399
[MEM-EVENT] preview.audio.stage8.cache.miss | range=260799..<270399 revision=ProjectRevision(raw: 9) epoch=PlaybackEpoch(raw: 9) planIdLen=1647
[VideoFrameProvider] playback: 30 OK, 1 nil (3.2%) | itemTime=5.464s | lastExtracted=5.463s | active=true
[MEM-EVENT] preview.audio.canonical.firstFrameSignal | delivered=1
[MEM-EVENT] preview.audio.stage8.firstFrameSignal | sinceStartMs=14.48 barrierReason=firstFrameArrivedPrerollNotReady
[MEM-EVENT] preview.audio.stage8.render.decode | source=app.audio.source.imported:D50F6AD6-4D5B-4277-81C8-4C3E750ABC2D sourceStart=86933/16000 frameCount=9600 intersectionFrames=9600 elapsedMs=54.69
[MEM-EVENT] preview.audio.stage8.render.decode | source=app.audio.source.videoLayer:scene-0-BBB22040-71D4-4001-8BBD-73623FEC4324:block_01 sourceStart=86933/16000 frameCount=9600 intersectionFrames=9600 elapsedMs=30.37
[MEM-EVENT] preview.audio.stage8.render.total | range=260799..<270399 segments=3 sources=2 elapsedMs=89.88
[MEM-EVENT] preview.audio.stage8.cache.store | range=260799..<270399 revision=ProjectRevision(raw: 9) epoch=PlaybackEpoch(raw: 9) planIdLen=1647
[MEM-EVENT] preview.audio.canonical.render.end | sources=2
[MEM-EVENT] preview.audio.canonical.preroll.build.end | sourceCount=2 bufferCount=2
[MEM-EVENT] preview.audio.stage8.preroll.end | sinceStartMs=98.10 renderElapsedMs=90.65 sourceCount=2
[MEM-EVENT] preview.audio.stage8.barrier.cross | sinceStartMs=98.11
[MEM-EVENT] preview.audio.canonical.graph.schedule.begin | sources=2
[MEM-EVENT] preview.audio.canonical.graph.schedule.end | scheduled=1
[MEM-EVENT] preview.audio.stage8.graph.schedule.end | sinceStartMs=144.76 scheduleMs=46.64
[MEM-EVENT] preview.audio.canonical.engine.start.begin
[MEM-EVENT] preview.audio.canonical.player.play.begin
[MEM-EVENT] preview.audio.canonical.player.play.end
[MEM-EVENT] preview.audio.canonical.engine.start.end
[MEM-EVENT] preview.audio.stage8.player.play.end | sinceStartMs=144.78 playStartMs=0.02
[MEM-EVENT] preview.audio.canonical.scheduled | scheduled=1 sources=2 started=1
[MEM-EVENT] preview.audio.stage8.scheduled.total | sinceStartMs=144.79 totalStartToScheduledMs=144.79
[MEM-EVENT] preview.audio.canonical.nextChunk.requested | range=270399..<318399 gen=38 inFlight=1
[MEM-EVENT] preview.audio.canonical.nextChunk.render.begin | range=270399..<318399 gen=38
[MEM-EVENT] preview.audio.canonical.render.begin | segments=3 range=270399..<318399
[MEM-EVENT] preview.audio.stage8.cache.miss | range=270399..<318399 revision=ProjectRevision(raw: 9) epoch=PlaybackEpoch(raw: 9) planIdLen=1647
[MEM-EVENT] preview.audio.stage8.render.decode | source=app.audio.source.imported:D50F6AD6-4D5B-4277-81C8-4C3E750ABC2D sourceStart=90133/16000 frameCount=48000 intersectionFrames=48000 elapsedMs=31.12
[MEM-EVENT] preview.audio.stage8.render.decode | source=app.audio.source.videoLayer:scene-0-BBB22040-71D4-4001-8BBD-73623FEC4324:block_01 sourceStart=90133/16000 frameCount=48000 intersectionFrames=48000 elapsedMs=24.80
[MEM-EVENT] preview.audio.stage8.render.total | range=270399..<318399 segments=3 sources=2 elapsedMs=70.25
[MEM-EVENT] preview.audio.stage8.cache.store | range=270399..<318399 revision=ProjectRevision(raw: 9) epoch=PlaybackEpoch(raw: 9) planIdLen=1647
[MEM-EVENT] preview.audio.canonical.render.end | sources=2
[MEM-EVENT] preview.audio.canonical.nextChunk.render.end | range=270399..<318399 sourceCount=2
[MEM-EVENT] preview.audio.canonical.nextChunk.schedule.begin | range=270399..<318399 sources=2
[MEM-EVENT] preview.audio.canonical.nextChunk.schedule.end | range=270399..<318399 scheduled=1
[MEM-EVENT] preview.audio.canonical.nextChunk.requested | range=318399..<366399 gen=38 inFlight=1
[MEM-EVENT] preview.audio.canonical.nextChunk.render.begin | range=318399..<366399 gen=38
[MEM-EVENT] preview.audio.canonical.render.begin | segments=3 range=318399..<366399
[MEM-EVENT] preview.audio.stage8.cache.miss | range=318399..<366399 revision=ProjectRevision(raw: 9) epoch=PlaybackEpoch(raw: 9) planIdLen=1647
[MEM-EVENT] preview.audio.stage8.render.decode | source=app.audio.source.imported:D50F6AD6-4D5B-4277-81C8-4C3E750ABC2D sourceStart=106133/16000 frameCount=48000 intersectionFrames=48000 elapsedMs=30.30
[MEM-EVENT] preview.audio.stage8.render.decode | source=app.audio.source.videoLayer:scene-0-BBB22040-71D4-4001-8BBD-73623FEC4324:block_01 sourceStart=106133/16000 frameCount=48000 intersectionFrames=48000 elapsedMs=25.78
[MEM-EVENT] preview.audio.stage8.render.total | range=318399..<366399 segments=3 sources=2 elapsedMs=69.78
[MEM-EVENT] preview.audio.stage8.cache.store | range=318399..<366399 revision=ProjectRevision(raw: 9) epoch=PlaybackEpoch(raw: 9) planIdLen=1647
[MEM-EVENT] preview.audio.canonical.render.end | sources=2
[MEM-EVENT] preview.audio.canonical.nextChunk.render.end | range=318399..<366399 sourceCount=2
[MEM-EVENT] preview.audio.canonical.nextChunk.schedule.begin | range=318399..<366399 sources=2
[MEM-EVENT] preview.audio.canonical.nextChunk.schedule.end | range=318399..<366399 scheduled=1
[MEM-EVENT] preview.audio.canonical.nextChunk.requested | range=366399..<414399 gen=38 inFlight=1
[MEM-EVENT] preview.audio.canonical.nextChunk.render.begin | range=366399..<414399 gen=38
[MEM-EVENT] preview.audio.canonical.render.begin | segments=3 range=366399..<414399
[MEM-EVENT] preview.audio.stage8.cache.miss | range=366399..<414399 revision=ProjectRevision(raw: 9) epoch=PlaybackEpoch(raw: 9) planIdLen=1647
[MEM-EVENT] preview.audio.stage8.render.decode | source=app.audio.source.imported:D50F6AD6-4D5B-4277-81C8-4C3E750ABC2D sourceStart=122133/16000 frameCount=48000 intersectionFrames=48000 elapsedMs=30.24
[MEM-EVENT] preview.audio.stage8.render.decode | source=app.audio.source.videoLayer:scene-0-BBB22040-71D4-4001-8BBD-73623FEC4324:block_01 sourceStart=122133/16000 frameCount=48000 intersectionFrames=48000 elapsedMs=25.86
[MEM-EVENT] preview.audio.stage8.render.total | range=366399..<414399 segments=3 sources=2 elapsedMs=70.04
[MEM-EVENT] preview.audio.stage8.cache.store | range=366399..<414399 revision=ProjectRevision(raw: 9) epoch=PlaybackEpoch(raw: 9) planIdLen=1647
[MEM-EVENT] preview.audio.canonical.render.end | sources=2
[MEM-EVENT] preview.audio.canonical.nextChunk.render.end | range=366399..<414399 sourceCount=2
[MEM-EVENT] preview.audio.canonical.nextChunk.schedule.begin | range=366399..<414399 sources=2
[MEM-EVENT] preview.audio.canonical.nextChunk.schedule.end | range=366399..<414399 scheduled=1
[MEM-EVENT] preview.audio.canonical.nextChunk.requested | range=414399..<462399 gen=38 inFlight=1
[MEM-EVENT] preview.audio.canonical.nextChunk.render.begin | range=414399..<462399 gen=38
[MEM-EVENT] preview.audio.canonical.render.begin | segments=3 range=414399..<462399
[MEM-EVENT] preview.audio.stage8.cache.miss | range=414399..<462399 revision=ProjectRevision(raw: 9) epoch=PlaybackEpoch(raw: 9) planIdLen=1647
[MEM-EVENT] preview.audio.stage8.render.decode | source=app.audio.source.imported:D50F6AD6-4D5B-4277-81C8-4C3E750ABC2D sourceStart=138133/16000 frameCount=48000 intersectionFrames=48000 elapsedMs=29.82
[MEM-EVENT] preview.audio.stage8.render.decode | source=app.audio.source.videoLayer:scene-0-BBB22040-71D4-4001-8BBD-73623FEC4324:block_01 sourceStart=138133/16000 frameCount=48000 intersectionFrames=48000 elapsedMs=25.20
[MEM-EVENT] preview.audio.stage8.render.total | range=414399..<462399 segments=3 sources=2 elapsedMs=68.88
[MEM-EVENT] preview.audio.stage8.cache.store | range=414399..<462399 revision=ProjectRevision(raw: 9) epoch=PlaybackEpoch(raw: 9) planIdLen=1647
[MEM-EVENT] preview.audio.canonical.render.end | sources=2
[MEM-EVENT] preview.audio.canonical.nextChunk.render.end | range=414399..<462399 sourceCount=2
[MEM-EVENT] preview.audio.canonical.nextChunk.schedule.begin | range=414399..<462399 sources=2
[MEM-EVENT] preview.audio.canonical.nextChunk.schedule.end | range=414399..<462399 scheduled=1
[MEM-EVENT] preview.audio.canonical.nextChunk.requested | range=462399..<510399 gen=38 inFlight=1
[MEM-EVENT] preview.audio.canonical.nextChunk.render.begin | range=462399..<510399 gen=38
[MEM-EVENT] preview.audio.canonical.render.begin | segments=3 range=462399..<510399
[MEM-EVENT] preview.audio.stage8.cache.miss | range=462399..<510399 revision=ProjectRevision(raw: 9) epoch=PlaybackEpoch(raw: 9) planIdLen=1647
[MEM-EVENT] preview.audio.stage8.render.decode | source=app.audio.source.imported:D50F6AD6-4D5B-4277-81C8-4C3E750ABC2D sourceStart=154133/16000 frameCount=48000 intersectionFrames=48000 elapsedMs=32.00
[MEM-EVENT] preview.audio.stage8.render.decode | source=app.audio.source.videoLayer:scene-0-BBB22040-71D4-4001-8BBD-73623FEC4324:block_01 sourceStart=154133/16000 frameCount=48000 intersectionFrames=48000 elapsedMs=26.37
[MEM-EVENT] preview.audio.stage8.render.total | range=462399..<510399 segments=3 sources=2 elapsedMs=72.07
[MEM-EVENT] preview.audio.stage8.cache.store | range=462399..<510399 revision=ProjectRevision(raw: 9) epoch=PlaybackEpoch(raw: 9) planIdLen=1647
[MEM-EVENT] preview.audio.canonical.render.end | sources=2
[MEM-EVENT] preview.audio.canonical.nextChunk.render.end | range=462399..<510399 sourceCount=2
[MEM-EVENT] preview.audio.canonical.nextChunk.schedule.begin | range=462399..<510399 sources=2
[MEM-EVENT] preview.audio.canonical.nextChunk.schedule.end | range=462399..<510399 scheduled=1
[MEM-EVENT] preview.audio.canonical.nextChunk.requested | range=510399..<558399 gen=38 inFlight=1
[MEM-EVENT] preview.audio.canonical.nextChunk.render.begin | range=510399..<558399 gen=38
[MEM-EVENT] preview.audio.canonical.render.begin | segments=3 range=510399..<558399
[MEM-EVENT] preview.audio.stage8.cache.miss | range=510399..<558399 revision=ProjectRevision(raw: 9) epoch=PlaybackEpoch(raw: 9) planIdLen=1647
[MEM-EVENT] preview.audio.stage8.render.decode | source=app.audio.source.imported:D50F6AD6-4D5B-4277-81C8-4C3E750ABC2D sourceStart=170133/16000 frameCount=48000 intersectionFrames=48000 elapsedMs=31.17
[MEM-EVENT] preview.audio.stage8.render.decode | source=app.audio.source.videoLayer:scene-0-BBB22040-71D4-4001-8BBD-73623FEC4324:block_01 sourceStart=170133/16000 frameCount=48000 intersectionFrames=48000 elapsedMs=24.77
[MEM-EVENT] preview.audio.stage8.render.total | range=510399..<558399 segments=3 sources=2 elapsedMs=70.02
[MEM-EVENT] preview.audio.stage8.cache.store | range=510399..<558399 revision=ProjectRevision(raw: 9) epoch=PlaybackEpoch(raw: 9) planIdLen=1647
[MEM-EVENT] preview.audio.canonical.render.end | sources=2
[MEM-EVENT] preview.audio.canonical.nextChunk.render.end | range=510399..<558399 sourceCount=2
[MEM-EVENT] preview.audio.canonical.nextChunk.schedule.begin | range=510399..<558399 sources=2
[MEM-EVENT] preview.audio.canonical.nextChunk.schedule.end | range=510399..<558399 scheduled=1
[MEM-EVENT] preview.audio.canonical.nextChunk.requested | range=558399..<606399 gen=38 inFlight=1
[MEM-EVENT] preview.audio.canonical.nextChunk.render.begin | range=558399..<606399 gen=38
[MEM-EVENT] preview.audio.canonical.render.begin | segments=3 range=558399..<606399
[MEM-EVENT] preview.audio.stage8.cache.miss | range=558399..<606399 revision=ProjectRevision(raw: 9) epoch=PlaybackEpoch(raw: 9) planIdLen=1647
[MEM-EVENT] preview.audio.stage8.render.decode | source=app.audio.source.imported:D50F6AD6-4D5B-4277-81C8-4C3E750ABC2D sourceStart=186133/16000 frameCount=48000 intersectionFrames=48000 elapsedMs=29.87
[MEM-EVENT] preview.audio.stage8.render.decode | source=app.audio.source.videoLayer:scene-0-BBB22040-71D4-4001-8BBD-73623FEC4324:block_01 sourceStart=186133/16000 frameCount=48000 intersectionFrames=48000 elapsedMs=24.84
[MEM-EVENT] preview.audio.stage8.render.total | range=558399..<606399 segments=3 sources=2 elapsedMs=68.64
[MEM-EVENT] preview.audio.stage8.cache.store | range=558399..<606399 revision=ProjectRevision(raw: 9) epoch=PlaybackEpoch(raw: 9) planIdLen=1647
[MEM-EVENT] preview.audio.canonical.render.end | sources=2
[MEM-EVENT] preview.audio.canonical.nextChunk.render.end | range=558399..<606399 sourceCount=2
[MEM-EVENT] preview.audio.canonical.nextChunk.schedule.begin | range=558399..<606399 sources=2
[MEM-EVENT] preview.audio.canonical.nextChunk.schedule.end | range=558399..<606399 scheduled=1
[MEM-EVENT] preview.audio.canonical.nextChunk.requested | range=606399..<654399 gen=38 inFlight=1
[MEM-EVENT] preview.audio.canonical.nextChunk.render.begin | range=606399..<654399 gen=38
[MEM-EVENT] preview.audio.canonical.render.begin | segments=3 range=606399..<654399
[MEM-EVENT] preview.audio.stage8.cache.miss | range=606399..<654399 revision=ProjectRevision(raw: 9) epoch=PlaybackEpoch(raw: 9) planIdLen=1647
[MEM-EVENT] preview.audio.stage8.render.decode | source=app.audio.source.imported:D50F6AD6-4D5B-4277-81C8-4C3E750ABC2D sourceStart=202133/16000 frameCount=48000 intersectionFrames=48000 elapsedMs=29.76
[MEM-EVENT] preview.audio.stage8.render.decode | source=app.audio.source.videoLayer:scene-0-BBB22040-71D4-4001-8BBD-73623FEC4324:block_01 sourceStart=202133/16000 frameCount=48000 intersectionFrames=48000 elapsedMs=23.85
[MEM-EVENT] preview.audio.stage8.render.total | range=606399..<654399 segments=3 sources=2 elapsedMs=67.49
[MEM-EVENT] preview.audio.stage8.cache.store | range=606399..<654399 revision=ProjectRevision(raw: 9) epoch=PlaybackEpoch(raw: 9) planIdLen=1647
[MEM-EVENT] preview.audio.canonical.render.end | sources=2
[MEM-EVENT] preview.audio.canonical.nextChunk.render.end | range=606399..<654399 sourceCount=2
[MEM-EVENT] preview.audio.canonical.nextChunk.schedule.begin | range=606399..<654399 sources=2
[MEM-EVENT] preview.audio.canonical.nextChunk.schedule.end | range=606399..<654399 scheduled=1
[MEM-EVENT] preview.audio.canonical.nextChunk.requested | range=654399..<702399 gen=38 inFlight=1
[MEM-EVENT] preview.audio.canonical.nextChunk.render.begin | range=654399..<702399 gen=38
[MEM-EVENT] preview.audio.canonical.render.begin | segments=3 range=654399..<702399
[MEM-EVENT] preview.audio.stage8.cache.miss | range=654399..<702399 revision=ProjectRevision(raw: 9) epoch=PlaybackEpoch(raw: 9) planIdLen=1647
[MEM-EVENT] preview.audio.stage8.render.decode | source=app.audio.source.imported:D50F6AD6-4D5B-4277-81C8-4C3E750ABC2D sourceStart=218133/16000 frameCount=48000 intersectionFrames=48000 elapsedMs=30.31
[MEM-EVENT] preview.audio.stage8.render.decode | source=app.audio.source.videoLayer:scene-0-BBB22040-71D4-4001-8BBD-73623FEC4324:block_01 sourceStart=218133/16000 frameCount=48000 intersectionFrames=48000 elapsedMs=25.40
[MEM-EVENT] preview.audio.stage8.render.total | range=654399..<702399 segments=3 sources=2 elapsedMs=69.47
[MEM-EVENT] preview.audio.stage8.cache.store | range=654399..<702399 revision=ProjectRevision(raw: 9) epoch=PlaybackEpoch(raw: 9) planIdLen=1647
[MEM-EVENT] preview.audio.canonical.render.end | sources=2
[MEM-EVENT] preview.audio.canonical.nextChunk.render.end | range=654399..<702399 sourceCount=2
[MEM-EVENT] preview.audio.canonical.nextChunk.schedule.begin | range=654399..<702399 sources=2
[MEM-EVENT] preview.audio.canonical.nextChunk.schedule.end | range=654399..<702399 scheduled=1
[MEM-EVENT] preview.audio.canonical.nextChunk.requested | range=702399..<750399 gen=38 inFlight=1
[MEM-EVENT] preview.audio.canonical.nextChunk.render.begin | range=702399..<750399 gen=38
[MEM-EVENT] preview.audio.canonical.render.begin | segments=3 range=702399..<750399
[MEM-EVENT] preview.audio.stage8.cache.miss | range=702399..<750399 revision=ProjectRevision(raw: 9) epoch=PlaybackEpoch(raw: 9) planIdLen=1647
[MEM-EVENT] preview.audio.stage8.render.decode | source=app.audio.source.imported:D50F6AD6-4D5B-4277-81C8-4C3E750ABC2D sourceStart=234133/16000 frameCount=48000 intersectionFrames=48000 elapsedMs=31.09
[MEM-EVENT] preview.audio.stage8.render.decode | source=app.audio.source.videoLayer:scene-0-BBB22040-71D4-4001-8BBD-73623FEC4324:block_01 sourceStart=234133/16000 frameCount=48000 intersectionFrames=48000 elapsedMs=24.47
[MEM-EVENT] preview.audio.stage8.render.total | range=702399..<750399 segments=3 sources=2 elapsedMs=69.24
[MEM-EVENT] preview.audio.stage8.cache.store | range=702399..<750399 revision=ProjectRevision(raw: 9) epoch=PlaybackEpoch(raw: 9) planIdLen=1647
[MEM-EVENT] preview.audio.canonical.render.end | sources=2
[MEM-EVENT] preview.audio.canonical.nextChunk.render.end | range=702399..<750399 sourceCount=2
[MEM-EVENT] preview.audio.canonical.nextChunk.schedule.begin | range=702399..<750399 sources=2
[MEM-EVENT] preview.audio.canonical.nextChunk.schedule.end | range=702399..<750399 scheduled=1
[MEM-EVENT] preview.audio.canonical.nextChunk.requested | range=750399..<798399 gen=38 inFlight=1
[MEM-EVENT] preview.audio.canonical.nextChunk.render.begin | range=750399..<798399 gen=38
[MEM-EVENT] preview.audio.canonical.render.begin | segments=3 range=750399..<798399
[MEM-EVENT] preview.audio.stage8.cache.miss | range=750399..<798399 revision=ProjectRevision(raw: 9) epoch=PlaybackEpoch(raw: 9) planIdLen=1647
[MEM-EVENT] preview.audio.stage8.render.decode | source=app.audio.source.imported:D50F6AD6-4D5B-4277-81C8-4C3E750ABC2D sourceStart=250133/16000 frameCount=48000 intersectionFrames=48000 elapsedMs=31.22
[MEM-EVENT] preview.audio.stage8.render.decode | source=app.audio.source.videoLayer:scene-0-BBB22040-71D4-4001-8BBD-73623FEC4324:block_01 sourceStart=250133/16000 frameCount=48000 intersectionFrames=48000 elapsedMs=24.40
[MEM-EVENT] preview.audio.stage8.render.total | range=750399..<798399 segments=3 sources=2 elapsedMs=69.73
[MEM-EVENT] preview.audio.stage8.cache.store | range=750399..<798399 revision=ProjectRevision(raw: 9) epoch=PlaybackEpoch(raw: 9) planIdLen=1647
[MEM-EVENT] preview.audio.canonical.render.end | sources=2
[MEM-EVENT] preview.audio.canonical.nextChunk.render.end | range=750399..<798399 sourceCount=2
[MEM-EVENT] preview.audio.canonical.nextChunk.schedule.begin | range=750399..<798399 sources=2
[MEM-EVENT] preview.audio.canonical.nextChunk.schedule.end | range=750399..<798399 scheduled=1
[MEM-EVENT] preview.audio.canonical.nextChunk.requested | range=798399..<846399 gen=38 inFlight=1
[MEM-EVENT] preview.audio.canonical.nextChunk.render.begin | range=798399..<846399 gen=38
[MEM-EVENT] preview.audio.canonical.render.begin | segments=3 range=798399..<846399
[MEM-EVENT] preview.audio.stage8.cache.miss | range=798399..<846399 revision=ProjectRevision(raw: 9) epoch=PlaybackEpoch(raw: 9) planIdLen=1647
[MEM-EVENT] preview.audio.stage8.render.decode | source=app.audio.source.imported:D50F6AD6-4D5B-4277-81C8-4C3E750ABC2D sourceStart=266133/16000 frameCount=48000 intersectionFrames=48000 elapsedMs=29.19
[MEM-EVENT] preview.audio.stage8.render.decode | source=app.audio.source.videoLayer:scene-0-BBB22040-71D4-4001-8BBD-73623FEC4324:block_01 sourceStart=266133/16000 frameCount=26401 intersectionFrames=26402 elapsedMs=23.52
[MEM-EVENT] preview.audio.stage8.render.decode | source=app.audio.source.videoLayer:scene-1-998960A7-9292-4785-9323-231FDE8CE58B:block_01 sourceStart=0/1 frameCount=21598 intersectionFrames=21598 elapsedMs=23.40
[MEM-EVENT] preview.audio.stage8.render.total | range=798399..<846399 segments=3 sources=3 elapsedMs=90.17
[MEM-EVENT] preview.audio.stage8.cache.store | range=798399..<846399 revision=ProjectRevision(raw: 9) epoch=PlaybackEpoch(raw: 9) planIdLen=1647
[MEM-EVENT] preview.audio.canonical.render.end | sources=3
[MEM-EVENT] preview.audio.canonical.nextChunk.render.end | range=798399..<846399 sourceCount=3
[MEM-EVENT] preview.audio.canonical.nextChunk.schedule.begin | range=798399..<846399 sources=3
[MEM-EVENT] preview.audio.canonical.nextChunk.schedule.end | range=798399..<846399 scheduled=1
[MEM-EVENT] preview.audio.canonical.nextChunk.requested | range=846399..<894399 gen=38 inFlight=1
[MEM-EVENT] preview.audio.canonical.nextChunk.render.begin | range=846399..<894399 gen=38
[MEM-EVENT] preview.audio.canonical.render.begin | segments=3 range=846399..<894399
[MEM-EVENT] preview.audio.stage8.cache.miss | range=846399..<894399 revision=ProjectRevision(raw: 9) epoch=PlaybackEpoch(raw: 9) planIdLen=1647
[MEM-EVENT] preview.audio.stage8.render.decode | source=app.audio.source.imported:D50F6AD6-4D5B-4277-81C8-4C3E750ABC2D sourceStart=282133/16000 frameCount=48000 intersectionFrames=48000 elapsedMs=29.26
[MEM-EVENT] preview.audio.stage8.render.decode | source=app.audio.source.videoLayer:scene-1-998960A7-9292-4785-9323-231FDE8CE58B:block_01 sourceStart=10799/24000 frameCount=48000 intersectionFrames=48000 elapsedMs=24.36
[MEM-EVENT] preview.audio.stage8.render.total | range=846399..<894399 segments=3 sources=2 elapsedMs=67.59
[MEM-EVENT] preview.audio.stage8.cache.store | range=846399..<894399 revision=ProjectRevision(raw: 9) epoch=PlaybackEpoch(raw: 9) planIdLen=1647
[MEM-EVENT] preview.audio.canonical.render.end | sources=2
[MEM-EVENT] preview.audio.canonical.nextChunk.render.end | range=846399..<894399 sourceCount=2
[MEM-EVENT] preview.audio.canonical.nextChunk.schedule.begin | range=846399..<894399 sources=2
[MEM-EVENT] preview.audio.canonical.nextChunk.schedule.end | range=846399..<894399 scheduled=1
[MEM-EVENT] preview.audio.canonical.nextChunk.requested | range=894399..<942399 gen=38 inFlight=1
[MEM-EVENT] preview.audio.canonical.nextChunk.render.begin | range=894399..<942399 gen=38
[MEM-EVENT] preview.audio.canonical.render.begin | segments=3 range=894399..<942399
[MEM-EVENT] preview.audio.stage8.cache.miss | range=894399..<942399 revision=ProjectRevision(raw: 9) epoch=PlaybackEpoch(raw: 9) planIdLen=1647
[MEM-EVENT] preview.audio.stage8.render.decode | source=app.audio.source.imported:D50F6AD6-4D5B-4277-81C8-4C3E750ABC2D sourceStart=298133/16000 frameCount=48000 intersectionFrames=48000 elapsedMs=29.91
[MEM-EVENT] preview.audio.stage8.render.decode | source=app.audio.source.videoLayer:scene-1-998960A7-9292-4785-9323-231FDE8CE58B:block_01 sourceStart=34799/24000 frameCount=48000 intersectionFrames=48000 elapsedMs=24.51
[MEM-EVENT] preview.audio.stage8.render.total | range=894399..<942399 segments=3 sources=2 elapsedMs=68.28
[MEM-EVENT] preview.audio.stage8.cache.store | range=894399..<942399 revision=ProjectRevision(raw: 9) epoch=PlaybackEpoch(raw: 9) planIdLen=1647
[MEM-EVENT] preview.audio.canonical.render.end | sources=2
[MEM-EVENT] preview.audio.canonical.nextChunk.render.end | range=894399..<942399 sourceCount=2
[MEM-EVENT] preview.audio.canonical.nextChunk.schedule.begin | range=894399..<942399 sources=2
[MEM-EVENT] preview.audio.canonical.nextChunk.schedule.end | range=894399..<942399 scheduled=1
[MEM-EVENT] preview.audio.canonical.nextChunk.requested | range=942399..<990399 gen=38 inFlight=1
[MEM-EVENT] preview.audio.canonical.nextChunk.render.begin | range=942399..<990399 gen=38
[MEM-EVENT] preview.audio.canonical.render.begin | segments=3 range=942399..<990399
[MEM-EVENT] preview.audio.stage8.cache.miss | range=942399..<990399 revision=ProjectRevision(raw: 9) epoch=PlaybackEpoch(raw: 9) planIdLen=1647
[MEM-EVENT] preview.audio.stage8.render.decode | source=app.audio.source.imported:D50F6AD6-4D5B-4277-81C8-4C3E750ABC2D sourceStart=314133/16000 frameCount=48000 intersectionFrames=48000 elapsedMs=30.62
[MEM-EVENT] preview.audio.stage8.render.decode | source=app.audio.source.videoLayer:scene-1-998960A7-9292-4785-9323-231FDE8CE58B:block_01 sourceStart=58799/24000 frameCount=48000 intersectionFrames=48000 elapsedMs=23.84
[MEM-EVENT] preview.audio.stage8.render.total | range=942399..<990399 segments=3 sources=2 elapsedMs=68.47
[MEM-EVENT] preview.audio.stage8.cache.store | range=942399..<990399 revision=ProjectRevision(raw: 9) epoch=PlaybackEpoch(raw: 9) planIdLen=1647
[MEM-EVENT] preview.audio.canonical.render.end | sources=2
[MEM-EVENT] preview.audio.canonical.nextChunk.render.end | range=942399..<990399 sourceCount=2
[MEM-EVENT] preview.audio.canonical.nextChunk.schedule.begin | range=942399..<990399 sources=2
[MEM-EVENT] preview.audio.canonical.nextChunk.schedule.end | range=942399..<990399 scheduled=1
[MEM-EVENT] preview.audio.canonical.nextChunk.requested | range=990399..<1038399 gen=38 inFlight=1
[MEM-EVENT] preview.audio.canonical.nextChunk.render.begin | range=990399..<1038399 gen=38
[MEM-EVENT] preview.audio.canonical.render.begin | segments=3 range=990399..<1038399
[MEM-EVENT] preview.audio.stage8.cache.miss | range=990399..<1038399 revision=ProjectRevision(raw: 9) epoch=PlaybackEpoch(raw: 9) planIdLen=1647
[MEM-EVENT] preview.audio.stage8.render.decode | source=app.audio.source.imported:D50F6AD6-4D5B-4277-81C8-4C3E750ABC2D sourceStart=330133/16000 frameCount=48000 intersectionFrames=48000 elapsedMs=29.33
[MEM-EVENT] preview.audio.stage8.render.decode | source=app.audio.source.videoLayer:scene-1-998960A7-9292-4785-9323-231FDE8CE58B:block_01 sourceStart=82799/24000 frameCount=48000 intersectionFrames=48000 elapsedMs=24.21
[MEM-EVENT] preview.audio.stage8.render.total | range=990399..<1038399 segments=3 sources=2 elapsedMs=67.59
[MEM-EVENT] preview.audio.stage8.cache.store | range=990399..<1038399 revision=ProjectRevision(raw: 9) epoch=PlaybackEpoch(raw: 9) planIdLen=1647
[MEM-EVENT] preview.audio.canonical.render.end | sources=2
[MEM-EVENT] preview.audio.canonical.nextChunk.render.end | range=990399..<1038399 sourceCount=2
[MEM-EVENT] preview.audio.canonical.nextChunk.schedule.begin | range=990399..<1038399 sources=2
[MEM-EVENT] preview.audio.canonical.nextChunk.schedule.end | range=990399..<1038399 scheduled=1
[MEM-EVENT] preview.audio.canonical.nextChunk.requested | range=1038399..<1064801 gen=38 inFlight=1
[MEM-EVENT] preview.audio.canonical.nextChunk.render.begin | range=1038399..<1064801 gen=38
[MEM-EVENT] preview.audio.canonical.render.begin | segments=3 range=1038399..<1064801
[MEM-EVENT] preview.audio.stage8.cache.miss | range=1038399..<1064801 revision=ProjectRevision(raw: 9) epoch=PlaybackEpoch(raw: 9) planIdLen=1647
[MEM-EVENT] playback.audio.stop.begin
[MEM-EVENT] displayLink.invalidate | obj=4175345255548646732
[MEM-EVENT] VideoFrameProvider.stopPlayback | obj=3089768789542091402 flush=false hasPlaybackTex=true hasStillTex=true hasInteractiveTex=true hasHoldTex=false
[MEM-EVENT] preview.audio.stage8.render.decode | source=app.audio.source.imported:D50F6AD6-4D5B-4277-81C8-4C3E750ABC2D sourceStart=346133/16000 frameCount=26401 intersectionFrames=26402 elapsedMs=80.30
[MEM-EVENT] preview.audio.stage8.render.decode | source=app.audio.source.videoLayer:scene-1-998960A7-9292-4785-9323-231FDE8CE58B:block_01 sourceStart=106799/24000 frameCount=26402 intersectionFrames=26402 elapsedMs=25.19
[MEM-EVENT] preview.audio.stage8.render.total | range=1038399..<1064801 segments=3 sources=2 elapsedMs=113.37
[MEM-EVENT] preview.audio.stage8.cache.store | range=1038399..<1064801 revision=ProjectRevision(raw: 9) epoch=PlaybackEpoch(raw: 9) planIdLen=1647
[MEM-EVENT] preview.audio.canonical.render.end | sources=2
[MEM-EVENT] preview.audio.canonical.nextChunk.dropped | gen=38 current=40 reason=staleOrStopped
[PERF] FPS: 25.0 | CPU: 30.1% (1core), 5.0% (all) | MEM: 119MB res, 253MB foot | GPU: n/a | DRAW: avg 0.00ms, p95 0.00ms, max 0.00ms
[SCRUB-DIAG] FINAL - scroll: 0.0/s | scrubChanged: 0.0/s | playhead: 0.0/s (elapsed: 6.64s)
[SCRUB-DIAG] FINAL - scroll: 0.0/s | scrubChanged: 0.0/s | playhead: 0.0/s (elapsed: 0.33s)
[MEM-EVENT] audio.session.activate.begin
[MEM-EVENT] audio.session.activate.end | ok=1
[MEM-EVENT] playback.audio.start.begin | compressedFrame=476 projectTimeUs=15866666 state=timelinePreview isPlayingBefore=0
[MEM-EVENT] displayLink.create | obj=4175345255548646732
[MEM-DIAG] playback.start | footprint: 252MB | resident: 119MB | available: 2819MB | metal: 212MB | SceneInstanceRuntime: 2 | UserMediaService: 3 | VideoFrameProvider: 3
[MEM-EVENT] playback.audio.previewStart.call | projectTimeUs=15866666 hostTime=195571.2881001667
[MEM-EVENT] preview.audio.select | toggle=ON controller=Canonical
[MEM-EVENT] preview.audio.start | dirty=0 hasPipeline=1 readiness=primed
[MEM-EVENT] preview.audio.canonical.legacyGateBypassed | seconds=15.866666 hostTime=195571.2881001667
[MEM-EVENT] preview.audio.canonical.startPlayback.call | seconds=15.866666
[MEM-EVENT] preview.audio.stage8.startPlayback.call | sinceStartMs=0.01 fromSeconds=15.866666
[MEM-EVENT] preview.audio.stage8.plan.eval | sinceStartMs=5.88 elapsedMs=5.72 segments=3
[MEM-EVENT] preview.audio.canonical.plan | segments=3 fromSeconds=15.866666
[MEM-EVENT] preview.audio.stage8.setup.end | sinceStartMs=9.21 graph+session+output+anchor done
[MEM-EVENT] preview.audio.canonical.preroll.build.begin | planSegments=3 range=761599..<771199 gen=31
[MEM-EVENT] preview.audio.stage8.preroll.begin | sinceStartMs=9.33 range=761599..<771199 sampleCount=9600 initialPrerollSamples=9600 maxChunkSamples=48000
[MEM-EVENT] preview.audio.canonical.render.begin | segments=3 range=761599..<771199
[MEM-EVENT] preview.audio.stage8.cache.miss | range=761599..<771199 revision=ProjectRevision(raw: 10) epoch=PlaybackEpoch(raw: 10) planIdLen=1647
[VideoFrameProvider] playback: 50 OK, 0 nil (0.0%) | itemTime=7.108s | lastExtracted=7.107s | active=true
[MEM-EVENT] preview.audio.canonical.firstFrameSignal | delivered=1
[MEM-EVENT] preview.audio.stage8.firstFrameSignal | sinceStartMs=14.73 barrierReason=firstFrameArrivedPrerollNotReady
[MEM-EVENT] preview.audio.stage8.render.decode | source=app.audio.source.imported:D50F6AD6-4D5B-4277-81C8-4C3E750ABC2D sourceStart=761599/48000 frameCount=9600 intersectionFrames=9600 elapsedMs=47.57
[MEM-EVENT] preview.audio.stage8.render.decode | source=app.audio.source.videoLayer:scene-0-BBB22040-71D4-4001-8BBD-73623FEC4324:block_01 sourceStart=761599/48000 frameCount=9600 intersectionFrames=9600 elapsedMs=31.10
[MEM-EVENT] preview.audio.stage8.render.total | range=761599..<771199 segments=3 sources=2 elapsedMs=82.99
[MEM-EVENT] preview.audio.stage8.cache.store | range=761599..<771199 revision=ProjectRevision(raw: 10) epoch=PlaybackEpoch(raw: 10) planIdLen=1647
[MEM-EVENT] preview.audio.canonical.render.end | sources=2
[MEM-EVENT] preview.audio.canonical.preroll.build.end | sourceCount=2 bufferCount=2
[MEM-EVENT] preview.audio.stage8.preroll.end | sinceStartMs=93.25 renderElapsedMs=83.92 sourceCount=2
[MEM-EVENT] preview.audio.stage8.barrier.cross | sinceStartMs=93.26
[MEM-EVENT] preview.audio.canonical.graph.schedule.begin | sources=2
[MEM-EVENT] preview.audio.canonical.graph.schedule.end | scheduled=1
[MEM-EVENT] preview.audio.stage8.graph.schedule.end | sinceStartMs=140.67 scheduleMs=47.40
[MEM-EVENT] preview.audio.canonical.engine.start.begin
[MEM-EVENT] preview.audio.canonical.player.play.begin
[MEM-EVENT] preview.audio.canonical.player.play.end
[MEM-EVENT] preview.audio.canonical.engine.start.end
[MEM-EVENT] preview.audio.stage8.player.play.end | sinceStartMs=140.70 playStartMs=0.02
[MEM-EVENT] preview.audio.canonical.scheduled | scheduled=1 sources=2 started=1
[MEM-EVENT] preview.audio.stage8.scheduled.total | sinceStartMs=140.71 totalStartToScheduledMs=140.71
[MEM-EVENT] preview.audio.canonical.nextChunk.requested | range=771199..<819199 gen=42 inFlight=1
[MEM-EVENT] preview.audio.canonical.nextChunk.render.begin | range=771199..<819199 gen=42
[MEM-EVENT] preview.audio.canonical.render.begin | segments=3 range=771199..<819199
[MEM-EVENT] preview.audio.stage8.cache.miss | range=771199..<819199 revision=ProjectRevision(raw: 10) epoch=PlaybackEpoch(raw: 10) planIdLen=1647
[MEM-EVENT] preview.audio.stage8.render.decode | source=app.audio.source.imported:D50F6AD6-4D5B-4277-81C8-4C3E750ABC2D sourceStart=771199/48000 frameCount=48000 intersectionFrames=48000 elapsedMs=31.81
[MEM-EVENT] preview.audio.stage8.render.decode | source=app.audio.source.videoLayer:scene-0-BBB22040-71D4-4001-8BBD-73623FEC4324:block_01 sourceStart=771199/48000 frameCount=48000 intersectionFrames=48000 elapsedMs=25.04
[MEM-EVENT] preview.audio.stage8.render.total | range=771199..<819199 segments=3 sources=2 elapsedMs=71.79
[MEM-EVENT] preview.audio.stage8.cache.store | range=771199..<819199 revision=ProjectRevision(raw: 10) epoch=PlaybackEpoch(raw: 10) planIdLen=1647
[MEM-EVENT] preview.audio.canonical.render.end | sources=2
[MEM-EVENT] preview.audio.canonical.nextChunk.render.end | range=771199..<819199 sourceCount=2
[MEM-EVENT] preview.audio.canonical.nextChunk.schedule.begin | range=771199..<819199 sources=2
[MEM-EVENT] preview.audio.canonical.nextChunk.schedule.end | range=771199..<819199 scheduled=1
[MEM-EVENT] preview.audio.canonical.nextChunk.requested | range=819199..<867199 gen=42 inFlight=1
[MEM-EVENT] preview.audio.canonical.nextChunk.render.begin | range=819199..<867199 gen=42
[MEM-EVENT] preview.audio.canonical.render.begin | segments=3 range=819199..<867199
[MEM-EVENT] preview.audio.stage8.cache.miss | range=819199..<867199 revision=ProjectRevision(raw: 10) epoch=PlaybackEpoch(raw: 10) planIdLen=1647
[MEM-EVENT] preview.audio.stage8.render.decode | source=app.audio.source.imported:D50F6AD6-4D5B-4277-81C8-4C3E750ABC2D sourceStart=819199/48000 frameCount=48000 intersectionFrames=48000 elapsedMs=29.73
[MEM-EVENT] preview.audio.stage8.render.decode | source=app.audio.source.videoLayer:scene-0-BBB22040-71D4-4001-8BBD-73623FEC4324:block_01 sourceStart=819199/48000 frameCount=5601 intersectionFrames=5602 elapsedMs=24.10
[MEM-EVENT] preview.audio.stage8.render.decode | source=app.audio.source.videoLayer:scene-1-998960A7-9292-4785-9323-231FDE8CE58B:block_01 sourceStart=0/1 frameCount=42398 intersectionFrames=42398 elapsedMs=27.11
[MEM-EVENT] preview.audio.stage8.render.total | range=819199..<867199 segments=3 sources=3 elapsedMs=95.09
[MEM-EVENT] preview.audio.stage8.cache.store | range=819199..<867199 revision=ProjectRevision(raw: 10) epoch=PlaybackEpoch(raw: 10) planIdLen=1647
[MEM-EVENT] preview.audio.canonical.render.end | sources=3
[MEM-EVENT] preview.audio.canonical.nextChunk.render.end | range=819199..<867199 sourceCount=3
[MEM-EVENT] preview.audio.canonical.nextChunk.schedule.begin | range=819199..<867199 sources=3
[MEM-EVENT] preview.audio.canonical.nextChunk.schedule.end | range=819199..<867199 scheduled=1
[MEM-EVENT] preview.audio.canonical.nextChunk.requested | range=867199..<915199 gen=42 inFlight=1
[MEM-EVENT] preview.audio.canonical.nextChunk.render.begin | range=867199..<915199 gen=42
[MEM-EVENT] preview.audio.canonical.render.begin | segments=3 range=867199..<915199
[MEM-EVENT] preview.audio.stage8.cache.miss | range=867199..<915199 revision=ProjectRevision(raw: 10) epoch=PlaybackEpoch(raw: 10) planIdLen=1647
[MEM-EVENT] preview.audio.stage8.render.decode | source=app.audio.source.imported:D50F6AD6-4D5B-4277-81C8-4C3E750ABC2D sourceStart=867199/48000 frameCount=48000 intersectionFrames=48000 elapsedMs=29.50
[MEM-EVENT] preview.audio.stage8.render.decode | source=app.audio.source.videoLayer:scene-1-998960A7-9292-4785-9323-231FDE8CE58B:block_01 sourceStart=21199/24000 frameCount=48000 intersectionFrames=48000 elapsedMs=24.19
[MEM-EVENT] preview.audio.stage8.render.total | range=867199..<915199 segments=3 sources=2 elapsedMs=67.69
[MEM-EVENT] preview.audio.stage8.cache.store | range=867199..<915199 revision=ProjectRevision(raw: 10) epoch=PlaybackEpoch(raw: 10) planIdLen=1647
[MEM-EVENT] preview.audio.canonical.render.end | sources=2
[MEM-EVENT] preview.audio.canonical.nextChunk.render.end | range=867199..<915199 sourceCount=2
[MEM-EVENT] preview.audio.canonical.nextChunk.schedule.begin | range=867199..<915199 sources=2
[MEM-EVENT] preview.audio.canonical.nextChunk.schedule.end | range=867199..<915199 scheduled=1
[MEM-EVENT] preview.audio.canonical.nextChunk.requested | range=915199..<963199 gen=42 inFlight=1
[MEM-EVENT] preview.audio.canonical.nextChunk.render.begin | range=915199..<963199 gen=42
[MEM-EVENT] preview.audio.canonical.render.begin | segments=3 range=915199..<963199
[MEM-EVENT] preview.audio.stage8.cache.miss | range=915199..<963199 revision=ProjectRevision(raw: 10) epoch=PlaybackEpoch(raw: 10) planIdLen=1647
[MEM-EVENT] preview.audio.stage8.render.decode | source=app.audio.source.imported:D50F6AD6-4D5B-4277-81C8-4C3E750ABC2D sourceStart=915199/48000 frameCount=48000 intersectionFrames=48000 elapsedMs=29.77
[MEM-EVENT] preview.audio.stage8.render.decode | source=app.audio.source.videoLayer:scene-1-998960A7-9292-4785-9323-231FDE8CE58B:block_01 sourceStart=45199/24000 frameCount=48000 intersectionFrames=48000 elapsedMs=25.94
[MEM-EVENT] preview.audio.stage8.render.total | range=915199..<963199 segments=3 sources=2 elapsedMs=69.73
[MEM-EVENT] preview.audio.stage8.cache.store | range=915199..<963199 revision=ProjectRevision(raw: 10) epoch=PlaybackEpoch(raw: 10) planIdLen=1647
[MEM-EVENT] preview.audio.canonical.render.end | sources=2
[MEM-EVENT] preview.audio.canonical.nextChunk.render.end | range=915199..<963199 sourceCount=2
[MEM-EVENT] preview.audio.canonical.nextChunk.schedule.begin | range=915199..<963199 sources=2
[MEM-EVENT] preview.audio.canonical.nextChunk.schedule.end | range=915199..<963199 scheduled=1
[MEM-EVENT] preview.audio.canonical.nextChunk.requested | range=963199..<1011199 gen=42 inFlight=1
[MEM-EVENT] preview.audio.canonical.nextChunk.render.begin | range=963199..<1011199 gen=42
[MEM-EVENT] preview.audio.canonical.render.begin | segments=3 range=963199..<1011199
[MEM-EVENT] preview.audio.stage8.cache.miss | range=963199..<1011199 revision=ProjectRevision(raw: 10) epoch=PlaybackEpoch(raw: 10) planIdLen=1647
[MEM-EVENT] preview.audio.stage8.render.decode | source=app.audio.source.imported:D50F6AD6-4D5B-4277-81C8-4C3E750ABC2D sourceStart=963199/48000 frameCount=48000 intersectionFrames=48000 elapsedMs=29.56
[MEM-EVENT] preview.audio.stage8.render.decode | source=app.audio.source.videoLayer:scene-1-998960A7-9292-4785-9323-231FDE8CE58B:block_01 sourceStart=69199/24000 frameCount=48000 intersectionFrames=48000 elapsedMs=24.41
[MEM-EVENT] preview.audio.stage8.render.total | range=963199..<1011199 segments=3 sources=2 elapsedMs=68.00
[MEM-EVENT] preview.audio.stage8.cache.store | range=963199..<1011199 revision=ProjectRevision(raw: 10) epoch=PlaybackEpoch(raw: 10) planIdLen=1647
[MEM-EVENT] preview.audio.canonical.render.end | sources=2
[MEM-EVENT] preview.audio.canonical.nextChunk.render.end | range=963199..<1011199 sourceCount=2
[MEM-EVENT] preview.audio.canonical.nextChunk.schedule.begin | range=963199..<1011199 sources=2
[MEM-EVENT] preview.audio.canonical.nextChunk.schedule.end | range=963199..<1011199 scheduled=1
[MEM-EVENT] preview.audio.canonical.nextChunk.requested | range=1011199..<1059199 gen=42 inFlight=1
[MEM-EVENT] preview.audio.canonical.nextChunk.render.begin | range=1011199..<1059199 gen=42
[MEM-EVENT] preview.audio.canonical.render.begin | segments=3 range=1011199..<1059199
[MEM-EVENT] preview.audio.stage8.cache.miss | range=1011199..<1059199 revision=ProjectRevision(raw: 10) epoch=PlaybackEpoch(raw: 10) planIdLen=1647
[MEM-EVENT] preview.audio.stage8.render.decode | source=app.audio.source.imported:D50F6AD6-4D5B-4277-81C8-4C3E750ABC2D sourceStart=1011199/48000 frameCount=48000 intersectionFrames=48000 elapsedMs=30.44
[MEM-EVENT] preview.audio.stage8.render.decode | source=app.audio.source.videoLayer:scene-1-998960A7-9292-4785-9323-231FDE8CE58B:block_01 sourceStart=93199/24000 frameCount=48000 intersectionFrames=48000 elapsedMs=23.98
[MEM-EVENT] preview.audio.stage8.render.total | range=1011199..<1059199 segments=3 sources=2 elapsedMs=68.16
[MEM-EVENT] preview.audio.stage8.cache.store | range=1011199..<1059199 revision=ProjectRevision(raw: 10) epoch=PlaybackEpoch(raw: 10) planIdLen=1647
[MEM-EVENT] preview.audio.canonical.render.end | sources=2
[MEM-EVENT] preview.audio.canonical.nextChunk.render.end | range=1011199..<1059199 sourceCount=2
[MEM-EVENT] preview.audio.canonical.nextChunk.schedule.begin | range=1011199..<1059199 sources=2
[MEM-EVENT] preview.audio.canonical.nextChunk.schedule.end | range=1011199..<1059199 scheduled=1
[MEM-EVENT] preview.audio.canonical.nextChunk.requested | range=1059199..<1064801 gen=42 inFlight=1
[MEM-EVENT] preview.audio.canonical.nextChunk.render.begin | range=1059199..<1064801 gen=42
[MEM-EVENT] preview.audio.canonical.render.begin | segments=3 range=1059199..<1064801
[MEM-EVENT] preview.audio.stage8.cache.miss | range=1059199..<1064801 revision=ProjectRevision(raw: 10) epoch=PlaybackEpoch(raw: 10) planIdLen=1647
[MEM-EVENT] preview.audio.stage8.render.decode | source=app.audio.source.imported:D50F6AD6-4D5B-4277-81C8-4C3E750ABC2D sourceStart=1059199/48000 frameCount=5601 intersectionFrames=5602 elapsedMs=25.36
[MEM-EVENT] preview.audio.stage8.render.decode | source=app.audio.source.videoLayer:scene-1-998960A7-9292-4785-9323-231FDE8CE58B:block_01 sourceStart=117199/24000 frameCount=5602 intersectionFrames=5602 elapsedMs=28.44
[MEM-EVENT] preview.audio.stage8.render.total | range=1059199..<1064801 segments=3 sources=2 elapsedMs=55.50
[MEM-EVENT] preview.audio.stage8.cache.store | range=1059199..<1064801 revision=ProjectRevision(raw: 10) epoch=PlaybackEpoch(raw: 10) planIdLen=1647
[MEM-EVENT] preview.audio.canonical.render.end | sources=2
[MEM-EVENT] preview.audio.canonical.nextChunk.render.end | range=1059199..<1064801 sourceCount=2
[MEM-EVENT] preview.audio.canonical.nextChunk.schedule.begin | range=1059199..<1064801 sources=2
[MEM-EVENT] preview.audio.canonical.nextChunk.schedule.end | range=1059199..<1064801 scheduled=1
[MEM-EVENT] preview.audio.canonical.nextChunk.endOfPlan | planEnd=1064801
[MEM-EVENT] playback.audio.stop.begin
[MEM-EVENT] displayLink.invalidate | obj=4175345255548646732
[MEM-EVENT] VideoFrameProvider.stopPlayback | obj=3089768789542091402 flush=false hasPlaybackTex=true hasStillTex=true hasInteractiveTex=true hasHoldTex=false
[PERF] FPS: 25.0 | CPU: 18.9% (1core), 3.2% (all) | MEM: 123MB res, 260MB foot | GPU: n/a | DRAW: avg 0.00ms, p95 0.00ms, max 0.00ms
[SCRUB-DIAG] FINAL - scroll: 0.0/s | scrubChanged: 0.0/s | playhead: 0.0/s (elapsed: 1.65s)
[MEM-EVENT] audio.session.activate.begin
[MEM-EVENT] audio.session.activate.end | ok=1
[MEM-EVENT] playback.audio.start.begin | compressedFrame=583 projectTimeUs=19433333 state=timelinePreview isPlayingBefore=0
[MEM-EVENT] displayLink.create | obj=4175345255548646732
[MEM-DIAG] playback.start | footprint: 253MB | resident: 119MB | available: 2819MB | metal: 212MB | SceneInstanceRuntime: 2 | UserMediaService: 3 | VideoFrameProvider: 3
[MEM-EVENT] playback.audio.previewStart.call | projectTimeUs=19433333 hostTime=195572.91974862505
[MEM-EVENT] preview.audio.select | toggle=ON controller=Canonical
[MEM-EVENT] preview.audio.start | dirty=0 hasPipeline=1 readiness=primed
[MEM-EVENT] preview.audio.canonical.legacyGateBypassed | seconds=19.433333 hostTime=195572.91974862505
[MEM-EVENT] preview.audio.canonical.startPlayback.call | seconds=19.433333
[MEM-EVENT] preview.audio.stage8.startPlayback.call | sinceStartMs=0.01 fromSeconds=19.433333
[MEM-EVENT] preview.audio.stage8.plan.eval | sinceStartMs=5.91 elapsedMs=5.77 segments=3
[MEM-EVENT] preview.audio.canonical.plan | segments=3 fromSeconds=19.433333
[MEM-EVENT] preview.audio.stage8.setup.end | sinceStartMs=9.33 graph+session+output+anchor done
[MEM-EVENT] preview.audio.canonical.preroll.build.begin | planSegments=3 range=932799..<942399 gen=34
[MEM-EVENT] preview.audio.stage8.preroll.begin | sinceStartMs=9.45 range=932799..<942399 sampleCount=9600 initialPrerollSamples=9600 maxChunkSamples=48000
[VideoFrameProvider] playback: 41 OK, 2 nil (4.7%) | itemTime=1.463s | lastExtracted=nils | active=true
[MEM-EVENT] preview.audio.canonical.firstFrameSignal | delivered=1
[MEM-EVENT] preview.audio.stage8.firstFrameSignal | sinceStartMs=10.72 barrierReason=firstFrameArrivedPrerollNotReady
[MEM-EVENT] preview.audio.canonical.render.begin | segments=3 range=932799..<942399
[MEM-EVENT] preview.audio.stage8.cache.miss | range=932799..<942399 revision=ProjectRevision(raw: 11) epoch=PlaybackEpoch(raw: 11) planIdLen=1647
[MEM-EVENT] preview.audio.stage8.render.decode | source=app.audio.source.imported:D50F6AD6-4D5B-4277-81C8-4C3E750ABC2D sourceStart=310933/16000 frameCount=9600 intersectionFrames=9600 elapsedMs=55.73
[MEM-EVENT] preview.audio.stage8.render.decode | source=app.audio.source.videoLayer:scene-1-998960A7-9292-4785-9323-231FDE8CE58B:block_01 sourceStart=53999/24000 frameCount=9600 intersectionFrames=9600 elapsedMs=28.19
[MEM-EVENT] preview.audio.stage8.render.total | range=932799..<942399 segments=3 sources=2 elapsedMs=87.80
[MEM-EVENT] preview.audio.stage8.cache.store | range=932799..<942399 revision=ProjectRevision(raw: 11) epoch=PlaybackEpoch(raw: 11) planIdLen=1647
[MEM-EVENT] preview.audio.canonical.render.end | sources=2
[MEM-EVENT] preview.audio.canonical.preroll.build.end | sourceCount=2 bufferCount=2
[MEM-EVENT] preview.audio.stage8.preroll.end | sinceStartMs=103.53 renderElapsedMs=94.09 sourceCount=2
[MEM-EVENT] preview.audio.stage8.barrier.cross | sinceStartMs=103.54
[MEM-EVENT] preview.audio.canonical.graph.schedule.begin | sources=2
[MEM-EVENT] preview.audio.canonical.graph.schedule.end | scheduled=1
[MEM-EVENT] preview.audio.stage8.graph.schedule.end | sinceStartMs=151.57 scheduleMs=48.02
[MEM-EVENT] preview.audio.canonical.engine.start.begin
[MEM-EVENT] preview.audio.canonical.player.play.begin
[MEM-EVENT] preview.audio.canonical.player.play.end
[MEM-EVENT] preview.audio.canonical.engine.start.end
[MEM-EVENT] preview.audio.stage8.player.play.end | sinceStartMs=151.59 playStartMs=0.02
[MEM-EVENT] preview.audio.canonical.scheduled | scheduled=1 sources=2 started=1
[MEM-EVENT] preview.audio.stage8.scheduled.total | sinceStartMs=151.60 totalStartToScheduledMs=151.60
[MEM-EVENT] preview.audio.canonical.nextChunk.requested | range=942399..<990399 gen=46 inFlight=1
[MEM-EVENT] preview.audio.canonical.nextChunk.render.begin | range=942399..<990399 gen=46
[MEM-EVENT] preview.audio.canonical.render.begin | segments=3 range=942399..<990399
[MEM-EVENT] preview.audio.stage8.cache.miss | range=942399..<990399 revision=ProjectRevision(raw: 11) epoch=PlaybackEpoch(raw: 11) planIdLen=1647
[MEM-EVENT] preview.audio.stage8.render.decode | source=app.audio.source.imported:D50F6AD6-4D5B-4277-81C8-4C3E750ABC2D sourceStart=314133/16000 frameCount=48000 intersectionFrames=48000 elapsedMs=32.12
[MEM-EVENT] preview.audio.stage8.render.decode | source=app.audio.source.videoLayer:scene-1-998960A7-9292-4785-9323-231FDE8CE58B:block_01 sourceStart=58799/24000 frameCount=48000 intersectionFrames=48000 elapsedMs=25.91
[MEM-EVENT] preview.audio.stage8.render.total | range=942399..<990399 segments=3 sources=2 elapsedMs=71.92
[MEM-EVENT] preview.audio.stage8.cache.store | range=942399..<990399 revision=ProjectRevision(raw: 11) epoch=PlaybackEpoch(raw: 11) planIdLen=1647
[MEM-EVENT] preview.audio.canonical.render.end | sources=2
[MEM-EVENT] preview.audio.canonical.nextChunk.render.end | range=942399..<990399 sourceCount=2
[MEM-EVENT] preview.audio.canonical.nextChunk.schedule.begin | range=942399..<990399 sources=2
[MEM-EVENT] preview.audio.canonical.nextChunk.schedule.end | range=942399..<990399 scheduled=1
[MEM-EVENT] preview.audio.canonical.nextChunk.requested | range=990399..<1038399 gen=46 inFlight=1
[MEM-EVENT] preview.audio.canonical.nextChunk.render.begin | range=990399..<1038399 gen=46
[MEM-EVENT] preview.audio.canonical.render.begin | segments=3 range=990399..<1038399
[MEM-EVENT] preview.audio.stage8.cache.miss | range=990399..<1038399 revision=ProjectRevision(raw: 11) epoch=PlaybackEpoch(raw: 11) planIdLen=1647
[MEM-EVENT] preview.audio.stage8.render.decode | source=app.audio.source.imported:D50F6AD6-4D5B-4277-81C8-4C3E750ABC2D sourceStart=330133/16000 frameCount=48000 intersectionFrames=48000 elapsedMs=30.92
[MEM-EVENT] preview.audio.stage8.render.decode | source=app.audio.source.videoLayer:scene-1-998960A7-9292-4785-9323-231FDE8CE58B:block_01 sourceStart=82799/24000 frameCount=48000 intersectionFrames=48000 elapsedMs=24.88
[MEM-EVENT] preview.audio.stage8.render.total | range=990399..<1038399 segments=3 sources=2 elapsedMs=69.50
[MEM-EVENT] preview.audio.stage8.cache.store | range=990399..<1038399 revision=ProjectRevision(raw: 11) epoch=PlaybackEpoch(raw: 11) planIdLen=1647
[MEM-EVENT] preview.audio.canonical.render.end | sources=2
[MEM-EVENT] preview.audio.canonical.nextChunk.render.end | range=990399..<1038399 sourceCount=2
[MEM-EVENT] preview.audio.canonical.nextChunk.schedule.begin | range=990399..<1038399 sources=2
[MEM-EVENT] preview.audio.canonical.nextChunk.schedule.end | range=990399..<1038399 scheduled=1
[MEM-EVENT] preview.audio.canonical.nextChunk.requested | range=1038399..<1064801 gen=46 inFlight=1
[MEM-EVENT] preview.audio.canonical.nextChunk.render.begin | range=1038399..<1064801 gen=46
[MEM-EVENT] preview.audio.canonical.render.begin | segments=3 range=1038399..<1064801
[MEM-EVENT] preview.audio.stage8.cache.miss | range=1038399..<1064801 revision=ProjectRevision(raw: 11) epoch=PlaybackEpoch(raw: 11) planIdLen=1647
[MEM-EVENT] preview.audio.stage8.render.decode | source=app.audio.source.imported:D50F6AD6-4D5B-4277-81C8-4C3E750ABC2D sourceStart=346133/16000 frameCount=26401 intersectionFrames=26402 elapsedMs=27.01
[MEM-EVENT] preview.audio.stage8.render.decode | source=app.audio.source.videoLayer:scene-1-998960A7-9292-4785-9323-231FDE8CE58B:block_01 sourceStart=106799/24000 frameCount=26402 intersectionFrames=26402 elapsedMs=25.22
[MEM-EVENT] preview.audio.stage8.render.total | range=1038399..<1064801 segments=3 sources=2 elapsedMs=60.08
[MEM-EVENT] preview.audio.stage8.cache.store | range=1038399..<1064801 revision=ProjectRevision(raw: 11) epoch=PlaybackEpoch(raw: 11) planIdLen=1647
[MEM-EVENT] preview.audio.canonical.render.end | sources=2
[MEM-EVENT] preview.audio.canonical.nextChunk.render.end | range=1038399..<1064801 sourceCount=2
[MEM-EVENT] preview.audio.canonical.nextChunk.schedule.begin | range=1038399..<1064801 sources=2
[MEM-EVENT] preview.audio.canonical.nextChunk.schedule.end | range=1038399..<1064801 scheduled=1
[MEM-EVENT] preview.audio.canonical.nextChunk.endOfPlan | planEnd=1064801
[MEM-EVENT] playback.audio.stop.begin
[MEM-EVENT] displayLink.invalidate | obj=4175345255548646732
[MEM-EVENT] VideoFrameProvider.stopPlayback | obj=7904400881620801490 flush=false hasPlaybackTex=true hasStillTex=true hasInteractiveTex=true hasHoldTex=false
[SCRUB-DIAG] FINAL - scroll: 0.0/s | scrubChanged: 0.0/s | playhead: 0.0/s (elapsed: 1.90s)
[PERF] FPS: 15.5 | CPU: 13.9% (1core), 2.3% (all) | MEM: 122MB res, 257MB foot | GPU: n/a | DRAW: avg 0.00ms, p95 0.00ms, max 0.00ms
[MEM-DIAG] export.enter.before | footprint: 266MB | resident: 136MB | available: 2806MB | metal: 214MB | SceneInstanceRuntime: 2 | UserMediaService: 3 | VideoFrameProvider: 3
[MEM-EVENT] export.enter
[MEM-EVENT] playback.audio.stop.begin
[MEM-EVENT] preview.audio.teardownForExport | dirtyBefore=0 genBefore=3
[MEM-EVENT] Background.clearAll | keys=0
[BackgroundTextureService] Cleared all background textures
[MEM-EVENT] UMS.releasePreview | obj=1313419755508538601 videoProviders=1 setupTasks=0 stillTasks=0 trimTasks=0 activeVideo=0
[MEM-EVENT] VideoFrameProvider.release | obj=-2145117220903299141 hasPlaybackTex=false hasStillTex=true hasInteractiveTex=false
[MEM-EVENT] VideoFrameProvider.stopPlayback | obj=-2145117220903299141 flush=true hasPlaybackTex=false hasStillTex=true hasInteractiveTex=false hasHoldTex=false
[MEM-EVENT] CVTextureCache.flush | owner=UserMediaTextureFactory
[MEM-EVENT] CVTextureCache.flush | owner=UserMediaTextureFactory
[MEM-EVENT] VideoFrameProvider.release | obj=-2145117220903299141 hasPlaybackTex=false hasStillTex=false hasInteractiveTex=false
[MEM-EVENT] VideoFrameProvider.stopPlayback | obj=-2145117220903299141 flush=true hasPlaybackTex=false hasStillTex=false hasInteractiveTex=false hasHoldTex=false
[MEM-EVENT] CVTextureCache.flush | owner=UserMediaTextureFactory
[MEM-EVENT] CVTextureCache.flush | owner=UserMediaTextureFactory
[MEM-EVENT] VideoFrameProvider.deinit | obj=-2145117220903299141
[MEM-EVENT] TCEngine.releasePreview | runtimes=2 evictCache=false
[MEM-EVENT] VideoFrameProvider.stopPlayback | obj=3089768789542091402 flush=true hasPlaybackTex=true hasStillTex=true hasInteractiveTex=true hasHoldTex=false
[MEM-EVENT] CVTextureCache.flush | owner=UserMediaTextureFactory
[MEM-EVENT] UMS.releasePreview | obj=2200446116212260589 videoProviders=1 setupTasks=0 stillTasks=0 trimTasks=0 activeVideo=0
[MEM-EVENT] VideoFrameProvider.release | obj=3089768789542091402 hasPlaybackTex=false hasStillTex=true hasInteractiveTex=false
[MEM-EVENT] VideoFrameProvider.stopPlayback | obj=3089768789542091402 flush=true hasPlaybackTex=false hasStillTex=true hasInteractiveTex=false hasHoldTex=false
[MEM-EVENT] CVTextureCache.flush | owner=UserMediaTextureFactory
[MEM-EVENT] CVTextureCache.flush | owner=UserMediaTextureFactory
[MEM-EVENT] VideoFrameProvider.release | obj=3089768789542091402 hasPlaybackTex=false hasStillTex=false hasInteractiveTex=false
[MEM-EVENT] VideoFrameProvider.stopPlayback | obj=3089768789542091402 flush=true hasPlaybackTex=false hasStillTex=false hasInteractiveTex=false hasHoldTex=false
[MEM-EVENT] CVTextureCache.flush | owner=UserMediaTextureFactory
[MEM-EVENT] CVTextureCache.flush | owner=UserMediaTextureFactory
[MEM-EVENT] VideoFrameProvider.deinit | obj=3089768789542091402
[MEM-EVENT] VideoFrameProvider.stopPlayback | obj=7904400881620801490 flush=true hasPlaybackTex=true hasStillTex=true hasInteractiveTex=true hasHoldTex=false
[MEM-EVENT] CVTextureCache.flush | owner=UserMediaTextureFactory
[MEM-EVENT] UMS.releasePreview | obj=7828652405477126748 videoProviders=1 setupTasks=0 stillTasks=0 trimTasks=0 activeVideo=0
[MEM-EVENT] VideoFrameProvider.release | obj=7904400881620801490 hasPlaybackTex=false hasStillTex=true hasInteractiveTex=false
[MEM-EVENT] VideoFrameProvider.stopPlayback | obj=7904400881620801490 flush=true hasPlaybackTex=false hasStillTex=true hasInteractiveTex=false hasHoldTex=false
[MEM-EVENT] CVTextureCache.flush | owner=UserMediaTextureFactory
[MEM-EVENT] CVTextureCache.flush | owner=UserMediaTextureFactory
[MEM-EVENT] VideoFrameProvider.release | obj=7904400881620801490 hasPlaybackTex=false hasStillTex=false hasInteractiveTex=false
[MEM-EVENT] VideoFrameProvider.stopPlayback | obj=7904400881620801490 flush=true hasPlaybackTex=false hasStillTex=false hasInteractiveTex=false hasHoldTex=false
[MEM-EVENT] CVTextureCache.flush | owner=UserMediaTextureFactory
[MEM-EVENT] CVTextureCache.flush | owner=UserMediaTextureFactory
[MEM-EVENT] VideoFrameProvider.deinit | obj=7904400881620801490
[MEM-EVENT] SceneInstanceRuntime.deinit | obj=4124515990010203966 id=BBB22040-71D4-4001-8BBD-73623FEC4324
[MEM-EVENT] UserMediaService.deinit | obj=2200446116212260589 videoProviders=0
[MEM-EVENT] SceneInstanceRuntime.deinit | obj=5204250173719003364 id=998960A7-9292-4785-9323-231FDE8CE58B
[MEM-EVENT] UserMediaService.deinit | obj=7828652405477126748 videoProviders=0
[MEM-EVENT] Background.clearAll | keys=0
[BackgroundTextureService] Cleared all background textures
[MEM-DIAG] export.enter.after | footprint: 115MB | resident: 136MB | available: 2956MB | metal: 68MB | SceneInstanceRuntime: 0 | UserMediaService: 1 | VideoFrameProvider: 0
[MEM-EVENT] audio.plan.begin | hasState=1 includeOriginal=1
[MEM-EVENT] audio.plan.candidates | audioTracks=1 candidates=1
[MEM-EVENT] audio.plan.end | items=1 includeOriginal=1
[MEM-EVENT] audio.sceneData.end | scenes=2 totalVideoSelections=2
[MEM-EVENT] export.timeline.config | scenes=2 videoSlots=2 bgRegions=0 size=1080x1920 fps=30 preset=high hasAudio=1
[MEM-EVENT] export.prepare.summary | mode=timeline duration=0.04s outcome=success
[MEM-EVENT] export.taskDelay.summary | mode=timeline delay=0.00s
[MEM-EVENT] export.handoff.summary | mode=timeline duration=0.00s
[MEM-EVENT] export.queueDelay.summary | mode=timeline delay=0.00s
[MEM-EVENT] audio.build.begin | mode=timeline scenes=2 planItems=1 includeOriginal=1 projectDuration=22.17
[MEM-EVENT] audio.build.planInserted | count=1
[MEM-EVENT] audio.build.videoSlot.insert | scene=0 blockId=block_01
[MEM-EVENT] audio.build.videoSlot.insert | scene=1 blockId=block_01
[MEM-EVENT] audio.build.end | mode=timeline planInserted=1 originalInserted=2 tracks=3 mixInputs=3 duration=22.17
[MEM-EVENT] export.writer.audioConfig | requested=1 tracks=3 duration=22.17 mixInputs=3 expectedAudio=1
[MEM-EVENT] export.writer.audioInput | added=1
[MEM-EVENT] export.writer.init.summary | writerCreate=0.00s videoInput=0.01s adaptor=0.00s audioInput=0.00s pump=0.00s total=0.01s
[MEM-EVENT] export.writer.startWriting.begin | writerStartIndex=0 firstWriterInProcess=1 outputExists=0 size=1080x1920 fps=30 bitrate=15000000 hasAudio=1 writerStatus=0
[PERF] FPS: 0.0 | CPU: 18.2% (1core), 3.0% (all) | MEM: 136MB res, 108MB foot | GPU: n/a | DRAW: avg 0.00ms, p95 0.00ms, max 0.00ms
[MEM-EVENT] export.writer.startWriting.end | writerStartIndex=0 duration=0.018s writerStatus=1 error=none
[MEM-EVENT] export.audioReader.start.begin | tracks=3 duration=22.17s hasMix=1 mixInputs=3 readerStatus=0
[MEM-EVENT] export.audioReader.start.end | ok=1 status=1 error=none
[MEM-EVENT] export.audioPump.start.summary | readerCreate=0.00s outputSetup=0.00s readerStart=0.02s callback=0.00s total=0.02s
[MEM-EVENT] export.writer.start.summary | writerStart=0.02s session=0.00s videoPump=0.00s audioPump=0.02s total=0.04s
[MEM-EVENT] CVTextureCache.create | owner=TimelineExport
[MEM-EVENT] export.runnerSetup.summary | mode=timeline background=0.00s audio=0.01s writer=0.06s cache=0.00s residency=0.00s other=0.00s total=0.07s
[MEM-DIAG] export.frame.0 | footprint: 104MB | resident: 137MB | available: 2967MB | metal: 64MB | SceneInstanceRuntime: 0 | UserMediaService: 1 | VideoFrameProvider: 0
[MEM-EVENT] ExportVideoFrameProvider.init | obj=7530911571073765499
[ExportVideoFrameProvider] READY: BBB22040-71D4-4001-8BBD-73623FEC4324_block_01_61C3432D-B3F5-44B5-8C2C-103EE3850D7D.mov | trackFPS=25.00 | size=1920x1080 | transform=[0.0,1.0,-1.0,0.0,1080.0,0.0] | window=[0.000–46.642]
[ExportVideoFrameProvider] #1 target=0.0000s | lastPTS=0.0000s | pendingPTS=0.0400s | prevPTS=nils | ADV | EXACT_PREV
[ExportVideoFrameProvider] #2 target=0.0333s | lastPTS=0.0000s | pendingPTS=0.0400s | prevPTS=0.0000s | HOLD | BLEND(0.833)
[ExportVideoFrameProvider] #3 target=0.0667s | lastPTS=0.0400s | pendingPTS=0.0800s | prevPTS=0.0000s | ADV | BLEND(0.667)
[ExportVideoFrameProvider] #4 target=0.1000s | lastPTS=0.0800s | pendingPTS=0.1200s | prevPTS=0.0400s | ADV | BLEND(0.500)
[ExportVideoFrameProvider] #5 target=0.1333s | lastPTS=0.1200s | pendingPTS=0.1600s | prevPTS=0.0800s | ADV | BLEND(0.333)
[ExportVideoFrameProvider] #6 target=0.1667s | lastPTS=0.1600s | pendingPTS=0.2000s | prevPTS=0.1200s | ADV | BLEND(0.167)
[ExportVideoFrameProvider] #7 target=0.2000s | lastPTS=0.2000s | pendingPTS=0.2400s | prevPTS=0.1600s | ADV | EXACT_PREV
[ExportVideoFrameProvider] #8 target=0.2333s | lastPTS=0.2000s | pendingPTS=0.2400s | prevPTS=0.2000s | HOLD | BLEND(0.833)
[ExportVideoFrameProvider] #9 target=0.2667s | lastPTS=0.2400s | pendingPTS=0.2800s | prevPTS=0.2000s | ADV | BLEND(0.667)
[ExportVideoFrameProvider] #10 target=0.3000s | lastPTS=0.2800s | pendingPTS=0.3200s | prevPTS=0.2400s | ADV | BLEND(0.500)
[ExportVideoFrameProvider] #11 target=0.3333s | lastPTS=0.3200s | pendingPTS=0.3600s | prevPTS=0.2800s | ADV | BLEND(0.333)
[ExportVideoFrameProvider] #12 target=0.3650s | lastPTS=0.3600s | pendingPTS=0.4000s | prevPTS=0.3200s | ADV | BLEND(0.125)
[ExportVideoFrameProvider] #13 target=0.4000s | lastPTS=0.4000s | pendingPTS=0.4400s | prevPTS=0.3600s | ADV | EXACT_PREV
[ExportVideoFrameProvider] #14 target=0.4333s | lastPTS=0.4000s | pendingPTS=0.4400s | prevPTS=0.4000s | HOLD | BLEND(0.833)
[ExportVideoFrameProvider] #15 target=0.4667s | lastPTS=0.4400s | pendingPTS=0.4800s | prevPTS=0.4000s | ADV | BLEND(0.667)
[ExportVideoFrameProvider] #16 target=0.5000s | lastPTS=0.4800s | pendingPTS=0.5200s | prevPTS=0.4400s | ADV | BLEND(0.500)
[ExportVideoFrameProvider] #17 target=0.5333s | lastPTS=0.5200s | pendingPTS=0.5600s | prevPTS=0.4800s | ADV | BLEND(0.333)
[ExportVideoFrameProvider] #18 target=0.5667s | lastPTS=0.5600s | pendingPTS=0.6000s | prevPTS=0.5200s | ADV | BLEND(0.167)
[ExportVideoFrameProvider] #19 target=0.6000s | lastPTS=0.6000s | pendingPTS=0.6400s | prevPTS=0.5600s | ADV | EXACT_PREV
[ExportVideoFrameProvider] #20 target=0.6333s | lastPTS=0.6000s | pendingPTS=0.6400s | prevPTS=0.6000s | HOLD | BLEND(0.833)
[ExportVideoFrameProvider] #21 target=0.6667s | lastPTS=0.6400s | pendingPTS=0.6800s | prevPTS=0.6000s | ADV | BLEND(0.667)
[ExportVideoFrameProvider] #22 target=0.7000s | lastPTS=0.6800s | pendingPTS=0.7200s | prevPTS=0.6400s | ADV | BLEND(0.500)
[ExportVideoFrameProvider] #23 target=0.7317s | lastPTS=0.7200s | pendingPTS=0.7600s | prevPTS=0.6800s | ADV | BLEND(0.292)
[ExportVideoFrameProvider] #24 target=0.7667s | lastPTS=0.7600s | pendingPTS=0.8000s | prevPTS=0.7200s | ADV | BLEND(0.167)
[ExportVideoFrameProvider] #25 target=0.8000s | lastPTS=0.8000s | pendingPTS=0.8400s | prevPTS=0.7600s | ADV | EXACT_PREV
[ExportVideoFrameProvider] #26 target=0.8333s | lastPTS=0.8000s | pendingPTS=0.8400s | prevPTS=0.8000s | HOLD | BLEND(0.833)
[ExportVideoFrameProvider] #27 target=0.8667s | lastPTS=0.8400s | pendingPTS=0.8800s | prevPTS=0.8000s | ADV | BLEND(0.667)
[ExportVideoFrameProvider] #28 target=0.9000s | lastPTS=0.8800s | pendingPTS=0.9200s | prevPTS=0.8400s | ADV | BLEND(0.500)
[ExportVideoFrameProvider] #29 target=0.9333s | lastPTS=0.9200s | pendingPTS=0.9600s | prevPTS=0.8800s | ADV | BLEND(0.333)
[ExportVideoFrameProvider] #30 target=0.9667s | lastPTS=0.9600s | pendingPTS=1.0000s | prevPTS=0.9200s | ADV | BLEND(0.167)
[ExportVideoFrameProvider] #31 target=1.0000s | lastPTS=1.0000s | pendingPTS=1.0400s | prevPTS=0.9600s | ADV | EXACT_PREV
[ExportVideoFrameProvider] #32 target=1.0333s | lastPTS=1.0000s | pendingPTS=1.0400s | prevPTS=1.0000s | HOLD | BLEND(0.833)
[ExportVideoFrameProvider] #33 target=1.0667s | lastPTS=1.0400s | pendingPTS=1.0800s | prevPTS=1.0000s | ADV | BLEND(0.667)
[ExportVideoFrameProvider] #34 target=1.1000s | lastPTS=1.0800s | pendingPTS=1.1200s | prevPTS=1.0400s | ADV | BLEND(0.500)
[ExportVideoFrameProvider] #35 target=1.1333s | lastPTS=1.1200s | pendingPTS=1.1600s | prevPTS=1.0800s | ADV | BLEND(0.333)
[ExportVideoFrameProvider] #36 target=1.1667s | lastPTS=1.1600s | pendingPTS=1.2000s | prevPTS=1.1200s | ADV | BLEND(0.167)
[ExportVideoFrameProvider] #37 target=1.2000s | lastPTS=1.2000s | pendingPTS=1.2400s | prevPTS=1.1600s | ADV | EXACT_PREV
[ExportVideoFrameProvider] #38 target=1.2333s | lastPTS=1.2000s | pendingPTS=1.2400s | prevPTS=1.2000s | HOLD | BLEND(0.833)
[ExportVideoFrameProvider] #39 target=1.2667s | lastPTS=1.2400s | pendingPTS=1.2800s | prevPTS=1.2000s | ADV | BLEND(0.667)
[ExportVideoFrameProvider] #40 target=1.3000s | lastPTS=1.2800s | pendingPTS=1.3200s | prevPTS=1.2400s | ADV | BLEND(0.500)
[ExportVideoFrameProvider] #41 target=1.3333s | lastPTS=1.3200s | pendingPTS=1.3600s | prevPTS=1.2800s | ADV | BLEND(0.333)
[ExportVideoFrameProvider] #42 target=1.3667s | lastPTS=1.3600s | pendingPTS=1.4000s | prevPTS=1.3200s | ADV | BLEND(0.167)
[ExportVideoFrameProvider] #43 target=1.4000s | lastPTS=1.4000s | pendingPTS=1.4400s | prevPTS=1.3600s | ADV | EXACT_PREV
[ExportVideoFrameProvider] #44 target=1.4333s | lastPTS=1.4000s | pendingPTS=1.4400s | prevPTS=1.4000s | HOLD | BLEND(0.833)
[ExportVideoFrameProvider] #45 target=1.4650s | lastPTS=1.4400s | pendingPTS=1.4800s | prevPTS=1.4000s | ADV | BLEND(0.625)
[ExportVideoFrameProvider] #46 target=1.5000s | lastPTS=1.4800s | pendingPTS=1.5200s | prevPTS=1.4400s | ADV | BLEND(0.500)
[ExportVideoFrameProvider] #47 target=1.5333s | lastPTS=1.5200s | pendingPTS=1.5600s | prevPTS=1.4800s | ADV | BLEND(0.333)
[ExportVideoFrameProvider] #48 target=1.5667s | lastPTS=1.5600s | pendingPTS=1.6000s | prevPTS=1.5200s | ADV | BLEND(0.167)
[ExportVideoFrameProvider] #49 target=1.6000s | lastPTS=1.6000s | pendingPTS=1.6400s | prevPTS=1.5600s | ADV | EXACT_PREV
[ExportVideoFrameProvider] #50 target=1.6333s | lastPTS=1.6000s | pendingPTS=1.6400s | prevPTS=1.6000s | HOLD | BLEND(0.833)
[ExportVideoFrameProvider] #51 target=1.6667s | lastPTS=1.6400s | pendingPTS=1.6800s | prevPTS=1.6000s | ADV | BLEND(0.667)
[ExportVideoFrameProvider] #52 target=1.7000s | lastPTS=1.6800s | pendingPTS=1.7200s | prevPTS=1.6400s | ADV | BLEND(0.500)
[ExportVideoFrameProvider] #53 target=1.7333s | lastPTS=1.7200s | pendingPTS=1.7600s | prevPTS=1.6800s | ADV | BLEND(0.333)
[ExportVideoFrameProvider] #54 target=1.7667s | lastPTS=1.7600s | pendingPTS=1.8000s | prevPTS=1.7200s | ADV | BLEND(0.167)
[ExportVideoFrameProvider] #55 target=1.8000s | lastPTS=1.8000s | pendingPTS=1.8400s | prevPTS=1.7600s | ADV | EXACT_PREV
[ExportVideoFrameProvider] #56 target=1.8333s | lastPTS=1.8000s | pendingPTS=1.8400s | prevPTS=1.8000s | HOLD | BLEND(0.833)
[ExportVideoFrameProvider] #57 target=1.8667s | lastPTS=1.8400s | pendingPTS=1.8800s | prevPTS=1.8000s | ADV | BLEND(0.667)
[ExportVideoFrameProvider] #58 target=1.9000s | lastPTS=1.8800s | pendingPTS=1.9200s | prevPTS=1.8400s | ADV | BLEND(0.500)
[ExportVideoFrameProvider] #59 target=1.9333s | lastPTS=1.9200s | pendingPTS=1.9600s | prevPTS=1.8800s | ADV | BLEND(0.333)
[ExportVideoFrameProvider] #60 target=1.9667s | lastPTS=1.9600s | pendingPTS=2.0000s | prevPTS=1.9200s | ADV | BLEND(0.167)
[ExportVideoFrameProvider] #70 target=2.3000s | lastPTS=2.2800s | pendingPTS=2.3200s | prevPTS=2.2400s | ADV | BLEND(0.500)
[ExportVideoFrameProvider] #80 target=2.6333s | lastPTS=2.6000s | pendingPTS=2.6400s | prevPTS=2.6000s | HOLD | BLEND(0.833)
[ExportVideoFrameProvider] #90 target=2.9667s | lastPTS=2.9600s | pendingPTS=3.0000s | prevPTS=2.9200s | ADV | BLEND(0.167)
[ExportVideoFrameProvider] #100 target=3.3000s | lastPTS=3.2800s | pendingPTS=3.3200s | prevPTS=3.2400s | ADV | BLEND(0.500)
[ExportVideoFrameProvider] #110 target=3.6333s | lastPTS=3.6000s | pendingPTS=3.6400s | prevPTS=3.6000s | HOLD | BLEND(0.833)
[ExportVideoFrameProvider] #120 target=3.9667s | lastPTS=3.9600s | pendingPTS=4.0000s | prevPTS=3.9200s | ADV | BLEND(0.167)
[ExportVideoFrameProvider] #130 target=4.3000s | lastPTS=4.2800s | pendingPTS=4.3200s | prevPTS=4.2400s | ADV | BLEND(0.500)
[ExportVideoFrameProvider] #140 target=4.6333s | lastPTS=4.6000s | pendingPTS=4.6400s | prevPTS=4.6000s | HOLD | BLEND(0.833)
[ExportVideoFrameProvider] #150 target=4.9667s | lastPTS=4.9600s | pendingPTS=5.0000s | prevPTS=4.9200s | ADV | BLEND(0.167)
[ExportVideoFrameProvider] #160 target=5.3000s | lastPTS=5.2800s | pendingPTS=5.3200s | prevPTS=5.2400s | ADV | BLEND(0.500)
[ExportVideoFrameProvider] #170 target=5.6333s | lastPTS=5.6000s | pendingPTS=5.6400s | prevPTS=5.6000s | HOLD | BLEND(0.833)
[ExportVideoFrameProvider] #180 target=5.9667s | lastPTS=5.9600s | pendingPTS=6.0000s | prevPTS=5.9200s | ADV | BLEND(0.167)
[ExportVideoFrameProvider] #190 target=6.3000s | lastPTS=6.2800s | pendingPTS=6.3200s | prevPTS=6.2400s | ADV | BLEND(0.500)
[ExportVideoFrameProvider] #200 target=6.6333s | lastPTS=6.6000s | pendingPTS=6.6400s | prevPTS=6.6000s | HOLD | BLEND(0.833)
[ExportVideoFrameProvider] #210 target=6.9667s | lastPTS=6.9600s | pendingPTS=7.0000s | prevPTS=6.9200s | ADV | BLEND(0.167)
[ExportVideoFrameProvider] #220 target=7.3000s | lastPTS=7.2800s | pendingPTS=7.3200s | prevPTS=7.2400s | ADV | BLEND(0.500)
[ExportVideoFrameProvider] #230 target=7.6333s | lastPTS=7.6000s | pendingPTS=7.6400s | prevPTS=7.6000s | HOLD | BLEND(0.833)
[ExportVideoFrameProvider] #240 target=7.9667s | lastPTS=7.9600s | pendingPTS=8.0000s | prevPTS=7.9200s | ADV | BLEND(0.167)
[ExportVideoFrameProvider] #250 target=8.3000s | lastPTS=8.2800s | pendingPTS=8.3200s | prevPTS=8.2400s | ADV | BLEND(0.500)
[ExportVideoFrameProvider] #260 target=8.6333s | lastPTS=8.6000s | pendingPTS=8.6400s | prevPTS=8.6000s | HOLD | BLEND(0.833)
[PERF] FPS: 0.0 | CPU: 31.7% (1core), 5.3% (all) | MEM: 155MB res, 301MB foot | GPU: n/a | DRAW: avg 0.00ms, p95 0.00ms, max 0.00ms
[ExportVideoFrameProvider] #270 target=8.9667s | lastPTS=8.9600s | pendingPTS=9.0000s | prevPTS=8.9200s | ADV | BLEND(0.167)
[ExportVideoFrameProvider] #280 target=9.3000s | lastPTS=9.2800s | pendingPTS=9.3200s | prevPTS=9.2400s | ADV | BLEND(0.500)
[ExportVideoFrameProvider] #290 target=9.6333s | lastPTS=9.6000s | pendingPTS=9.6400s | prevPTS=9.6000s | HOLD | BLEND(0.833)
[ExportVideoFrameProvider] #300 target=9.9667s | lastPTS=9.9600s | pendingPTS=10.0000s | prevPTS=9.9200s | ADV | BLEND(0.167)
[MEM-DIAG] export.frame.300 | footprint: 301MB | resident: 155MB | available: 2771MB | metal: 321MB | ExportVideoFrameProvider: 1 | SceneInstanceRuntime: 0 | UserMediaService: 1 | VideoFrameProvider: 0
[ExportVideoFrameProvider] #310 target=10.3000s | lastPTS=10.2800s | pendingPTS=10.3200s | prevPTS=10.2400s | ADV | BLEND(0.500)
[ExportVideoFrameProvider] #320 target=10.6333s | lastPTS=10.6000s | pendingPTS=10.6400s | prevPTS=10.6000s | HOLD | BLEND(0.833)
[ExportVideoFrameProvider] #330 target=10.9667s | lastPTS=10.9600s | pendingPTS=11.0000s | prevPTS=10.9200s | ADV | BLEND(0.167)
[ExportVideoFrameProvider] #340 target=11.3000s | lastPTS=11.2800s | pendingPTS=11.3200s | prevPTS=11.2400s | ADV | BLEND(0.500)
[ExportVideoFrameProvider] #350 target=11.6333s | lastPTS=11.6000s | pendingPTS=11.6400s | prevPTS=11.6000s | HOLD | BLEND(0.833)
[ExportVideoFrameProvider] #360 target=11.9667s | lastPTS=11.9600s | pendingPTS=12.0000s | prevPTS=11.9200s | ADV | BLEND(0.167)
[ExportVideoFrameProvider] #370 target=12.3000s | lastPTS=12.2800s | pendingPTS=12.3200s | prevPTS=12.2400s | ADV | BLEND(0.500)
[ExportVideoFrameProvider] #380 target=12.6333s | lastPTS=12.6000s | pendingPTS=12.6400s | prevPTS=12.6000s | HOLD | BLEND(0.833)
[ExportVideoFrameProvider] #390 target=12.9667s | lastPTS=12.9600s | pendingPTS=13.0000s | prevPTS=12.9200s | ADV | BLEND(0.167)
[ExportVideoFrameProvider] #400 target=13.3000s | lastPTS=13.2800s | pendingPTS=13.3200s | prevPTS=13.2400s | ADV | BLEND(0.500)
[ExportVideoFrameProvider] #410 target=13.6333s | lastPTS=13.6000s | pendingPTS=13.6400s | prevPTS=13.6000s | HOLD | BLEND(0.833)
[ExportVideoFrameProvider] #420 target=13.9667s | lastPTS=13.9600s | pendingPTS=14.0000s | prevPTS=13.9200s | ADV | BLEND(0.167)
[ExportVideoFrameProvider] #430 target=14.3000s | lastPTS=14.2800s | pendingPTS=14.3200s | prevPTS=14.2400s | ADV | BLEND(0.500)
[ExportVideoFrameProvider] #440 target=14.6333s | lastPTS=14.6000s | pendingPTS=14.6400s | prevPTS=14.6000s | HOLD | BLEND(0.833)
[ExportVideoFrameProvider] #450 target=14.9667s | lastPTS=14.9600s | pendingPTS=15.0017s | prevPTS=14.9200s | ADV | BLEND(0.160)
[ExportVideoFrameProvider] #460 target=15.3000s | lastPTS=15.2817s | pendingPTS=15.3217s | prevPTS=15.2417s | ADV | BLEND(0.458)
[ExportVideoFrameProvider] #470 target=15.6333s | lastPTS=15.6017s | pendingPTS=15.6417s | prevPTS=15.5617s | ADV | BLEND(0.792)
[ExportVideoFrameProvider] #480 target=15.9667s | lastPTS=15.9617s | pendingPTS=16.0017s | prevPTS=15.9217s | ADV | BLEND(0.125)
[ExportVideoFrameProvider] #490 target=16.3000s | lastPTS=16.2817s | pendingPTS=16.3217s | prevPTS=16.2417s | ADV | BLEND(0.458)
[ExportVideoFrameProvider] #500 target=16.6333s | lastPTS=16.6017s | pendingPTS=16.6417s | prevPTS=16.5617s | ADV | BLEND(0.792)
[ExportVideoFrameProvider] #510 target=16.9650s | lastPTS=16.9617s | pendingPTS=17.0017s | prevPTS=16.9217s | ADV | BLEND(0.083)
[MEM-EVENT] export.audioPump.eof | samples=130
[MEM-EVENT] export.pipeline.pumpFinished | count=1/2
[MEM-EVENT] ExportVideoSlots.finish | slots=1
[MEM-EVENT] ExportVideoFrameProvider.finish | obj=7530911571073765499
[ExportVideoFrameProvider] SUMMARY: BBB22040-71D4-4001-8BBD-73623FEC4324_block_01_61C3432D-B3F5-44B5-8C2C-103EE3850D7D.mov | total=515 | advanced=429 (83.3%) | reused=86 (16.7%) | blended=435 | exact=80 | maxReusedStreak=1
[MEM-EVENT] ExportVideoFrameProvider.deinit | obj=7530911571073765499
[MEM-EVENT] ExportVideoFrameProvider.init | obj=7530911571073765499
[ExportVideoFrameProvider] READY: 998960A7-9292-4785-9323-231FDE8CE58B_block_01_35665E87-AD86-4831-80B6-76E8BE39236E.mp4 | trackFPS=30.00 | size=720x1280 | transform=[1.0,0.0,0.0,1.0,0.0,0.0] | window=[0.000–13.700]
[ExportVideoFrameProvider] #1 target=0.0000s | lastPTS=0.0000s | pendingPTS=0.0333s | prevPTS=nils | ADV | EXACT_PREV
[ExportVideoFrameProvider] #2 target=0.0333s | lastPTS=0.0333s | pendingPTS=0.0667s | prevPTS=0.0000s | ADV | EXACT_PREV
[ExportVideoFrameProvider] #3 target=0.0667s | lastPTS=0.0667s | pendingPTS=0.1000s | prevPTS=0.0333s | ADV | EXACT_PREV
[ExportVideoFrameProvider] #4 target=0.1000s | lastPTS=0.1000s | pendingPTS=0.1333s | prevPTS=0.0667s | ADV | EXACT_PREV
[ExportVideoFrameProvider] #5 target=0.1333s | lastPTS=0.1333s | pendingPTS=0.1667s | prevPTS=0.1000s | ADV | EXACT_PREV
[ExportVideoFrameProvider] #6 target=0.1667s | lastPTS=0.1667s | pendingPTS=0.2000s | prevPTS=0.1333s | ADV | EXACT_PREV
[ExportVideoFrameProvider] #7 target=0.2000s | lastPTS=0.2000s | pendingPTS=0.2333s | prevPTS=0.1667s | ADV | EXACT_PREV
[ExportVideoFrameProvider] #8 target=0.2333s | lastPTS=0.2333s | pendingPTS=0.2667s | prevPTS=0.2000s | ADV | EXACT_PREV
[ExportVideoFrameProvider] #9 target=0.2667s | lastPTS=0.2667s | pendingPTS=0.3000s | prevPTS=0.2333s | ADV | EXACT_PREV
[ExportVideoFrameProvider] #10 target=0.3000s | lastPTS=0.3000s | pendingPTS=0.3333s | prevPTS=0.2667s | ADV | EXACT_PREV
[ExportVideoFrameProvider] #11 target=0.3333s | lastPTS=0.3333s | pendingPTS=0.3667s | prevPTS=0.3000s | ADV | EXACT_PREV
[ExportVideoFrameProvider] #12 target=0.3650s | lastPTS=0.3333s | pendingPTS=0.3667s | prevPTS=0.3333s | HOLD | EXACT_NEXT
[ExportVideoFrameProvider] #13 target=0.4000s | lastPTS=0.4000s | pendingPTS=0.4333s | prevPTS=0.3333s | ADV | EXACT_PREV
[ExportVideoFrameProvider] #14 target=0.4333s | lastPTS=0.4333s | pendingPTS=0.4667s | prevPTS=0.4000s | ADV | EXACT_PREV
[ExportVideoFrameProvider] #15 target=0.4667s | lastPTS=0.4667s | pendingPTS=0.5000s | prevPTS=0.4333s | ADV | EXACT_PREV
[ExportVideoFrameProvider] #16 target=0.5000s | lastPTS=0.5000s | pendingPTS=0.5333s | prevPTS=0.4667s | ADV | EXACT_PREV
[ExportVideoFrameProvider] #17 target=0.5333s | lastPTS=0.5333s | pendingPTS=0.5667s | prevPTS=0.5000s | ADV | EXACT_PREV
[ExportVideoFrameProvider] #18 target=0.5667s | lastPTS=0.5667s | pendingPTS=0.6000s | prevPTS=0.5333s | ADV | EXACT_PREV
[ExportVideoFrameProvider] #19 target=0.6000s | lastPTS=0.6000s | pendingPTS=0.6333s | prevPTS=0.5667s | ADV | EXACT_PREV
[ExportVideoFrameProvider] #20 target=0.6333s | lastPTS=0.6333s | pendingPTS=0.6667s | prevPTS=0.6000s | ADV | EXACT_PREV
[ExportVideoFrameProvider] #21 target=0.6667s | lastPTS=0.6667s | pendingPTS=0.7000s | prevPTS=0.6333s | ADV | EXACT_PREV
[ExportVideoFrameProvider] #22 target=0.7000s | lastPTS=0.7000s | pendingPTS=0.7333s | prevPTS=0.6667s | ADV | EXACT_PREV
[ExportVideoFrameProvider] #23 target=0.7317s | lastPTS=0.7000s | pendingPTS=0.7333s | prevPTS=0.7000s | HOLD | EXACT_NEXT
[ExportVideoFrameProvider] #24 target=0.7667s | lastPTS=0.7667s | pendingPTS=0.8000s | prevPTS=0.7000s | ADV | EXACT_PREV
[ExportVideoFrameProvider] #25 target=0.8000s | lastPTS=0.8000s | pendingPTS=0.8333s | prevPTS=0.7667s | ADV | EXACT_PREV
[ExportVideoFrameProvider] #26 target=0.8333s | lastPTS=0.8333s | pendingPTS=0.8667s | prevPTS=0.8000s | ADV | EXACT_PREV
[ExportVideoFrameProvider] #27 target=0.8667s | lastPTS=0.8667s | pendingPTS=0.9000s | prevPTS=0.8333s | ADV | EXACT_PREV
[ExportVideoFrameProvider] #28 target=0.9000s | lastPTS=0.9000s | pendingPTS=0.9333s | prevPTS=0.8667s | ADV | EXACT_PREV
[ExportVideoFrameProvider] #29 target=0.9333s | lastPTS=0.9333s | pendingPTS=0.9667s | prevPTS=0.9000s | ADV | EXACT_PREV
[ExportVideoFrameProvider] #30 target=0.9667s | lastPTS=0.9667s | pendingPTS=1.0000s | prevPTS=0.9333s | ADV | EXACT_PREV
[ExportVideoFrameProvider] #31 target=1.0000s | lastPTS=1.0000s | pendingPTS=1.0333s | prevPTS=0.9667s | ADV | EXACT_PREV
[ExportVideoFrameProvider] #32 target=1.0333s | lastPTS=1.0333s | pendingPTS=1.0667s | prevPTS=1.0000s | ADV | EXACT_PREV
[ExportVideoFrameProvider] #33 target=1.0667s | lastPTS=1.0667s | pendingPTS=1.1000s | prevPTS=1.0333s | ADV | EXACT_PREV
[ExportVideoFrameProvider] #34 target=1.1000s | lastPTS=1.1000s | pendingPTS=1.1333s | prevPTS=1.0667s | ADV | EXACT_PREV
[ExportVideoFrameProvider] #35 target=1.1333s | lastPTS=1.1333s | pendingPTS=1.1667s | prevPTS=1.1000s | ADV | EXACT_PREV
[ExportVideoFrameProvider] #36 target=1.1667s | lastPTS=1.1667s | pendingPTS=1.2000s | prevPTS=1.1333s | ADV | EXACT_PREV
[ExportVideoFrameProvider] #37 target=1.2000s | lastPTS=1.2000s | pendingPTS=1.2333s | prevPTS=1.1667s | ADV | EXACT_PREV
[ExportVideoFrameProvider] #38 target=1.2333s | lastPTS=1.2333s | pendingPTS=1.2667s | prevPTS=1.2000s | ADV | EXACT_PREV
[ExportVideoFrameProvider] #39 target=1.2667s | lastPTS=1.2667s | pendingPTS=1.3000s | prevPTS=1.2333s | ADV | EXACT_PREV
[ExportVideoFrameProvider] #40 target=1.3000s | lastPTS=1.3000s | pendingPTS=1.3333s | prevPTS=1.2667s | ADV | EXACT_PREV
[ExportVideoFrameProvider] #41 target=1.3333s | lastPTS=1.3333s | pendingPTS=1.3667s | prevPTS=1.3000s | ADV | EXACT_PREV
[ExportVideoFrameProvider] #42 target=1.3667s | lastPTS=1.3667s | pendingPTS=1.4000s | prevPTS=1.3333s | ADV | EXACT_PREV
[ExportVideoFrameProvider] #43 target=1.4000s | lastPTS=1.4000s | pendingPTS=1.4333s | prevPTS=1.3667s | ADV | EXACT_PREV
[ExportVideoFrameProvider] #44 target=1.4333s | lastPTS=1.4333s | pendingPTS=1.4667s | prevPTS=1.4000s | ADV | EXACT_PREV
[ExportVideoFrameProvider] #45 target=1.4650s | lastPTS=1.4333s | pendingPTS=1.4667s | prevPTS=1.4333s | HOLD | EXACT_NEXT
[ExportVideoFrameProvider] #46 target=1.5000s | lastPTS=1.5000s | pendingPTS=1.5333s | prevPTS=1.4333s | ADV | EXACT_PREV
[ExportVideoFrameProvider] #47 target=1.5333s | lastPTS=1.5333s | pendingPTS=1.5667s | prevPTS=1.5000s | ADV | EXACT_PREV
[ExportVideoFrameProvider] #48 target=1.5667s | lastPTS=1.5667s | pendingPTS=1.6000s | prevPTS=1.5333s | ADV | EXACT_PREV
[ExportVideoFrameProvider] #49 target=1.6000s | lastPTS=1.6000s | pendingPTS=1.6333s | prevPTS=1.5667s | ADV | EXACT_PREV
[ExportVideoFrameProvider] #50 target=1.6333s | lastPTS=1.6333s | pendingPTS=1.6667s | prevPTS=1.6000s | ADV | EXACT_PREV
[ExportVideoFrameProvider] #51 target=1.6667s | lastPTS=1.6667s | pendingPTS=1.7000s | prevPTS=1.6333s | ADV | EXACT_PREV
[ExportVideoFrameProvider] #52 target=1.7000s | lastPTS=1.7000s | pendingPTS=1.7333s | prevPTS=1.6667s | ADV | EXACT_PREV
[ExportVideoFrameProvider] #53 target=1.7333s | lastPTS=1.7333s | pendingPTS=1.7667s | prevPTS=1.7000s | ADV | EXACT_PREV
[ExportVideoFrameProvider] #54 target=1.7667s | lastPTS=1.7667s | pendingPTS=1.8000s | prevPTS=1.7333s | ADV | EXACT_PREV
[ExportVideoFrameProvider] #55 target=1.8000s | lastPTS=1.8000s | pendingPTS=1.8333s | prevPTS=1.7667s | ADV | EXACT_PREV
[ExportVideoFrameProvider] #56 target=1.8333s | lastPTS=1.8333s | pendingPTS=1.8667s | prevPTS=1.8000s | ADV | EXACT_PREV
[ExportVideoFrameProvider] #57 target=1.8667s | lastPTS=1.8667s | pendingPTS=1.9000s | prevPTS=1.8333s | ADV | EXACT_PREV
[ExportVideoFrameProvider] #58 target=1.9000s | lastPTS=1.9000s | pendingPTS=1.9333s | prevPTS=1.8667s | ADV | EXACT_PREV
[ExportVideoFrameProvider] #59 target=1.9333s | lastPTS=1.9333s | pendingPTS=1.9667s | prevPTS=1.9000s | ADV | EXACT_PREV
[ExportVideoFrameProvider] #60 target=1.9667s | lastPTS=1.9667s | pendingPTS=2.0000s | prevPTS=1.9333s | ADV | EXACT_PREV
[ExportVideoFrameProvider] #70 target=2.3000s | lastPTS=2.3000s | pendingPTS=2.3333s | prevPTS=2.2667s | ADV | EXACT_PREV
[ExportVideoFrameProvider] #80 target=2.6333s | lastPTS=2.6333s | pendingPTS=2.6667s | prevPTS=2.6000s | ADV | EXACT_PREV
[MEM-DIAG] export.frame.600 | footprint: 312MB | resident: 155MB | available: 2760MB | metal: 333MB | ExportVideoFrameProvider: 1 | SceneInstanceRuntime: 0 | UserMediaService: 1 | VideoFrameProvider: 0
[ExportVideoFrameProvider] #90 target=2.9667s | lastPTS=2.9667s | pendingPTS=3.0000s | prevPTS=2.9000s | ADV | EXACT_PREV
[ExportVideoFrameProvider] #100 target=3.3000s | lastPTS=3.3000s | pendingPTS=3.3333s | prevPTS=3.2667s | ADV | EXACT_PREV
[PERF] FPS: 0.0 | CPU: 38.2% (1core), 6.4% (all) | MEM: 155MB res, 312MB foot | GPU: n/a | DRAW: avg 0.00ms, p95 0.00ms, max 0.00ms
[ExportVideoFrameProvider] #110 target=3.6333s | lastPTS=3.6333s | pendingPTS=3.6667s | prevPTS=3.6000s | ADV | EXACT_PREV
[ExportVideoFrameProvider] #120 target=3.9667s | lastPTS=3.9667s | pendingPTS=4.0000s | prevPTS=3.9333s | ADV | EXACT_PREV
[ExportVideoFrameProvider] #130 target=4.3000s | lastPTS=4.3000s | pendingPTS=4.3333s | prevPTS=4.2667s | ADV | EXACT_PREV
[ExportVideoFrameProvider] #140 target=4.6333s | lastPTS=4.6333s | pendingPTS=4.6667s | prevPTS=4.6000s | ADV | EXACT_PREV
[ExportVideoFrameProvider] #150 target=4.9667s | lastPTS=4.9667s | pendingPTS=5.0000s | prevPTS=4.9333s | ADV | EXACT_PREV
[MEM-EVENT] export.render.summary | mode=timeline frames=665/665 duration=4.23s fps=157.26 renderOutcome=success
[MEM-DIAG] export.render.after | footprint: 304MB | resident: 155MB | available: 2768MB | metal: 325MB | ExportVideoFrameProvider: 1 | SceneInstanceRuntime: 0 | UserMediaService: 1 | VideoFrameProvider: 0
[MEM-EVENT] export.pipeline.pumpFinished | count=2/2
[MEM-EVENT] export.pipeline.finish.begin | firstError=none
[MEM-EVENT] export.pipeline.finish.end | ok=1 writerStatus=2 error=none
[MEM-EVENT] export.finishWriting.summary | duration=0.10s outcome=success
[MEM-EVENT] ExportVideoSlots.finish | slots=1
[MEM-EVENT] ExportVideoFrameProvider.finish | obj=7530911571073765499
[ExportVideoFrameProvider] SUMMARY: 998960A7-9292-4785-9323-231FDE8CE58B_block_01_35665E87-AD86-4831-80B6-76E8BE39236E.mp4 | total=150 | advanced=150 (100.0%) | reused=7 (4.7%) | blended=0 | exact=150 | maxReusedStreak=1
[MEM-EVENT] ExportVideoFrameProvider.deinit | obj=7530911571073765499
[MEM-DIAG] export.complete.success | footprint: 304MB | resident: 155MB | available: 2768MB | metal: 293MB | ExportVideoFrameProvider: 0 | SceneInstanceRuntime: 0 | UserMediaService: 1 | VideoFrameProvider: 0
[MEM-EVENT] Runtime.create.start | id=998960A7-9292-4785-9323-231FDE8CE58B sceneType=full_image
[MEM-EVENT] UserMediaService.init | obj=-3045585280686703071
[MEM-EVENT] SceneInstanceRuntime.init | obj=-6092147059201236527 id=998960A7-9292-4785-9323-231FDE8CE58B type=full_image
[MEM-EVENT] UMS.cleanupVideo | obj=-3045585280686703071 blockId=block_01
[MEM-EVENT] CVTextureCache.create | owner=UserMediaTextureFactory
[MEM-EVENT] ExportWriterPipeline.deinit | obj=-5946416397384504075
[MEM-EVENT] VideoFrameProvider.init | obj=2877407854075744699
[MediaRestoreCoordinator] Restored video for block_01: presentOnReady=true, success
[MEM-EVENT] SceneInstanceRuntime.applyState | obj=-6092147059201236527 id=998960A7-9292-4785-9323-231FDE8CE58B restored=1
[MEM-EVENT] Runtime.create.complete | id=998960A7-9292-4785-9323-231FDE8CE58B outcome=success total=1
[MEM-EVENT] SceneInstanceRuntime.prepare | obj=-6092147059201236527 id=998960A7-9292-4785-9323-231FDE8CE58B frame=149
[VideoFrameProvider] READY: 998960A7-9292-4785-9323-231FDE8CE58B_block_01_35665E87-AD86-4831-80B6-76E8BE39236E.mp4 | dur=13.70s | sceneFPS=30.0 | trackFPS=30.00 | size=720x1280 | transform=[1.0,0.0,0.0,1.0,0.0,0.0]
[SceneInstanceRuntime] Ready for presentation at frame 149: 998960A7-9292-4785-9323-231FDE8CE58B
[MEM-EVENT] Runtime.create.start | id=BBB22040-71D4-4001-8BBD-73623FEC4324 sceneType=full_image
[MEM-EVENT] UserMediaService.init | obj=-754352945163128490
[MEM-EVENT] SceneInstanceRuntime.init | obj=4124515990010203966 id=BBB22040-71D4-4001-8BBD-73623FEC4324 type=full_image
[MEM-EVENT] UMS.cleanupVideo | obj=-754352945163128490 blockId=block_01
[MEM-EVENT] CVTextureCache.create | owner=UserMediaTextureFactory
[MEM-EVENT] VideoFrameProvider.init | obj=5569766796394517605
[MediaRestoreCoordinator] Restored video for block_01: presentOnReady=true, success
[MEM-EVENT] SceneInstanceRuntime.applyState | obj=4124515990010203966 id=BBB22040-71D4-4001-8BBD-73623FEC4324 restored=1
[MEM-EVENT] Runtime.create.complete | id=BBB22040-71D4-4001-8BBD-73623FEC4324 outcome=success total=2
[MEM-EVENT] SceneInstanceRuntime.prepare | obj=4124515990010203966 id=BBB22040-71D4-4001-8BBD-73623FEC4324 frame=514
[VideoFrameProvider] READY: BBB22040-71D4-4001-8BBD-73623FEC4324_block_01_61C3432D-B3F5-44B5-8C2C-103EE3850D7D.mov | dur=46.64s | sceneFPS=30.0 | trackFPS=25.00 | size=1920x1080 | transform=[0.0,1.0,-1.0,0.0,1080.0,0.0]
[SceneInstanceRuntime] Ready for presentation at frame 149: BBB22040-71D4-4001-8BBD-73623FEC4324
[MEM-EVENT] preview.audio.select | toggle=ON controller=Canonical
[MEM-EVENT] preview.audio.prepare | canonicalIdlePrepareSkipped=1
[MEM-EVENT] export.previewRestored
[MEM-DIAG] preview.restore.after | footprint: 137MB | resident: 150MB | available: 2935MB | metal: 72MB | ExportVideoFrameProvider: 0 | SceneInstanceRuntime: 2 | UserMediaService: 3 | VideoFrameProvider: 2
[MEM-EVENT] export.previewRestore.summary | duration=0.44s outcome=success
[MEM-EVENT] export.delivery.summary | destination=photoLibrary policy=photoLibraryOnly duration=0.23s outcome=success
[MEM-EVENT] export.total.summary | duration=5.12s outcome=savedToPhotos
[PERF] FPS: 4.0 | CPU: 5.4% (1core), 0.9% (all) | MEM: 144MB res, 118MB foot | GPU: n/a | DRAW: avg 0.00ms, p95 0.00ms, max 0.00ms
[MEM-EVENT] audio.session.interruption | type=1
[PERF] FPS: 0.0 | CPU: 11.5% (1core), 1.9% (all) | MEM: 136MB res, 113MB foot | GPU: n/a | DRAW: avg 0.00ms, p95 0.00ms, max 0.00ms
