21:49:58  Acquired tunnel connection to device.
21:49:58  Enabling developer disk image services.
21:49:58  Acquired usage assertion.
Launched application with com.animi.app bundle identifier.
Waiting for the application to terminate…
[MEM-EVENT] audio.session.configureOnLaunch | ok=1
[BackgroundPresets] Found index at: /private/var/containers/Bundle/Application/682E1BEF-1869-4F56-84F6-B9CB36ABDE5D/AnimiApp.app/BackgroundPresets/presets_index.json
[BackgroundPresets] Loaded preset: solid_fullscreen (1 regions)
[BackgroundPresets] Loaded preset: horizontal_split (2 regions)
[BackgroundPresets] Loaded preset: wave_split (2 regions)
[BackgroundPresets] Loaded preset: diagonal_split (2 regions)
[BackgroundPresets] Loaded 4 presets
[AppCompositionRoot] Loaded 4 background presets
[StickerLibrary] Loaded 6 stickers
[AppCompositionRoot] Loaded 6 stickers
[SceneLibrary] Found manifest at: /private/var/containers/Bundle/Application/682E1BEF-1869-4F56-84F6-B9CB36ABDE5D/AnimiApp.app/Scenes/library.json
[MEM-EVENT] compiledPackage.load.summary | file=compiled.tve bytes=45055 read=0.000s validate=0.000s decode=0.008s total=0.009s assets=11
[SceneLibrary] Resolved scene 'example_4blocks' -> /private/var/containers/Bundle/Application/682E1BEF-1869-4F56-84F6-B9CB36ABDE5D/AnimiApp.app/Scenes/example_4blocks
[MEM-EVENT] compiledPackage.load.summary | file=compiled.tve bytes=14848 read=0.000s validate=0.000s decode=0.002s total=0.002s assets=6
[SceneLibrary] Resolved scene 'polaroid_shared_demo' -> /private/var/containers/Bundle/Application/682E1BEF-1869-4F56-84F6-B9CB36ABDE5D/AnimiApp.app/Scenes/polaroid_shared_demo
[MEM-EVENT] compiledPackage.load.summary | file=compiled.tve bytes=20562 read=0.001s validate=0.000s decode=0.002s total=0.003s assets=8
[SceneLibrary] Resolved scene 'polaroid_2' -> /private/var/containers/Bundle/Application/682E1BEF-1869-4F56-84F6-B9CB36ABDE5D/AnimiApp.app/Scenes/polaroid_2
[MEM-EVENT] compiledPackage.load.summary | file=compiled.tve bytes=10044 read=0.000s validate=0.000s decode=0.001s total=0.002s assets=4
[SceneLibrary] Resolved scene 'full_image' -> /private/var/containers/Bundle/Application/682E1BEF-1869-4F56-84F6-B9CB36ABDE5D/AnimiApp.app/Scenes/full_image
[MEM-EVENT] compiledPackage.load.summary | file=compiled.tve bytes=10044 read=0.000s validate=0.000s decode=0.002s total=0.002s assets=4
[SceneLibrary] Resolved scene 'blank_starter' -> /private/var/containers/Bundle/Application/682E1BEF-1869-4F56-84F6-B9CB36ABDE5D/AnimiApp.app/Scenes/blank_starter
[Catalog] Found manifest at: /private/var/containers/Bundle/Application/682E1BEF-1869-4F56-84F6-B9CB36ABDE5D/AnimiApp.app/Templates/Catalog/manifest.json
[MEM-DIAG] editor.boot.before | footprint: 14MB | resident: 59MB | available: 3057MB | metal: n/aMB | 
[MEM-EVENT] bootstrap.prepare.start | requestId=0C37B942-E7FA-4187-AE67-1BB955175B60 sceneTypeId=full_image obj=9066658323597361270
[MEM-EVENT] compiledPackage.load.summary | file=compiled.tve bytes=10044 read=0.000s validate=0.000s decode=0.001s total=0.001s assets=4
[MEM-EVENT] sceneTypeLoad.summary | id=full_image package=0.001s localIndex=0.000s sharedIndex=0.000s resolver=0.000s total=0.001s
[MEM-EVENT] initialScene.load.summary | id=full_image pipeline=0.002s player=0.000s provider=0.000s preload=0.043s total=0.045s
[MEM-EVENT] bootstrap.load.summary | sceneTypeId=full_image duration=0.04s
[MEM-EVENT] bootstrap.prepare.loaded | requestId=0C37B942-E7FA-4187-AE67-1BB955175B60
[MEM-EVENT] bootstrap.prepare.apply | requestId=0C37B942-E7FA-4187-AE67-1BB955175B60 obj=9066658323597361270
[PerfCounter] applySnapshot(scene): 1
[PerfCounter] applySnapshot(scene): 2
[MEM-EVENT] UserMediaService.init | obj=7364747650472070194
[MEM-EVENT] preview.audio.select | toggle=ON controller=Legacy
[MEM-EVENT] preview.audio.engine.teardown
[MEM-EVENT] preview.audio.canonical.selected | toggle=ON controller=CanonicalPreviewAudioController
[MEM-EVENT] preview.audio.prepare | canonicalIdlePrepareSkipped=1
[MEM-EVENT] bootstrap.boot.summary | duration=0.00s
[MEM-DIAG] editor.boot.after | footprint: 49MB | resident: 92MB | available: 3023MB | metal: 11MB | UserMediaService: 1
[MEM-EVENT] bootstrap.apply.summary | duration=0.00s
[MEM-EVENT] bootstrap.prepare.summary | sceneTypeId=full_image duration=0.05s outcome=success
[MEM-EVENT] Runtime.create.start | id=B045FD1B-456B-4067-AC5C-99FEA19F7DC6 sceneType=full_image
[MEM-EVENT] SceneTypeCache.preload.start | id=full_image cached=0
[MEM-EVENT] compiledPackage.load.summary | file=compiled.tve bytes=10044 read=0.000s validate=0.000s decode=0.001s total=0.001s assets=4
[MEM-EVENT] sceneTypeLoad.summary | id=full_image package=0.001s localIndex=0.000s sharedIndex=0.000s resolver=0.000s total=0.001s
[MEM-EVENT] SceneTypeCache.preload.summary | id=full_image source=cold io=0.00s provider=0.00s textures=0.04s total=0.04s
[MEM-EVENT] SceneTypeCache.preload.stored | id=full_image total=1 ids=full_image
[MEM-EVENT] UserMediaService.init | obj=724865982497103146
[MEM-EVENT] SceneInstanceRuntime.init | obj=4224265131813673360 id=B045FD1B-456B-4067-AC5C-99FEA19F7DC6 type=full_image
[MEM-EVENT] UMS.cleanupVideo | obj=724865982497103146 blockId=block_01
[MEM-EVENT] CVTextureCache.create | owner=UserMediaTextureFactory
[MEM-EVENT] VideoFrameProvider.init | obj=-135066222431255421
[MediaRestoreCoordinator] Restored video for block_01: presentOnReady=true, success
[MEM-EVENT] SceneInstanceRuntime.applyState | obj=4224265131813673360 id=B045FD1B-456B-4067-AC5C-99FEA19F7DC6 restored=1
[MEM-EVENT] Runtime.create.complete | id=B045FD1B-456B-4067-AC5C-99FEA19F7DC6 outcome=success total=1
[MEM-EVENT] SceneInstanceRuntime.prepare | obj=4224265131813673360 id=B045FD1B-456B-4067-AC5C-99FEA19F7DC6 frame=0
[VideoFrameProvider] READY: B045FD1B-456B-4067-AC5C-99FEA19F7DC6_block_01_ED8722B9-AAC9-42C0-865D-44439C9E634D.mp4 | dur=13.70s | sceneFPS=30.0 | trackFPS=30.00 | size=720x1280 | transform=[1.0,0.0,0.0,1.0,0.0,0.0]
[SceneInstanceRuntime] Ready for presentation at frame 0: B045FD1B-456B-4067-AC5C-99FEA19F7DC6
[DEBUG] compositeMaskedQuad params:
  quadIndexCount: 6
  quadIndexBuffer.length: 12
  bbox: x=296, y=0, w=578, h=1017
  content texture: 578x1017
  mask texture: 578x1017
[MEM-EVENT] audio.session.configure | ok=1
[MEM-EVENT] audio.session.activate.begin
[MEM-EVENT] audio.session.activate.end | ok=1
[MEM-EVENT] playback.audio.start.begin | compressedFrame=0 projectTimeUs=0 state=timelinePreview isPlayingBefore=0
[MEM-EVENT] displayLink.create | obj=1239375939281523012
[MEM-DIAG] playback.start | footprint: 85MB | resident: 98MB | available: 2986MB | metal: 45MB | SceneInstanceRuntime: 1 | UserMediaService: 2 | VideoFrameProvider: 1
[MEM-EVENT] playback.audio.previewStart.call | projectTimeUs=0 hostTime=205992.02691437505
[MEM-EVENT] preview.audio.select | toggle=ON controller=Canonical
[MEM-EVENT] preview.audio.start | dirty=1 hasPipeline=0 readiness=idle
[MEM-EVENT] preview.audio.canonical.legacyGateBypassed | seconds=0.0 hostTime=205992.02691437505
[MEM-EVENT] preview.audio.canonical.startPlayback.call | seconds=0.0
[MEM-EVENT] preview.audio.stage8.startPlayback.call | sinceStartMs=0.00 fromSeconds=0.0
[MEM-EVENT] preview.audio.stage8.plan.eval | sinceStartMs=2.72 elapsedMs=2.38 segments=1
[MEM-EVENT] preview.audio.canonical.plan | segments=1 fromSeconds=0.0
[MEM-EVENT] preview.audio.stage8.setup.end | sinceStartMs=9.07 graph+session+output+anchor done
[MEM-EVENT] preview.audio.canonical.preroll.build.begin | planSegments=1 range=0..<9600 gen=2
[MEM-EVENT] preview.audio.stage8.preroll.begin | sinceStartMs=9.12 range=0..<9600 sampleCount=9600 initialPrerollSamples=9600 maxChunkSamples=48000
[MEM-EVENT] preview.audio.canonical.render.begin | segments=1 range=0..<9600
[MEM-EVENT] preview.audio.stage8.cache.miss | range=0..<9600 revision=ProjectRevision(raw: 1) epoch=PlaybackEpoch(raw: 1) planIdLen=622
[VideoFrameProvider] playback: 1 OK, 0 nil (0.0%) | itemTime=0.011s | lastExtracted=0.043s | active=true
[MEM-EVENT] preview.audio.canonical.firstFrameSignal | delivered=1
[MEM-EVENT] preview.audio.stage8.firstFrameSignal | sinceStartMs=18.81 barrierReason=firstFrameArrivedPrerollNotReady
[MEM-EVENT] preview.audio.stage8.render.decode | source=app.audio.source.videoLayer:scene-0-B045FD1B-456B-4067-AC5C-99FEA19F7DC6:block_01 sourceStart=0/1 frameCount=9600 intersectionFrames=9600 elapsedMs=86.01
[MEM-EVENT] preview.audio.stage8.render.total | range=0..<9600 segments=1 sources=1 elapsedMs=87.46
[MEM-EVENT] preview.audio.stage8.cache.store | range=0..<9600 revision=ProjectRevision(raw: 1) epoch=PlaybackEpoch(raw: 1) planIdLen=622
[MEM-EVENT] preview.audio.canonical.render.end | sources=1
[MEM-EVENT] preview.audio.canonical.preroll.build.end | sourceCount=1 bufferCount=1
[MEM-EVENT] preview.audio.stage8.preroll.end | sinceStartMs=99.29 renderElapsedMs=90.17 sourceCount=1
[MEM-EVENT] preview.audio.stage8.barrier.cross | sinceStartMs=99.30
[MEM-EVENT] preview.audio.canonical.graph.schedule.begin | sources=1
[MEM-EVENT] preview.audio.canonical.graph.schedule.end | scheduled=1
[MEM-EVENT] preview.audio.stage8.graph.schedule.end | sinceStartMs=218.55 scheduleMs=119.24
[MEM-EVENT] preview.audio.canonical.engine.start.begin
[MEM-EVENT] preview.audio.canonical.player.play.begin
[MEM-EVENT] preview.audio.canonical.player.play.end
[MEM-EVENT] preview.audio.canonical.engine.start.end
[MEM-EVENT] preview.audio.stage8.player.play.end | sinceStartMs=218.62 playStartMs=0.05
[MEM-EVENT] preview.audio.canonical.scheduled | scheduled=1 sources=1 started=1
[MEM-EVENT] preview.audio.stage8.scheduled.total | sinceStartMs=218.63 totalStartToScheduledMs=218.63
[MEM-EVENT] preview.audio.canonical.nextChunk.requested | range=9600..<57600 gen=2 inFlight=1
[MEM-EVENT] preview.audio.canonical.nextChunk.render.begin | range=9600..<57600 gen=2
[MEM-EVENT] preview.audio.canonical.render.begin | segments=1 range=9600..<57600
[MEM-EVENT] preview.audio.stage8.cache.miss | range=9600..<57600 revision=ProjectRevision(raw: 1) epoch=PlaybackEpoch(raw: 1) planIdLen=622
[MEM-EVENT] preview.audio.stage8.render.decode | source=app.audio.source.videoLayer:scene-0-B045FD1B-456B-4067-AC5C-99FEA19F7DC6:block_01 sourceStart=1/5 frameCount=48000 intersectionFrames=48000 elapsedMs=0.89
[MEM-EVENT] preview.audio.stage8.render.total | range=9600..<57600 segments=1 sources=1 elapsedMs=11.78
[MEM-EVENT] preview.audio.stage8.cache.store | range=9600..<57600 revision=ProjectRevision(raw: 1) epoch=PlaybackEpoch(raw: 1) planIdLen=622
[MEM-EVENT] preview.audio.canonical.render.end | sources=1
[MEM-EVENT] preview.audio.canonical.nextChunk.render.end | range=9600..<57600 sourceCount=1
[MEM-EVENT] preview.audio.canonical.nextChunk.schedule.begin | range=9600..<57600 sources=1
[MEM-EVENT] preview.audio.canonical.nextChunk.schedule.end | range=9600..<57600 scheduled=1
[MEM-EVENT] preview.audio.canonical.nextChunk.requested | range=57600..<105600 gen=2 inFlight=1
[MEM-EVENT] preview.audio.canonical.nextChunk.render.begin | range=57600..<105600 gen=2
[MEM-EVENT] preview.audio.canonical.render.begin | segments=1 range=57600..<105600
[MEM-EVENT] preview.audio.stage8.cache.miss | range=57600..<105600 revision=ProjectRevision(raw: 1) epoch=PlaybackEpoch(raw: 1) planIdLen=622
[MEM-EVENT] preview.audio.stage8.render.decode | source=app.audio.source.videoLayer:scene-0-B045FD1B-456B-4067-AC5C-99FEA19F7DC6:block_01 sourceStart=6/5 frameCount=48000 intersectionFrames=48000 elapsedMs=0.48
[MEM-EVENT] preview.audio.stage8.render.total | range=57600..<105600 segments=1 sources=1 elapsedMs=7.50
[MEM-EVENT] preview.audio.stage8.cache.store | range=57600..<105600 revision=ProjectRevision(raw: 1) epoch=PlaybackEpoch(raw: 1) planIdLen=622
[MEM-EVENT] preview.audio.canonical.render.end | sources=1
[MEM-EVENT] preview.audio.canonical.nextChunk.render.end | range=57600..<105600 sourceCount=1
[MEM-EVENT] preview.audio.canonical.nextChunk.schedule.begin | range=57600..<105600 sources=1
[MEM-EVENT] preview.audio.canonical.nextChunk.schedule.end | range=57600..<105600 scheduled=1
[MEM-EVENT] preview.audio.canonical.nextChunk.requested | range=105600..<153600 gen=2 inFlight=1
[MEM-EVENT] preview.audio.canonical.nextChunk.render.begin | range=105600..<153600 gen=2
[MEM-EVENT] preview.audio.canonical.render.begin | segments=1 range=105600..<153600
[MEM-EVENT] preview.audio.stage8.cache.miss | range=105600..<153600 revision=ProjectRevision(raw: 1) epoch=PlaybackEpoch(raw: 1) planIdLen=622
[MEM-EVENT] preview.audio.stage8.render.decode | source=app.audio.source.videoLayer:scene-0-B045FD1B-456B-4067-AC5C-99FEA19F7DC6:block_01 sourceStart=11/5 frameCount=48000 intersectionFrames=48000 elapsedMs=0.43
[MEM-EVENT] preview.audio.stage8.render.total | range=105600..<153600 segments=1 sources=1 elapsedMs=7.30
[MEM-EVENT] preview.audio.stage8.cache.store | range=105600..<153600 revision=ProjectRevision(raw: 1) epoch=PlaybackEpoch(raw: 1) planIdLen=622
[MEM-EVENT] preview.audio.canonical.render.end | sources=1
[MEM-EVENT] preview.audio.canonical.nextChunk.render.end | range=105600..<153600 sourceCount=1
[MEM-EVENT] preview.audio.canonical.nextChunk.schedule.begin | range=105600..<153600 sources=1
[MEM-EVENT] preview.audio.canonical.nextChunk.schedule.end | range=105600..<153600 scheduled=1
[MEM-EVENT] preview.audio.canonical.nextChunk.requested | range=153600..<201600 gen=2 inFlight=1
[MEM-EVENT] preview.audio.canonical.nextChunk.render.begin | range=153600..<201600 gen=2
[MEM-EVENT] preview.audio.canonical.render.begin | segments=1 range=153600..<201600
[MEM-EVENT] preview.audio.stage8.cache.miss | range=153600..<201600 revision=ProjectRevision(raw: 1) epoch=PlaybackEpoch(raw: 1) planIdLen=622
[MEM-EVENT] preview.audio.stage8.render.decode | source=app.audio.source.videoLayer:scene-0-B045FD1B-456B-4067-AC5C-99FEA19F7DC6:block_01 sourceStart=16/5 frameCount=48000 intersectionFrames=48000 elapsedMs=0.53
[MEM-EVENT] preview.audio.stage8.render.total | range=153600..<201600 segments=1 sources=1 elapsedMs=7.42
[MEM-EVENT] preview.audio.stage8.cache.store | range=153600..<201600 revision=ProjectRevision(raw: 1) epoch=PlaybackEpoch(raw: 1) planIdLen=622
[MEM-EVENT] preview.audio.canonical.render.end | sources=1
[MEM-EVENT] preview.audio.canonical.nextChunk.render.end | range=153600..<201600 sourceCount=1
[MEM-EVENT] preview.audio.canonical.nextChunk.schedule.begin | range=153600..<201600 sources=1
[MEM-EVENT] preview.audio.canonical.nextChunk.schedule.end | range=153600..<201600 scheduled=1
[MEM-EVENT] preview.audio.canonical.nextChunk.requested | range=201600..<249600 gen=2 inFlight=1
[MEM-EVENT] preview.audio.canonical.nextChunk.render.begin | range=201600..<249600 gen=2
[MEM-EVENT] preview.audio.canonical.render.begin | segments=1 range=201600..<249600
[MEM-EVENT] preview.audio.stage8.cache.miss | range=201600..<249600 revision=ProjectRevision(raw: 1) epoch=PlaybackEpoch(raw: 1) planIdLen=622
[MEM-EVENT] preview.audio.stage8.render.decode | source=app.audio.source.videoLayer:scene-0-B045FD1B-456B-4067-AC5C-99FEA19F7DC6:block_01 sourceStart=21/5 frameCount=48000 intersectionFrames=48000 elapsedMs=0.35
[MEM-EVENT] preview.audio.stage8.render.total | range=201600..<249600 segments=1 sources=1 elapsedMs=6.83
[MEM-EVENT] preview.audio.stage8.cache.store | range=201600..<249600 revision=ProjectRevision(raw: 1) epoch=PlaybackEpoch(raw: 1) planIdLen=622
[MEM-EVENT] preview.audio.canonical.render.end | sources=1
[MEM-EVENT] preview.audio.canonical.nextChunk.render.end | range=201600..<249600 sourceCount=1
[MEM-EVENT] preview.audio.canonical.nextChunk.schedule.begin | range=201600..<249600 sources=1
[MEM-EVENT] preview.audio.canonical.nextChunk.schedule.end | range=201600..<249600 scheduled=1
[MEM-EVENT] preview.audio.canonical.nextChunk.requested | range=249600..<297600 gen=2 inFlight=1
[MEM-EVENT] preview.audio.canonical.nextChunk.render.begin | range=249600..<297600 gen=2
[MEM-EVENT] preview.audio.canonical.render.begin | segments=1 range=249600..<297600
[MEM-EVENT] preview.audio.stage8.cache.miss | range=249600..<297600 revision=ProjectRevision(raw: 1) epoch=PlaybackEpoch(raw: 1) planIdLen=622
[MEM-EVENT] preview.audio.stage8.render.decode | source=app.audio.source.videoLayer:scene-0-B045FD1B-456B-4067-AC5C-99FEA19F7DC6:block_01 sourceStart=26/5 frameCount=48000 intersectionFrames=48000 elapsedMs=0.52
[MEM-EVENT] preview.audio.stage8.render.total | range=249600..<297600 segments=1 sources=1 elapsedMs=7.38
[MEM-EVENT] preview.audio.stage8.cache.store | range=249600..<297600 revision=ProjectRevision(raw: 1) epoch=PlaybackEpoch(raw: 1) planIdLen=622
[MEM-EVENT] preview.audio.canonical.render.end | sources=1
[MEM-EVENT] preview.audio.canonical.nextChunk.render.end | range=249600..<297600 sourceCount=1
[MEM-EVENT] preview.audio.canonical.nextChunk.schedule.begin | range=249600..<297600 sources=1
[MEM-EVENT] preview.audio.canonical.nextChunk.schedule.end | range=249600..<297600 scheduled=1
[MEM-EVENT] preview.audio.canonical.nextChunk.requested | range=297600..<345600 gen=2 inFlight=1
[MEM-EVENT] preview.audio.canonical.nextChunk.render.begin | range=297600..<345600 gen=2
[MEM-EVENT] preview.audio.canonical.render.begin | segments=1 range=297600..<345600
[MEM-EVENT] preview.audio.stage8.cache.miss | range=297600..<345600 revision=ProjectRevision(raw: 1) epoch=PlaybackEpoch(raw: 1) planIdLen=622
[MEM-EVENT] preview.audio.stage8.render.decode | source=app.audio.source.videoLayer:scene-0-B045FD1B-456B-4067-AC5C-99FEA19F7DC6:block_01 sourceStart=31/5 frameCount=48000 intersectionFrames=48000 elapsedMs=0.39
[MEM-EVENT] preview.audio.stage8.render.total | range=297600..<345600 segments=1 sources=1 elapsedMs=7.16
[MEM-EVENT] preview.audio.stage8.cache.store | range=297600..<345600 revision=ProjectRevision(raw: 1) epoch=PlaybackEpoch(raw: 1) planIdLen=622
[MEM-EVENT] preview.audio.canonical.render.end | sources=1
[MEM-EVENT] preview.audio.canonical.nextChunk.render.end | range=297600..<345600 sourceCount=1
[MEM-EVENT] preview.audio.canonical.nextChunk.schedule.begin | range=297600..<345600 sources=1
[MEM-EVENT] preview.audio.canonical.nextChunk.schedule.end | range=297600..<345600 scheduled=1
[MEM-EVENT] preview.audio.canonical.nextChunk.requested | range=345600..<393600 gen=2 inFlight=1
[MEM-EVENT] preview.audio.canonical.nextChunk.render.begin | range=345600..<393600 gen=2
[MEM-EVENT] preview.audio.canonical.render.begin | segments=1 range=345600..<393600
[MEM-EVENT] preview.audio.stage8.cache.miss | range=345600..<393600 revision=ProjectRevision(raw: 1) epoch=PlaybackEpoch(raw: 1) planIdLen=622
[MEM-EVENT] preview.audio.stage8.render.decode | source=app.audio.source.videoLayer:scene-0-B045FD1B-456B-4067-AC5C-99FEA19F7DC6:block_01 sourceStart=36/5 frameCount=48000 intersectionFrames=48000 elapsedMs=0.35
[MEM-EVENT] preview.audio.stage8.render.total | range=345600..<393600 segments=1 sources=1 elapsedMs=7.12
[MEM-EVENT] preview.audio.stage8.cache.store | range=345600..<393600 revision=ProjectRevision(raw: 1) epoch=PlaybackEpoch(raw: 1) planIdLen=622
[MEM-EVENT] preview.audio.canonical.render.end | sources=1
[MEM-EVENT] preview.audio.canonical.nextChunk.render.end | range=345600..<393600 sourceCount=1
[MEM-EVENT] preview.audio.canonical.nextChunk.schedule.begin | range=345600..<393600 sources=1
[MEM-EVENT] preview.audio.canonical.nextChunk.schedule.end | range=345600..<393600 scheduled=1
[MEM-EVENT] preview.audio.canonical.nextChunk.requested | range=393600..<441600 gen=2 inFlight=1
[MEM-EVENT] preview.audio.canonical.nextChunk.render.begin | range=393600..<441600 gen=2
[MEM-EVENT] preview.audio.canonical.render.begin | segments=1 range=393600..<441600
[MEM-EVENT] preview.audio.stage8.cache.miss | range=393600..<441600 revision=ProjectRevision(raw: 1) epoch=PlaybackEpoch(raw: 1) planIdLen=622
[MEM-EVENT] preview.audio.stage8.render.decode | source=app.audio.source.videoLayer:scene-0-B045FD1B-456B-4067-AC5C-99FEA19F7DC6:block_01 sourceStart=41/5 frameCount=48000 intersectionFrames=48000 elapsedMs=0.32
[MEM-EVENT] preview.audio.stage8.render.total | range=393600..<441600 segments=1 sources=1 elapsedMs=7.08
[MEM-EVENT] preview.audio.stage8.cache.store | range=393600..<441600 revision=ProjectRevision(raw: 1) epoch=PlaybackEpoch(raw: 1) planIdLen=622
[MEM-EVENT] preview.audio.canonical.render.end | sources=1
[MEM-EVENT] preview.audio.canonical.nextChunk.render.end | range=393600..<441600 sourceCount=1
[MEM-EVENT] preview.audio.canonical.nextChunk.schedule.begin | range=393600..<441600 sources=1
[MEM-EVENT] preview.audio.canonical.nextChunk.schedule.end | range=393600..<441600 scheduled=1
[MEM-EVENT] preview.audio.canonical.nextChunk.requested | range=441600..<489600 gen=2 inFlight=1
[MEM-EVENT] preview.audio.canonical.nextChunk.render.begin | range=441600..<489600 gen=2
[MEM-EVENT] preview.audio.canonical.render.begin | segments=1 range=441600..<489600
[MEM-EVENT] preview.audio.stage8.cache.miss | range=441600..<489600 revision=ProjectRevision(raw: 1) epoch=PlaybackEpoch(raw: 1) planIdLen=622
[MEM-EVENT] preview.audio.stage8.render.decode | source=app.audio.source.videoLayer:scene-0-B045FD1B-456B-4067-AC5C-99FEA19F7DC6:block_01 sourceStart=46/5 frameCount=48000 intersectionFrames=48000 elapsedMs=27.60
[MEM-EVENT] preview.audio.stage8.render.total | range=441600..<489600 segments=1 sources=1 elapsedMs=34.29
[MEM-EVENT] preview.audio.stage8.cache.store | range=441600..<489600 revision=ProjectRevision(raw: 1) epoch=PlaybackEpoch(raw: 1) planIdLen=622
[MEM-EVENT] preview.audio.canonical.render.end | sources=1
[MEM-EVENT] preview.audio.canonical.nextChunk.render.end | range=441600..<489600 sourceCount=1
[MEM-EVENT] preview.audio.canonical.nextChunk.schedule.begin | range=441600..<489600 sources=1
[MEM-EVENT] preview.audio.canonical.nextChunk.schedule.end | range=441600..<489600 scheduled=1
[MEM-EVENT] preview.audio.canonical.nextChunk.requested | range=489600..<537600 gen=2 inFlight=1
[MEM-EVENT] preview.audio.canonical.nextChunk.render.begin | range=489600..<537600 gen=2
[MEM-EVENT] preview.audio.canonical.render.begin | segments=1 range=489600..<537600
[MEM-EVENT] preview.audio.stage8.cache.miss | range=489600..<537600 revision=ProjectRevision(raw: 1) epoch=PlaybackEpoch(raw: 1) planIdLen=622
[MEM-EVENT] preview.audio.stage8.render.decode | source=app.audio.source.videoLayer:scene-0-B045FD1B-456B-4067-AC5C-99FEA19F7DC6:block_01 sourceStart=51/5 frameCount=48000 intersectionFrames=48000 elapsedMs=0.38
[MEM-EVENT] preview.audio.stage8.render.total | range=489600..<537600 segments=1 sources=1 elapsedMs=6.98
[MEM-EVENT] preview.audio.stage8.cache.store | range=489600..<537600 revision=ProjectRevision(raw: 1) epoch=PlaybackEpoch(raw: 1) planIdLen=622
[MEM-EVENT] preview.audio.canonical.render.end | sources=1
[MEM-EVENT] preview.audio.canonical.nextChunk.render.end | range=489600..<537600 sourceCount=1
[MEM-EVENT] preview.audio.canonical.nextChunk.schedule.begin | range=489600..<537600 sources=1
[MEM-EVENT] preview.audio.canonical.nextChunk.schedule.end | range=489600..<537600 scheduled=1
[MEM-EVENT] preview.audio.canonical.nextChunk.requested | range=537600..<585600 gen=2 inFlight=1
[MEM-EVENT] preview.audio.canonical.nextChunk.render.begin | range=537600..<585600 gen=2
[MEM-EVENT] preview.audio.canonical.render.begin | segments=1 range=537600..<585600
[MEM-EVENT] preview.audio.stage8.cache.miss | range=537600..<585600 revision=ProjectRevision(raw: 1) epoch=PlaybackEpoch(raw: 1) planIdLen=622
[MEM-EVENT] preview.audio.stage8.render.decode | source=app.audio.source.videoLayer:scene-0-B045FD1B-456B-4067-AC5C-99FEA19F7DC6:block_01 sourceStart=56/5 frameCount=32784 intersectionFrames=32785 elapsedMs=0.30
[MEM-EVENT] preview.audio.stage8.render.total | range=537600..<585600 segments=1 sources=1 elapsedMs=5.54
[MEM-EVENT] preview.audio.stage8.cache.store | range=537600..<585600 revision=ProjectRevision(raw: 1) epoch=PlaybackEpoch(raw: 1) planIdLen=622
[MEM-EVENT] preview.audio.canonical.render.end | sources=1
[MEM-EVENT] preview.audio.canonical.nextChunk.render.end | range=537600..<585600 sourceCount=1
[MEM-EVENT] preview.audio.canonical.nextChunk.schedule.begin | range=537600..<585600 sources=1
[MEM-EVENT] preview.audio.canonical.nextChunk.schedule.end | range=537600..<585600 scheduled=1
[MEM-EVENT] preview.audio.canonical.nextChunk.requested | range=585600..<633600 gen=2 inFlight=1
[MEM-EVENT] preview.audio.canonical.nextChunk.render.begin | range=585600..<633600 gen=2
[MEM-EVENT] preview.audio.canonical.render.begin | segments=1 range=585600..<633600
[MEM-EVENT] preview.audio.stage8.cache.miss | range=585600..<633600 revision=ProjectRevision(raw: 1) epoch=PlaybackEpoch(raw: 1) planIdLen=622
[MEM-EVENT] preview.audio.stage8.render.total | range=585600..<633600 segments=1 sources=0 elapsedMs=0.00
[MEM-EVENT] preview.audio.stage8.cache.store | range=585600..<633600 revision=ProjectRevision(raw: 1) epoch=PlaybackEpoch(raw: 1) planIdLen=622
[MEM-EVENT] preview.audio.canonical.render.end | sources=0
[MEM-EVENT] preview.audio.canonical.nextChunk.render.end | range=585600..<633600 sourceCount=0
[MEM-EVENT] preview.audio.canonical.nextChunk.endOfPlan | planEnd=570385
[PERF] FPS: 20.5 | CPU: 26.2% (1core), 4.4% (all) | MEM: 99MB res, 128MB foot | GPU: n/a | DRAW: avg 0.00ms, p95 0.00ms, max 0.00ms
[MEM-EVENT] playback.audio.stop.begin
[MEM-EVENT] displayLink.invalidate | obj=1239375939281523012
[MEM-EVENT] VideoFrameProvider.stopPlayback | obj=-135066222431255421 flush=false hasPlaybackTex=true hasStillTex=true hasInteractiveTex=false hasHoldTex=false
[MEM-EVENT] audio.session.activate.begin
[MEM-EVENT] audio.session.activate.end | ok=1
[MEM-EVENT] playback.audio.start.begin | compressedFrame=102 projectTimeUs=3400000 state=timelinePreview isPlayingBefore=0
[MEM-EVENT] displayLink.create | obj=1239375939281523012
[MEM-DIAG] playback.start | footprint: 128MB | resident: 95MB | available: 2944MB | metal: 92MB | SceneInstanceRuntime: 1 | UserMediaService: 2 | VideoFrameProvider: 1
[MEM-EVENT] playback.audio.previewStart.call | projectTimeUs=3400000 hostTime=205994.40470841673
[MEM-EVENT] preview.audio.select | toggle=ON controller=Canonical
[MEM-EVENT] preview.audio.start | dirty=0 hasPipeline=1 readiness=primed
[MEM-EVENT] preview.audio.canonical.legacyGateBypassed | seconds=3.4 hostTime=205994.40470841673
[MEM-EVENT] preview.audio.canonical.startPlayback.call | seconds=3.4
[MEM-EVENT] preview.audio.stage8.startPlayback.call | sinceStartMs=0.01 fromSeconds=3.4
[MEM-EVENT] preview.audio.stage8.plan.eval | sinceStartMs=0.93 elapsedMs=0.84 segments=1
[MEM-EVENT] preview.audio.canonical.plan | segments=1 fromSeconds=3.4
[MEM-EVENT] preview.audio.stage8.setup.end | sinceStartMs=8.05 graph+session+output+anchor done
[MEM-EVENT] preview.audio.canonical.preroll.build.begin | planSegments=1 range=163200..<172800 gen=5
[MEM-EVENT] preview.audio.stage8.preroll.begin | sinceStartMs=8.16 range=163200..<172800 sampleCount=9600 initialPrerollSamples=9600 maxChunkSamples=48000
[MEM-EVENT] preview.audio.canonical.render.begin | segments=1 range=163200..<172800
[MEM-EVENT] preview.audio.stage8.cache.miss | range=163200..<172800 revision=ProjectRevision(raw: 2) epoch=PlaybackEpoch(raw: 2) planIdLen=622
[VideoFrameProvider] playback: 41 OK, 0 nil (0.0%) | itemTime=3.422s | lastExtracted=3.453s | active=true
[MEM-EVENT] preview.audio.canonical.firstFrameSignal | delivered=1
[MEM-EVENT] preview.audio.stage8.firstFrameSignal | sinceStartMs=30.25 barrierReason=firstFrameArrivedPrerollNotReady
[MEM-EVENT] preview.audio.stage8.render.decode | source=app.audio.source.videoLayer:scene-0-B045FD1B-456B-4067-AC5C-99FEA19F7DC6:block_01 sourceStart=17/5 frameCount=9600 intersectionFrames=9600 elapsedMs=50.05
[MEM-EVENT] preview.audio.stage8.render.total | range=163200..<172800 segments=1 sources=1 elapsedMs=52.41
[MEM-EVENT] preview.audio.stage8.cache.store | range=163200..<172800 revision=ProjectRevision(raw: 2) epoch=PlaybackEpoch(raw: 2) planIdLen=622
[MEM-EVENT] preview.audio.canonical.render.end | sources=1
[MEM-EVENT] preview.audio.canonical.preroll.build.end | sourceCount=1 bufferCount=1
[MEM-EVENT] preview.audio.stage8.preroll.end | sinceStartMs=63.01 renderElapsedMs=54.85 sourceCount=1
[MEM-EVENT] preview.audio.stage8.barrier.cross | sinceStartMs=63.02
[MEM-EVENT] preview.audio.canonical.graph.schedule.begin | sources=1
[MEM-EVENT] preview.audio.canonical.graph.schedule.end | scheduled=1
[MEM-EVENT] preview.audio.stage8.graph.schedule.end | sinceStartMs=102.08 scheduleMs=39.04
[MEM-EVENT] preview.audio.canonical.engine.start.begin
[MEM-EVENT] preview.audio.canonical.player.play.begin
[MEM-EVENT] preview.audio.canonical.player.play.end
[MEM-EVENT] preview.audio.canonical.engine.start.end
[MEM-EVENT] preview.audio.stage8.player.play.end | sinceStartMs=102.12 playStartMs=0.02
[MEM-EVENT] preview.audio.canonical.scheduled | scheduled=1 sources=1 started=1
[MEM-EVENT] preview.audio.stage8.scheduled.total | sinceStartMs=102.13 totalStartToScheduledMs=102.13
[MEM-EVENT] preview.audio.canonical.nextChunk.requested | range=172800..<220800 gen=6 inFlight=1
[MEM-EVENT] preview.audio.canonical.nextChunk.render.begin | range=172800..<220800 gen=6
[MEM-EVENT] preview.audio.canonical.render.begin | segments=1 range=172800..<220800
[MEM-EVENT] preview.audio.stage8.cache.miss | range=172800..<220800 revision=ProjectRevision(raw: 2) epoch=PlaybackEpoch(raw: 2) planIdLen=622
[MEM-EVENT] preview.audio.stage8.render.decode | source=app.audio.source.videoLayer:scene-0-B045FD1B-456B-4067-AC5C-99FEA19F7DC6:block_01 sourceStart=18/5 frameCount=48000 intersectionFrames=48000 elapsedMs=0.55
[MEM-EVENT] preview.audio.stage8.render.total | range=172800..<220800 segments=1 sources=1 elapsedMs=10.88
[MEM-EVENT] preview.audio.stage8.cache.store | range=172800..<220800 revision=ProjectRevision(raw: 2) epoch=PlaybackEpoch(raw: 2) planIdLen=622
[MEM-EVENT] preview.audio.canonical.render.end | sources=1
[MEM-EVENT] preview.audio.canonical.nextChunk.render.end | range=172800..<220800 sourceCount=1
[MEM-EVENT] preview.audio.canonical.nextChunk.schedule.begin | range=172800..<220800 sources=1
[MEM-EVENT] preview.audio.canonical.nextChunk.schedule.end | range=172800..<220800 scheduled=1
[MEM-EVENT] preview.audio.canonical.nextChunk.requested | range=220800..<268800 gen=6 inFlight=1
[MEM-EVENT] preview.audio.canonical.nextChunk.render.begin | range=220800..<268800 gen=6
[MEM-EVENT] preview.audio.canonical.render.begin | segments=1 range=220800..<268800
[MEM-EVENT] preview.audio.stage8.cache.miss | range=220800..<268800 revision=ProjectRevision(raw: 2) epoch=PlaybackEpoch(raw: 2) planIdLen=622
[MEM-EVENT] preview.audio.stage8.render.decode | source=app.audio.source.videoLayer:scene-0-B045FD1B-456B-4067-AC5C-99FEA19F7DC6:block_01 sourceStart=23/5 frameCount=48000 intersectionFrames=48000 elapsedMs=0.45
[MEM-EVENT] preview.audio.stage8.render.total | range=220800..<268800 segments=1 sources=1 elapsedMs=7.61
[MEM-EVENT] preview.audio.stage8.cache.store | range=220800..<268800 revision=ProjectRevision(raw: 2) epoch=PlaybackEpoch(raw: 2) planIdLen=622
[MEM-EVENT] preview.audio.canonical.render.end | sources=1
[MEM-EVENT] preview.audio.canonical.nextChunk.render.end | range=220800..<268800 sourceCount=1
[MEM-EVENT] preview.audio.canonical.nextChunk.schedule.begin | range=220800..<268800 sources=1
[MEM-EVENT] preview.audio.canonical.nextChunk.schedule.end | range=220800..<268800 scheduled=1
[MEM-EVENT] preview.audio.canonical.nextChunk.requested | range=268800..<316800 gen=6 inFlight=1
[MEM-EVENT] preview.audio.canonical.nextChunk.render.begin | range=268800..<316800 gen=6
[MEM-EVENT] preview.audio.canonical.render.begin | segments=1 range=268800..<316800
[MEM-EVENT] preview.audio.stage8.cache.miss | range=268800..<316800 revision=ProjectRevision(raw: 2) epoch=PlaybackEpoch(raw: 2) planIdLen=622
[MEM-EVENT] preview.audio.stage8.render.decode | source=app.audio.source.videoLayer:scene-0-B045FD1B-456B-4067-AC5C-99FEA19F7DC6:block_01 sourceStart=28/5 frameCount=48000 intersectionFrames=48000 elapsedMs=0.43
[MEM-EVENT] preview.audio.stage8.render.total | range=268800..<316800 segments=1 sources=1 elapsedMs=7.03
[MEM-EVENT] preview.audio.stage8.cache.store | range=268800..<316800 revision=ProjectRevision(raw: 2) epoch=PlaybackEpoch(raw: 2) planIdLen=622
[MEM-EVENT] preview.audio.canonical.render.end | sources=1
[MEM-EVENT] preview.audio.canonical.nextChunk.render.end | range=268800..<316800 sourceCount=1
[MEM-EVENT] preview.audio.canonical.nextChunk.schedule.begin | range=268800..<316800 sources=1
[MEM-EVENT] preview.audio.canonical.nextChunk.schedule.end | range=268800..<316800 scheduled=1
[MEM-EVENT] preview.audio.canonical.nextChunk.requested | range=316800..<364800 gen=6 inFlight=1
[MEM-EVENT] preview.audio.canonical.nextChunk.render.begin | range=316800..<364800 gen=6
[MEM-EVENT] preview.audio.canonical.render.begin | segments=1 range=316800..<364800
[MEM-EVENT] preview.audio.stage8.cache.miss | range=316800..<364800 revision=ProjectRevision(raw: 2) epoch=PlaybackEpoch(raw: 2) planIdLen=622
[MEM-EVENT] preview.audio.stage8.render.decode | source=app.audio.source.videoLayer:scene-0-B045FD1B-456B-4067-AC5C-99FEA19F7DC6:block_01 sourceStart=33/5 frameCount=48000 intersectionFrames=48000 elapsedMs=0.53
[MEM-EVENT] preview.audio.stage8.render.total | range=316800..<364800 segments=1 sources=1 elapsedMs=7.33
[MEM-EVENT] preview.audio.stage8.cache.store | range=316800..<364800 revision=ProjectRevision(raw: 2) epoch=PlaybackEpoch(raw: 2) planIdLen=622
[MEM-EVENT] preview.audio.canonical.render.end | sources=1
[MEM-EVENT] preview.audio.canonical.nextChunk.render.end | range=316800..<364800 sourceCount=1
[MEM-EVENT] preview.audio.canonical.nextChunk.schedule.begin | range=316800..<364800 sources=1
[MEM-EVENT] preview.audio.canonical.nextChunk.schedule.end | range=316800..<364800 scheduled=1
[MEM-EVENT] preview.audio.canonical.nextChunk.requested | range=364800..<412800 gen=6 inFlight=1
[MEM-EVENT] preview.audio.canonical.nextChunk.render.begin | range=364800..<412800 gen=6
[MEM-EVENT] preview.audio.canonical.render.begin | segments=1 range=364800..<412800
[MEM-EVENT] preview.audio.stage8.cache.miss | range=364800..<412800 revision=ProjectRevision(raw: 2) epoch=PlaybackEpoch(raw: 2) planIdLen=622
[MEM-EVENT] preview.audio.stage8.render.decode | source=app.audio.source.videoLayer:scene-0-B045FD1B-456B-4067-AC5C-99FEA19F7DC6:block_01 sourceStart=38/5 frameCount=48000 intersectionFrames=48000 elapsedMs=0.35
[MEM-EVENT] preview.audio.stage8.render.total | range=364800..<412800 segments=1 sources=1 elapsedMs=6.89
[MEM-EVENT] preview.audio.stage8.cache.store | range=364800..<412800 revision=ProjectRevision(raw: 2) epoch=PlaybackEpoch(raw: 2) planIdLen=622
[MEM-EVENT] preview.audio.canonical.render.end | sources=1
[MEM-EVENT] preview.audio.canonical.nextChunk.render.end | range=364800..<412800 sourceCount=1
[MEM-EVENT] preview.audio.canonical.nextChunk.schedule.begin | range=364800..<412800 sources=1
[MEM-EVENT] preview.audio.canonical.nextChunk.schedule.end | range=364800..<412800 scheduled=1
[MEM-EVENT] preview.audio.canonical.nextChunk.requested | range=412800..<460800 gen=6 inFlight=1
[MEM-EVENT] preview.audio.canonical.nextChunk.render.begin | range=412800..<460800 gen=6
[MEM-EVENT] preview.audio.canonical.render.begin | segments=1 range=412800..<460800
[MEM-EVENT] preview.audio.stage8.cache.miss | range=412800..<460800 revision=ProjectRevision(raw: 2) epoch=PlaybackEpoch(raw: 2) planIdLen=622
[MEM-EVENT] preview.audio.stage8.render.decode | source=app.audio.source.videoLayer:scene-0-B045FD1B-456B-4067-AC5C-99FEA19F7DC6:block_01 sourceStart=43/5 frameCount=48000 intersectionFrames=48000 elapsedMs=0.42
[MEM-EVENT] preview.audio.stage8.render.total | range=412800..<460800 segments=1 sources=1 elapsedMs=7.34
[MEM-EVENT] preview.audio.stage8.cache.store | range=412800..<460800 revision=ProjectRevision(raw: 2) epoch=PlaybackEpoch(raw: 2) planIdLen=622
[MEM-EVENT] preview.audio.canonical.render.end | sources=1
[MEM-EVENT] preview.audio.canonical.nextChunk.render.end | range=412800..<460800 sourceCount=1
[MEM-EVENT] preview.audio.canonical.nextChunk.schedule.begin | range=412800..<460800 sources=1
[MEM-EVENT] preview.audio.canonical.nextChunk.schedule.end | range=412800..<460800 scheduled=1
[MEM-EVENT] preview.audio.canonical.nextChunk.requested | range=460800..<508800 gen=6 inFlight=1
[MEM-EVENT] preview.audio.canonical.nextChunk.render.begin | range=460800..<508800 gen=6
[MEM-EVENT] preview.audio.canonical.render.begin | segments=1 range=460800..<508800
[MEM-EVENT] preview.audio.stage8.cache.miss | range=460800..<508800 revision=ProjectRevision(raw: 2) epoch=PlaybackEpoch(raw: 2) planIdLen=622
[MEM-EVENT] preview.audio.stage8.render.decode | source=app.audio.source.videoLayer:scene-0-B045FD1B-456B-4067-AC5C-99FEA19F7DC6:block_01 sourceStart=48/5 frameCount=48000 intersectionFrames=48000 elapsedMs=0.44
[MEM-EVENT] preview.audio.stage8.render.total | range=460800..<508800 segments=1 sources=1 elapsedMs=6.99
[MEM-EVENT] preview.audio.stage8.cache.store | range=460800..<508800 revision=ProjectRevision(raw: 2) epoch=PlaybackEpoch(raw: 2) planIdLen=622
[MEM-EVENT] preview.audio.canonical.render.end | sources=1
[MEM-EVENT] preview.audio.canonical.nextChunk.render.end | range=460800..<508800 sourceCount=1
[MEM-EVENT] preview.audio.canonical.nextChunk.schedule.begin | range=460800..<508800 sources=1
[MEM-EVENT] preview.audio.canonical.nextChunk.schedule.end | range=460800..<508800 scheduled=1
[MEM-EVENT] preview.audio.canonical.nextChunk.requested | range=508800..<556800 gen=6 inFlight=1
[MEM-EVENT] preview.audio.canonical.nextChunk.render.begin | range=508800..<556800 gen=6
[MEM-EVENT] preview.audio.canonical.render.begin | segments=1 range=508800..<556800
[MEM-EVENT] preview.audio.stage8.cache.miss | range=508800..<556800 revision=ProjectRevision(raw: 2) epoch=PlaybackEpoch(raw: 2) planIdLen=622
[MEM-EVENT] preview.audio.stage8.render.decode | source=app.audio.source.videoLayer:scene-0-B045FD1B-456B-4067-AC5C-99FEA19F7DC6:block_01 sourceStart=53/5 frameCount=48000 intersectionFrames=48000 elapsedMs=0.42
[MEM-EVENT] preview.audio.stage8.render.total | range=508800..<556800 segments=1 sources=1 elapsedMs=7.01
[MEM-EVENT] preview.audio.stage8.cache.store | range=508800..<556800 revision=ProjectRevision(raw: 2) epoch=PlaybackEpoch(raw: 2) planIdLen=622
[MEM-EVENT] preview.audio.canonical.render.end | sources=1
[MEM-EVENT] preview.audio.canonical.nextChunk.render.end | range=508800..<556800 sourceCount=1
[MEM-EVENT] preview.audio.canonical.nextChunk.schedule.begin | range=508800..<556800 sources=1
[MEM-EVENT] preview.audio.canonical.nextChunk.schedule.end | range=508800..<556800 scheduled=1
[MEM-EVENT] preview.audio.canonical.nextChunk.requested | range=556800..<604800 gen=6 inFlight=1
[MEM-EVENT] preview.audio.canonical.nextChunk.render.begin | range=556800..<604800 gen=6
[MEM-EVENT] preview.audio.canonical.render.begin | segments=1 range=556800..<604800
[MEM-EVENT] preview.audio.stage8.cache.miss | range=556800..<604800 revision=ProjectRevision(raw: 2) epoch=PlaybackEpoch(raw: 2) planIdLen=622
[MEM-EVENT] preview.audio.stage8.render.decode | source=app.audio.source.videoLayer:scene-0-B045FD1B-456B-4067-AC5C-99FEA19F7DC6:block_01 sourceStart=58/5 frameCount=13584 intersectionFrames=13585 elapsedMs=0.22
[MEM-EVENT] preview.audio.stage8.render.total | range=556800..<604800 segments=1 sources=1 elapsedMs=2.33
[MEM-EVENT] preview.audio.stage8.cache.store | range=556800..<604800 revision=ProjectRevision(raw: 2) epoch=PlaybackEpoch(raw: 2) planIdLen=622
[MEM-EVENT] preview.audio.canonical.render.end | sources=1
[MEM-EVENT] preview.audio.canonical.nextChunk.render.end | range=556800..<604800 sourceCount=1
[MEM-EVENT] preview.audio.canonical.nextChunk.schedule.begin | range=556800..<604800 sources=1
[MEM-EVENT] preview.audio.canonical.nextChunk.schedule.end | range=556800..<604800 scheduled=1
[MEM-EVENT] preview.audio.canonical.nextChunk.requested | range=604800..<652800 gen=6 inFlight=1
[MEM-EVENT] preview.audio.canonical.nextChunk.render.begin | range=604800..<652800 gen=6
[MEM-EVENT] preview.audio.canonical.render.begin | segments=1 range=604800..<652800
[MEM-EVENT] preview.audio.stage8.cache.miss | range=604800..<652800 revision=ProjectRevision(raw: 2) epoch=PlaybackEpoch(raw: 2) planIdLen=622
[MEM-EVENT] preview.audio.stage8.render.total | range=604800..<652800 segments=1 sources=0 elapsedMs=0.00
[MEM-EVENT] preview.audio.stage8.cache.store | range=604800..<652800 revision=ProjectRevision(raw: 2) epoch=PlaybackEpoch(raw: 2) planIdLen=622
[MEM-EVENT] preview.audio.canonical.render.end | sources=0
[MEM-EVENT] preview.audio.canonical.nextChunk.render.end | range=604800..<652800 sourceCount=0
[MEM-EVENT] preview.audio.canonical.nextChunk.endOfPlan | planEnd=570385
[PERF] FPS: 20.0 | CPU: 26.1% (1core), 4.4% (all) | MEM: 95MB res, 127MB foot | GPU: n/a | DRAW: avg 0.00ms, p95 0.00ms, max 0.00ms
[VideoFrameProvider] playback: 60 OK, 0 nil (0.0%) | itemTime=5.423s | lastExtracted=5.453s | active=true
[MEM-EVENT] playback.audio.stop.begin
[MEM-EVENT] displayLink.invalidate | obj=1239375939281523012
[MEM-EVENT] VideoFrameProvider.stopPlayback | obj=-135066222431255421 flush=false hasPlaybackTex=true hasStillTex=true hasInteractiveTex=true hasHoldTex=false
[SCRUB-DIAG] FINAL - scroll: 0.0/s | scrubChanged: 0.0/s | playhead: 0.0/s (elapsed: 3.01s)
[PERF] FPS: 21.0 | CPU: 5.9% (1core), 1.0% (all) | MEM: 95MB res, 128MB foot | GPU: n/a | DRAW: avg 0.00ms, p95 0.00ms, max 0.00ms
[MEM-EVENT] audio.session.activate.begin
[MEM-EVENT] audio.session.activate.end | ok=1
[MEM-EVENT] playback.audio.start.begin | compressedFrame=237 projectTimeUs=7900000 state=timelinePreview isPlayingBefore=0
[MEM-EVENT] displayLink.create | obj=1239375939281523012
[MEM-DIAG] playback.start | footprint: 128MB | resident: 95MB | available: 2944MB | metal: 92MB | SceneInstanceRuntime: 1 | UserMediaService: 2 | VideoFrameProvider: 1
[MEM-EVENT] playback.audio.previewStart.call | projectTimeUs=7900000 hostTime=205997.46147075004
[MEM-EVENT] preview.audio.select | toggle=ON controller=Canonical
[MEM-EVENT] preview.audio.start | dirty=0 hasPipeline=1 readiness=primed
[MEM-EVENT] preview.audio.canonical.legacyGateBypassed | seconds=7.9 hostTime=205997.46147075004
[MEM-EVENT] preview.audio.canonical.startPlayback.call | seconds=7.9
[MEM-EVENT] preview.audio.stage8.startPlayback.call | sinceStartMs=0.01 fromSeconds=7.9
[MEM-EVENT] preview.audio.stage8.plan.eval | sinceStartMs=1.18 elapsedMs=1.05 segments=1
[MEM-EVENT] preview.audio.canonical.plan | segments=1 fromSeconds=7.9
[MEM-EVENT] preview.audio.stage8.setup.end | sinceStartMs=8.21 graph+session+output+anchor done
[MEM-EVENT] preview.audio.canonical.preroll.build.begin | planSegments=1 range=379200..<388800 gen=8
[MEM-EVENT] preview.audio.stage8.preroll.begin | sinceStartMs=8.37 range=379200..<388800 sampleCount=9600 initialPrerollSamples=9600 maxChunkSamples=48000
[MEM-EVENT] preview.audio.canonical.render.begin | segments=1 range=379200..<388800
[MEM-EVENT] preview.audio.stage8.cache.miss | range=379200..<388800 revision=ProjectRevision(raw: 3) epoch=PlaybackEpoch(raw: 3) planIdLen=622
[MEM-EVENT] preview.audio.canonical.firstFrameSignal | delivered=1
[MEM-EVENT] preview.audio.stage8.firstFrameSignal | sinceStartMs=28.12 barrierReason=firstFrameArrivedPrerollNotReady
[MEM-EVENT] preview.audio.stage8.render.decode | source=app.audio.source.videoLayer:scene-0-B045FD1B-456B-4067-AC5C-99FEA19F7DC6:block_01 sourceStart=79/10 frameCount=9600 intersectionFrames=9600 elapsedMs=41.63
[MEM-EVENT] preview.audio.stage8.render.total | range=379200..<388800 segments=1 sources=1 elapsedMs=44.20
[MEM-EVENT] preview.audio.stage8.cache.store | range=379200..<388800 revision=ProjectRevision(raw: 3) epoch=PlaybackEpoch(raw: 3) planIdLen=622
[MEM-EVENT] preview.audio.canonical.render.end | sources=1
[MEM-EVENT] preview.audio.canonical.preroll.build.end | sourceCount=1 bufferCount=1
[MEM-EVENT] preview.audio.stage8.preroll.end | sinceStartMs=56.87 renderElapsedMs=48.50 sourceCount=1
[MEM-EVENT] preview.audio.stage8.barrier.cross | sinceStartMs=56.89
[MEM-EVENT] preview.audio.canonical.graph.schedule.begin | sources=1
[MEM-EVENT] preview.audio.canonical.graph.schedule.end | scheduled=1
[MEM-EVENT] preview.audio.stage8.graph.schedule.end | sinceStartMs=95.87 scheduleMs=38.96
[MEM-EVENT] preview.audio.canonical.engine.start.begin
[MEM-EVENT] preview.audio.canonical.player.play.begin
[MEM-EVENT] preview.audio.canonical.player.play.end
[MEM-EVENT] preview.audio.canonical.engine.start.end
[MEM-EVENT] preview.audio.stage8.player.play.end | sinceStartMs=95.91 playStartMs=0.03
[MEM-EVENT] preview.audio.canonical.scheduled | scheduled=1 sources=1 started=1
[MEM-EVENT] preview.audio.stage8.scheduled.total | sinceStartMs=95.93 totalStartToScheduledMs=95.92
[MEM-EVENT] preview.audio.canonical.nextChunk.requested | range=388800..<436800 gen=10 inFlight=1
[MEM-EVENT] preview.audio.canonical.nextChunk.render.begin | range=388800..<436800 gen=10
[MEM-EVENT] preview.audio.canonical.render.begin | segments=1 range=388800..<436800
[MEM-EVENT] preview.audio.stage8.cache.miss | range=388800..<436800 revision=ProjectRevision(raw: 3) epoch=PlaybackEpoch(raw: 3) planIdLen=622
[MEM-EVENT] preview.audio.stage8.render.decode | source=app.audio.source.videoLayer:scene-0-B045FD1B-456B-4067-AC5C-99FEA19F7DC6:block_01 sourceStart=81/10 frameCount=48000 intersectionFrames=48000 elapsedMs=0.68
[MEM-EVENT] preview.audio.stage8.render.total | range=388800..<436800 segments=1 sources=1 elapsedMs=11.36
[MEM-EVENT] preview.audio.stage8.cache.store | range=388800..<436800 revision=ProjectRevision(raw: 3) epoch=PlaybackEpoch(raw: 3) planIdLen=622
[MEM-EVENT] preview.audio.canonical.render.end | sources=1
[MEM-EVENT] preview.audio.canonical.nextChunk.render.end | range=388800..<436800 sourceCount=1
[MEM-EVENT] preview.audio.canonical.nextChunk.schedule.begin | range=388800..<436800 sources=1
[MEM-EVENT] preview.audio.canonical.nextChunk.schedule.end | range=388800..<436800 scheduled=1
[MEM-EVENT] preview.audio.canonical.nextChunk.requested | range=436800..<484800 gen=10 inFlight=1
[MEM-EVENT] preview.audio.canonical.nextChunk.render.begin | range=436800..<484800 gen=10
[MEM-EVENT] preview.audio.canonical.render.begin | segments=1 range=436800..<484800
[MEM-EVENT] preview.audio.stage8.cache.miss | range=436800..<484800 revision=ProjectRevision(raw: 3) epoch=PlaybackEpoch(raw: 3) planIdLen=622
[MEM-EVENT] preview.audio.stage8.render.decode | source=app.audio.source.videoLayer:scene-0-B045FD1B-456B-4067-AC5C-99FEA19F7DC6:block_01 sourceStart=91/10 frameCount=48000 intersectionFrames=48000 elapsedMs=0.81
[MEM-EVENT] preview.audio.stage8.render.total | range=436800..<484800 segments=1 sources=1 elapsedMs=7.77
[MEM-EVENT] preview.audio.stage8.cache.store | range=436800..<484800 revision=ProjectRevision(raw: 3) epoch=PlaybackEpoch(raw: 3) planIdLen=622
[MEM-EVENT] preview.audio.canonical.render.end | sources=1
[MEM-EVENT] preview.audio.canonical.nextChunk.render.end | range=436800..<484800 sourceCount=1
[MEM-EVENT] preview.audio.canonical.nextChunk.schedule.begin | range=436800..<484800 sources=1
[MEM-EVENT] preview.audio.canonical.nextChunk.schedule.end | range=436800..<484800 scheduled=1
[MEM-EVENT] preview.audio.canonical.nextChunk.requested | range=484800..<532800 gen=10 inFlight=1
[MEM-EVENT] preview.audio.canonical.nextChunk.render.begin | range=484800..<532800 gen=10
[MEM-EVENT] preview.audio.canonical.render.begin | segments=1 range=484800..<532800
[MEM-EVENT] preview.audio.stage8.cache.miss | range=484800..<532800 revision=ProjectRevision(raw: 3) epoch=PlaybackEpoch(raw: 3) planIdLen=622
[MEM-EVENT] preview.audio.stage8.render.decode | source=app.audio.source.videoLayer:scene-0-B045FD1B-456B-4067-AC5C-99FEA19F7DC6:block_01 sourceStart=101/10 frameCount=48000 intersectionFrames=48000 elapsedMs=0.44
[MEM-EVENT] preview.audio.stage8.render.total | range=484800..<532800 segments=1 sources=1 elapsedMs=7.18
[MEM-EVENT] preview.audio.stage8.cache.store | range=484800..<532800 revision=ProjectRevision(raw: 3) epoch=PlaybackEpoch(raw: 3) planIdLen=622
[MEM-EVENT] preview.audio.canonical.render.end | sources=1
[MEM-EVENT] preview.audio.canonical.nextChunk.render.end | range=484800..<532800 sourceCount=1
[MEM-EVENT] preview.audio.canonical.nextChunk.schedule.begin | range=484800..<532800 sources=1
[MEM-EVENT] preview.audio.canonical.nextChunk.schedule.end | range=484800..<532800 scheduled=1
[MEM-EVENT] preview.audio.canonical.nextChunk.requested | range=532800..<580800 gen=10 inFlight=1
[MEM-EVENT] preview.audio.canonical.nextChunk.render.begin | range=532800..<580800 gen=10
[MEM-EVENT] preview.audio.canonical.render.begin | segments=1 range=532800..<580800
[MEM-EVENT] preview.audio.stage8.cache.miss | range=532800..<580800 revision=ProjectRevision(raw: 3) epoch=PlaybackEpoch(raw: 3) planIdLen=622
[MEM-EVENT] preview.audio.stage8.render.decode | source=app.audio.source.videoLayer:scene-0-B045FD1B-456B-4067-AC5C-99FEA19F7DC6:block_01 sourceStart=111/10 frameCount=37584 intersectionFrames=37585 elapsedMs=0.45
[MEM-EVENT] preview.audio.stage8.render.total | range=532800..<580800 segments=1 sources=1 elapsedMs=7.02
[MEM-EVENT] preview.audio.stage8.cache.store | range=532800..<580800 revision=ProjectRevision(raw: 3) epoch=PlaybackEpoch(raw: 3) planIdLen=622
[MEM-EVENT] preview.audio.canonical.render.end | sources=1
[MEM-EVENT] preview.audio.canonical.nextChunk.render.end | range=532800..<580800 sourceCount=1
[MEM-EVENT] preview.audio.canonical.nextChunk.schedule.begin | range=532800..<580800 sources=1
[MEM-EVENT] preview.audio.canonical.nextChunk.schedule.end | range=532800..<580800 scheduled=1
[MEM-EVENT] preview.audio.canonical.nextChunk.requested | range=580800..<628800 gen=10 inFlight=1
[MEM-EVENT] preview.audio.canonical.nextChunk.render.begin | range=580800..<628800 gen=10
[MEM-EVENT] preview.audio.canonical.render.begin | segments=1 range=580800..<628800
[MEM-EVENT] preview.audio.stage8.cache.miss | range=580800..<628800 revision=ProjectRevision(raw: 3) epoch=PlaybackEpoch(raw: 3) planIdLen=622
[MEM-EVENT] preview.audio.stage8.render.total | range=580800..<628800 segments=1 sources=0 elapsedMs=0.00
[MEM-EVENT] preview.audio.stage8.cache.store | range=580800..<628800 revision=ProjectRevision(raw: 3) epoch=PlaybackEpoch(raw: 3) planIdLen=622
[MEM-EVENT] preview.audio.canonical.render.end | sources=0
[MEM-EVENT] preview.audio.canonical.nextChunk.render.end | range=580800..<628800 sourceCount=0
[MEM-EVENT] preview.audio.canonical.nextChunk.endOfPlan | planEnd=570385
[MEM-EVENT] playback.audio.stop.begin
[MEM-EVENT] displayLink.invalidate | obj=1239375939281523012
[MEM-EVENT] VideoFrameProvider.stopPlayback | obj=-135066222431255421 flush=false hasPlaybackTex=true hasStillTex=true hasInteractiveTex=true hasHoldTex=false
[SCRUB-DIAG] FINAL - scroll: 0.0/s | scrubChanged: 0.0/s | playhead: 0.0/s (elapsed: 1.65s)
[MEM-EVENT] audio.session.activate.begin
[MEM-EVENT] audio.session.activate.end | ok=1
[MEM-EVENT] playback.audio.start.begin | compressedFrame=330 projectTimeUs=11000000 state=timelinePreview isPlayingBefore=0
[MEM-EVENT] displayLink.create | obj=1239375939281523012
[MEM-DIAG] playback.start | footprint: 127MB | resident: 95MB | available: 2944MB | metal: 92MB | SceneInstanceRuntime: 1 | UserMediaService: 2 | VideoFrameProvider: 1
[MEM-EVENT] playback.audio.previewStart.call | projectTimeUs=11000000 hostTime=205999.10535262505
[MEM-EVENT] preview.audio.select | toggle=ON controller=Canonical
[MEM-EVENT] preview.audio.start | dirty=0 hasPipeline=1 readiness=primed
[MEM-EVENT] preview.audio.canonical.legacyGateBypassed | seconds=11.0 hostTime=205999.10535262505
[MEM-EVENT] preview.audio.canonical.startPlayback.call | seconds=11.0
[MEM-EVENT] preview.audio.stage8.startPlayback.call | sinceStartMs=0.01 fromSeconds=11.0
[MEM-EVENT] preview.audio.stage8.plan.eval | sinceStartMs=1.02 elapsedMs=0.91 segments=1
[MEM-EVENT] preview.audio.canonical.plan | segments=1 fromSeconds=11.0
[MEM-EVENT] preview.audio.stage8.setup.end | sinceStartMs=8.03 graph+session+output+anchor done
[MEM-EVENT] preview.audio.canonical.preroll.build.begin | planSegments=1 range=528000..<537600 gen=11
[MEM-EVENT] preview.audio.stage8.preroll.begin | sinceStartMs=8.14 range=528000..<537600 sampleCount=9600 initialPrerollSamples=9600 maxChunkSamples=48000
[MEM-EVENT] preview.audio.canonical.render.begin | segments=1 range=528000..<537600
[MEM-EVENT] preview.audio.stage8.cache.miss | range=528000..<537600 revision=ProjectRevision(raw: 4) epoch=PlaybackEpoch(raw: 4) planIdLen=622
[VideoFrameProvider] playback: 24 OK, 0 nil (0.0%) | itemTime=8.676s | lastExtracted=8.675s | active=true
[MEM-EVENT] preview.audio.canonical.firstFrameSignal | delivered=1
[MEM-EVENT] preview.audio.stage8.firstFrameSignal | sinceStartMs=12.75 barrierReason=firstFrameArrivedPrerollNotReady
[MEM-EVENT] preview.audio.stage8.render.decode | source=app.audio.source.videoLayer:scene-0-B045FD1B-456B-4067-AC5C-99FEA19F7DC6:block_01 sourceStart=11/1 frameCount=9600 intersectionFrames=9600 elapsedMs=66.53
[MEM-EVENT] preview.audio.stage8.render.total | range=528000..<537600 segments=1 sources=1 elapsedMs=69.23
[MEM-EVENT] preview.audio.stage8.cache.store | range=528000..<537600 revision=ProjectRevision(raw: 4) epoch=PlaybackEpoch(raw: 4) planIdLen=622
[MEM-EVENT] preview.audio.canonical.render.end | sources=1
[MEM-EVENT] preview.audio.canonical.preroll.build.end | sourceCount=1 bufferCount=1
[MEM-EVENT] preview.audio.stage8.preroll.end | sinceStartMs=79.02 renderElapsedMs=70.88 sourceCount=1
[MEM-EVENT] preview.audio.stage8.barrier.cross | sinceStartMs=79.03
[MEM-EVENT] preview.audio.canonical.graph.schedule.begin | sources=1
[MEM-EVENT] preview.audio.canonical.graph.schedule.end | scheduled=1
[MEM-EVENT] preview.audio.stage8.graph.schedule.end | sinceStartMs=115.83 scheduleMs=36.79
[MEM-EVENT] preview.audio.canonical.engine.start.begin
[MEM-EVENT] preview.audio.canonical.player.play.begin
[MEM-EVENT] preview.audio.canonical.player.play.end
[MEM-EVENT] preview.audio.canonical.engine.start.end
[MEM-EVENT] preview.audio.stage8.player.play.end | sinceStartMs=115.87 playStartMs=0.02
[MEM-EVENT] preview.audio.canonical.scheduled | scheduled=1 sources=1 started=1
[MEM-EVENT] preview.audio.stage8.scheduled.total | sinceStartMs=115.89 totalStartToScheduledMs=115.88
[MEM-EVENT] preview.audio.canonical.nextChunk.requested | range=537600..<585600 gen=14 inFlight=1
[MEM-EVENT] preview.audio.canonical.nextChunk.render.begin | range=537600..<585600 gen=14
[MEM-EVENT] preview.audio.canonical.render.begin | segments=1 range=537600..<585600
[MEM-EVENT] preview.audio.stage8.cache.miss | range=537600..<585600 revision=ProjectRevision(raw: 4) epoch=PlaybackEpoch(raw: 4) planIdLen=622
[MEM-EVENT] preview.audio.stage8.render.decode | source=app.audio.source.videoLayer:scene-0-B045FD1B-456B-4067-AC5C-99FEA19F7DC6:block_01 sourceStart=56/5 frameCount=32784 intersectionFrames=32785 elapsedMs=0.74
[MEM-EVENT] preview.audio.stage8.render.total | range=537600..<585600 segments=1 sources=1 elapsedMs=9.62
[MEM-EVENT] preview.audio.stage8.cache.store | range=537600..<585600 revision=ProjectRevision(raw: 4) epoch=PlaybackEpoch(raw: 4) planIdLen=622
[MEM-EVENT] preview.audio.canonical.render.end | sources=1
[MEM-EVENT] preview.audio.canonical.nextChunk.render.end | range=537600..<585600 sourceCount=1
[MEM-EVENT] preview.audio.canonical.nextChunk.schedule.begin | range=537600..<585600 sources=1
[MEM-EVENT] preview.audio.canonical.nextChunk.schedule.end | range=537600..<585600 scheduled=1
[MEM-EVENT] preview.audio.canonical.nextChunk.requested | range=585600..<633600 gen=14 inFlight=1
[MEM-EVENT] preview.audio.canonical.nextChunk.render.begin | range=585600..<633600 gen=14
[MEM-EVENT] preview.audio.canonical.render.begin | segments=1 range=585600..<633600
[MEM-EVENT] preview.audio.stage8.cache.miss | range=585600..<633600 revision=ProjectRevision(raw: 4) epoch=PlaybackEpoch(raw: 4) planIdLen=622
[MEM-EVENT] preview.audio.stage8.render.total | range=585600..<633600 segments=1 sources=0 elapsedMs=0.00
[MEM-EVENT] preview.audio.stage8.cache.store | range=585600..<633600 revision=ProjectRevision(raw: 4) epoch=PlaybackEpoch(raw: 4) planIdLen=622
[MEM-EVENT] preview.audio.canonical.render.end | sources=0
[MEM-EVENT] preview.audio.canonical.nextChunk.render.end | range=585600..<633600 sourceCount=0
[MEM-EVENT] preview.audio.canonical.nextChunk.endOfPlan | planEnd=570385
[PERF] FPS: 23.5 | CPU: 15.8% (1core), 2.6% (all) | MEM: 95MB res, 120MB foot | GPU: n/a | DRAW: avg 0.00ms, p95 0.00ms, max 0.00ms
[MEM-EVENT] playback.audio.stop.begin
[MEM-EVENT] displayLink.invalidate | obj=1239375939281523012
[MEM-EVENT] VideoFrameProvider.stopPlayback | obj=-135066222431255421 flush=false hasPlaybackTex=true hasStillTex=true hasInteractiveTex=true hasHoldTex=false
[MEM-EVENT] playback.idleReclaim.skip | reason=scrubActive
[SCRUB-DIAG] FINAL - scroll: 0.0/s | scrubChanged: 0.0/s | playhead: 0.0/s (elapsed: 2.09s)
[MEM-EVENT] audio.session.activate.begin
[MEM-EVENT] audio.session.activate.end | ok=1
[MEM-EVENT] playback.audio.start.begin | compressedFrame=314 projectTimeUs=10466666 state=timelinePreview isPlayingBefore=0
[MEM-EVENT] displayLink.create | obj=1239375939281523012
[MEM-DIAG] playback.start | footprint: 130MB | resident: 95MB | available: 2941MB | metal: 96MB | SceneInstanceRuntime: 1 | UserMediaService: 2 | VideoFrameProvider: 1
[MEM-EVENT] playback.audio.previewStart.call | projectTimeUs=10466666 hostTime=206001.2427957917
[MEM-EVENT] preview.audio.select | toggle=ON controller=Canonical
[MEM-EVENT] preview.audio.start | dirty=0 hasPipeline=1 readiness=primed
[MEM-EVENT] preview.audio.canonical.legacyGateBypassed | seconds=10.466666 hostTime=206001.2427957917
[MEM-EVENT] preview.audio.canonical.startPlayback.call | seconds=10.466666
[MEM-EVENT] preview.audio.stage8.startPlayback.call | sinceStartMs=0.01 fromSeconds=10.466666
[MEM-EVENT] preview.audio.stage8.plan.eval | sinceStartMs=1.12 elapsedMs=1.00 segments=1
[MEM-EVENT] preview.audio.canonical.plan | segments=1 fromSeconds=10.466666
[MEM-EVENT] preview.audio.stage8.setup.end | sinceStartMs=8.63 graph+session+output+anchor done
[MEM-EVENT] preview.audio.canonical.preroll.build.begin | planSegments=1 range=502399..<511999 gen=14
[MEM-EVENT] preview.audio.stage8.preroll.begin | sinceStartMs=8.74 range=502399..<511999 sampleCount=9600 initialPrerollSamples=9600 maxChunkSamples=48000
[MEM-EVENT] preview.audio.canonical.render.begin | segments=1 range=502399..<511999
[MEM-EVENT] preview.audio.stage8.cache.miss | range=502399..<511999 revision=ProjectRevision(raw: 5) epoch=PlaybackEpoch(raw: 5) planIdLen=622
[VideoFrameProvider] playback: 44 OK, 1 nil (2.2%) | itemTime=12.497s | lastExtracted=nils | active=true
[MEM-EVENT] preview.audio.canonical.firstFrameSignal | delivered=1
[MEM-EVENT] preview.audio.stage8.firstFrameSignal | sinceStartMs=11.95 barrierReason=firstFrameArrivedPrerollNotReady
[MEM-EVENT] preview.audio.stage8.render.decode | source=app.audio.source.videoLayer:scene-0-B045FD1B-456B-4067-AC5C-99FEA19F7DC6:block_01 sourceStart=502399/48000 frameCount=9600 intersectionFrames=9600 elapsedMs=61.30
[MEM-EVENT] preview.audio.stage8.render.total | range=502399..<511999 segments=1 sources=1 elapsedMs=63.95
[MEM-EVENT] preview.audio.stage8.cache.store | range=502399..<511999 revision=ProjectRevision(raw: 5) epoch=PlaybackEpoch(raw: 5) planIdLen=622
[MEM-EVENT] preview.audio.canonical.render.end | sources=1
[MEM-EVENT] preview.audio.canonical.preroll.build.end | sourceCount=1 bufferCount=1
[MEM-EVENT] preview.audio.stage8.preroll.end | sinceStartMs=73.33 renderElapsedMs=64.59 sourceCount=1
[MEM-EVENT] preview.audio.stage8.barrier.cross | sinceStartMs=73.34
[MEM-EVENT] preview.audio.canonical.graph.schedule.begin | sources=1
[MEM-EVENT] preview.audio.canonical.graph.schedule.end | scheduled=1
[MEM-EVENT] preview.audio.stage8.graph.schedule.end | sinceStartMs=111.73 scheduleMs=38.37
[MEM-EVENT] preview.audio.canonical.engine.start.begin
[MEM-EVENT] preview.audio.canonical.player.play.begin
[MEM-EVENT] preview.audio.canonical.player.play.end
[MEM-EVENT] preview.audio.canonical.engine.start.end
[MEM-EVENT] preview.audio.stage8.player.play.end | sinceStartMs=111.77 playStartMs=0.02
[MEM-EVENT] preview.audio.canonical.scheduled | scheduled=1 sources=1 started=1
[MEM-EVENT] preview.audio.stage8.scheduled.total | sinceStartMs=111.78 totalStartToScheduledMs=111.78
[MEM-EVENT] preview.audio.canonical.nextChunk.requested | range=511999..<559999 gen=18 inFlight=1
[MEM-EVENT] preview.audio.canonical.nextChunk.render.begin | range=511999..<559999 gen=18
[MEM-EVENT] preview.audio.canonical.render.begin | segments=1 range=511999..<559999
[MEM-EVENT] preview.audio.stage8.cache.miss | range=511999..<559999 revision=ProjectRevision(raw: 5) epoch=PlaybackEpoch(raw: 5) planIdLen=622
[MEM-EVENT] preview.audio.stage8.render.decode | source=app.audio.source.videoLayer:scene-0-B045FD1B-456B-4067-AC5C-99FEA19F7DC6:block_01 sourceStart=511999/48000 frameCount=48000 intersectionFrames=48000 elapsedMs=0.90
[MEM-EVENT] preview.audio.stage8.render.total | range=511999..<559999 segments=1 sources=1 elapsedMs=11.91
[MEM-EVENT] preview.audio.stage8.cache.store | range=511999..<559999 revision=ProjectRevision(raw: 5) epoch=PlaybackEpoch(raw: 5) planIdLen=622
[MEM-EVENT] preview.audio.canonical.render.end | sources=1
[MEM-EVENT] preview.audio.canonical.nextChunk.render.end | range=511999..<559999 sourceCount=1
[MEM-EVENT] preview.audio.canonical.nextChunk.schedule.begin | range=511999..<559999 sources=1
[MEM-EVENT] preview.audio.canonical.nextChunk.schedule.end | range=511999..<559999 scheduled=1
[MEM-EVENT] preview.audio.canonical.nextChunk.requested | range=559999..<607999 gen=18 inFlight=1
[MEM-EVENT] preview.audio.canonical.nextChunk.render.begin | range=559999..<607999 gen=18
[MEM-EVENT] preview.audio.canonical.render.begin | segments=1 range=559999..<607999
[MEM-EVENT] preview.audio.stage8.cache.miss | range=559999..<607999 revision=ProjectRevision(raw: 5) epoch=PlaybackEpoch(raw: 5) planIdLen=622
[MEM-EVENT] preview.audio.stage8.render.decode | source=app.audio.source.videoLayer:scene-0-B045FD1B-456B-4067-AC5C-99FEA19F7DC6:block_01 sourceStart=559999/48000 frameCount=10385 intersectionFrames=10386 elapsedMs=0.28
[MEM-EVENT] preview.audio.stage8.render.total | range=559999..<607999 segments=1 sources=1 elapsedMs=2.19
[MEM-EVENT] preview.audio.stage8.cache.store | range=559999..<607999 revision=ProjectRevision(raw: 5) epoch=PlaybackEpoch(raw: 5) planIdLen=622
[MEM-EVENT] preview.audio.canonical.render.end | sources=1
[MEM-EVENT] preview.audio.canonical.nextChunk.render.end | range=559999..<607999 sourceCount=1
[MEM-EVENT] preview.audio.canonical.nextChunk.schedule.begin | range=559999..<607999 sources=1
[MEM-EVENT] preview.audio.canonical.nextChunk.schedule.end | range=559999..<607999 scheduled=1
[MEM-EVENT] preview.audio.canonical.nextChunk.requested | range=607999..<655999 gen=18 inFlight=1
[MEM-EVENT] preview.audio.canonical.nextChunk.render.begin | range=607999..<655999 gen=18
[MEM-EVENT] preview.audio.canonical.render.begin | segments=1 range=607999..<655999
[MEM-EVENT] preview.audio.stage8.cache.miss | range=607999..<655999 revision=ProjectRevision(raw: 5) epoch=PlaybackEpoch(raw: 5) planIdLen=622
[MEM-EVENT] preview.audio.stage8.render.total | range=607999..<655999 segments=1 sources=0 elapsedMs=0.00
[MEM-EVENT] preview.audio.stage8.cache.store | range=607999..<655999 revision=ProjectRevision(raw: 5) epoch=PlaybackEpoch(raw: 5) planIdLen=622
[MEM-EVENT] preview.audio.canonical.render.end | sources=0
[MEM-EVENT] preview.audio.canonical.nextChunk.render.end | range=607999..<655999 sourceCount=0
[MEM-EVENT] preview.audio.canonical.nextChunk.endOfPlan | planEnd=570385
[PERF] FPS: 27.5 | CPU: 26.3% (1core), 4.4% (all) | MEM: 95MB res, 112MB foot | GPU: n/a | DRAW: avg 0.00ms, p95 0.00ms, max 0.00ms
[VideoFrameProvider] playback: 58 OK, 1 nil (1.7%) | itemTime=12.472s | lastExtracted=12.503s | active=true
[PERF] FPS: 30.0 | CPU: 26.0% (1core), 4.3% (all) | MEM: 95MB res, 130MB foot | GPU: n/a | DRAW: avg 0.00ms, p95 0.00ms, max 0.00ms
[MEM-EVENT] playback.audio.stop.begin
[MEM-EVENT] displayLink.invalidate | obj=1239375939281523012
[MEM-EVENT] VideoFrameProvider.stopPlayback | obj=-135066222431255421 flush=false hasPlaybackTex=true hasStillTex=true hasInteractiveTex=true hasHoldTex=false
[MEM-DIAG] editor.close.before | footprint: 130MB | resident: 96MB | available: 2941MB | metal: n/aMB | SceneInstanceRuntime: 1 | UserMediaService: 2 | VideoFrameProvider: 1
[MEM-EVENT] playback.audio.stop.begin
[MEM-EVENT] EditorViewController.deinit | obj=9066658323597361270
[MEM-DIAG] editor.close.after | footprint: 130MB | resident: 96MB | available: 2941MB | metal: n/aMB | SceneInstanceRuntime: 1 | UserMediaService: 2 | VideoFrameProvider: 1
[MEM-EVENT] UMS.releasePreview | obj=7364747650472070194 videoProviders=0 setupTasks=0 stillTasks=0 trimTasks=0 activeVideo=0
[MEM-EVENT] TCEngine.releasePreview | runtimes=1 evictCache=true
[MEM-EVENT] VideoFrameProvider.stopPlayback | obj=-135066222431255421 flush=true hasPlaybackTex=true hasStillTex=true hasInteractiveTex=true hasHoldTex=false
[MEM-EVENT] CVTextureCache.flush | owner=UserMediaTextureFactory
[MEM-EVENT] UMS.releasePreview | obj=724865982497103146 videoProviders=1 setupTasks=0 stillTasks=0 trimTasks=0 activeVideo=0
[MEM-EVENT] VideoFrameProvider.release | obj=-135066222431255421 hasPlaybackTex=false hasStillTex=true hasInteractiveTex=false
[MEM-EVENT] VideoFrameProvider.stopPlayback | obj=-135066222431255421 flush=true hasPlaybackTex=false hasStillTex=true hasInteractiveTex=false hasHoldTex=false
[MEM-EVENT] CVTextureCache.flush | owner=UserMediaTextureFactory
[MEM-EVENT] CVTextureCache.flush | owner=UserMediaTextureFactory
[MEM-EVENT] VideoFrameProvider.release | obj=-135066222431255421 hasPlaybackTex=false hasStillTex=false hasInteractiveTex=false
[MEM-EVENT] VideoFrameProvider.stopPlayback | obj=-135066222431255421 flush=true hasPlaybackTex=false hasStillTex=false hasInteractiveTex=false hasHoldTex=false
[MEM-EVENT] CVTextureCache.flush | owner=UserMediaTextureFactory
[MEM-EVENT] CVTextureCache.flush | owner=UserMediaTextureFactory
[MEM-EVENT] VideoFrameProvider.deinit | obj=-135066222431255421
[MEM-EVENT] SceneTypeCache.evictAll | count=1
[MEM-EVENT] SceneInstanceRuntime.deinit | obj=4224265131813673360 id=B045FD1B-456B-4067-AC5C-99FEA19F7DC6
[MEM-EVENT] UserMediaService.deinit | obj=724865982497103146 videoProviders=0
[MEM-EVENT] Background.clearAll | keys=0
[BackgroundTextureService] Cleared all background textures
[MEM-DIAG] editor.close.afterTeardown | footprint: 73MB | resident: 89MB | available: 2998MB | metal: 25MB | SceneInstanceRuntime: 0 | UserMediaService: 1 | VideoFrameProvider: 0
[MEM-EVENT] EditorRuntime.deinit | obj=1239375939281523012
[MEM-EVENT] UserMediaService.deinit | obj=7364747650472070194 videoProviders=0
[MEM-DIAG] editor.close.after.2s | footprint: 42MB | resident: 90MB | available: 3029MB | metal: 0MB | SceneInstanceRuntime: 0 | UserMediaService: 0 | VideoFrameProvider: 0
[MEM-DIAG] editor.boot.before | footprint: 42MB | resident: 90MB | available: 3030MB | metal: n/aMB | SceneInstanceRuntime: 0 | UserMediaService: 0 | VideoFrameProvider: 0
[MEM-EVENT] bootstrap.prepare.start | requestId=9DE09AF8-1039-4619-9685-4E48A18930B5 sceneTypeId=full_image obj=-3028081729975174645
[MEM-EVENT] compiledPackage.load.summary | file=compiled.tve bytes=10044 read=0.000s validate=0.000s decode=0.001s total=0.001s assets=4
[MEM-EVENT] sceneTypeLoad.summary | id=full_image package=0.001s localIndex=0.000s sharedIndex=0.000s resolver=0.000s total=0.001s
[MEM-EVENT] initialScene.load.summary | id=full_image pipeline=0.001s player=0.000s provider=0.000s preload=0.042s total=0.044s
[MEM-EVENT] bootstrap.load.summary | sceneTypeId=full_image duration=0.04s
[MEM-EVENT] bootstrap.prepare.loaded | requestId=9DE09AF8-1039-4619-9685-4E48A18930B5
[MEM-EVENT] bootstrap.prepare.apply | requestId=9DE09AF8-1039-4619-9685-4E48A18930B5 obj=-3028081729975174645
[PerfCounter] applySnapshot(scene): 3
[PerfCounter] applySnapshot(scene): 4
[MEM-EVENT] UserMediaService.init | obj=-3341264496359706774
[MEM-EVENT] preview.audio.select | toggle=ON controller=Legacy
[MEM-EVENT] preview.audio.engine.teardown
[MEM-EVENT] preview.audio.canonical.selected | toggle=ON controller=CanonicalPreviewAudioController
[MEM-EVENT] preview.audio.prepare | canonicalIdlePrepareSkipped=1
[MEM-EVENT] bootstrap.boot.summary | duration=0.00s
[MEM-DIAG] editor.boot.after | footprint: 69MB | resident: 105MB | available: 3003MB | metal: 11MB | SceneInstanceRuntime: 0 | UserMediaService: 1 | VideoFrameProvider: 0
[MEM-EVENT] bootstrap.apply.summary | duration=0.00s
[MEM-EVENT] bootstrap.prepare.summary | sceneTypeId=full_image duration=0.05s outcome=success
[MEM-EVENT] Runtime.create.start | id=B045FD1B-456B-4067-AC5C-99FEA19F7DC6 sceneType=full_image
[MEM-EVENT] SceneTypeCache.preload.start | id=full_image cached=0
[MEM-EVENT] compiledPackage.load.summary | file=compiled.tve bytes=10044 read=0.000s validate=0.000s decode=0.001s total=0.001s assets=4
[MEM-EVENT] sceneTypeLoad.summary | id=full_image package=0.001s localIndex=0.000s sharedIndex=0.000s resolver=0.000s total=0.001s
[MEM-EVENT] SceneTypeCache.preload.summary | id=full_image source=cold io=0.00s provider=0.00s textures=0.04s total=0.04s
[MEM-EVENT] SceneTypeCache.preload.stored | id=full_image total=1 ids=full_image
[MEM-EVENT] UserMediaService.init | obj=-6385114131290419616
[MEM-EVENT] SceneInstanceRuntime.init | obj=2227415308740731411 id=B045FD1B-456B-4067-AC5C-99FEA19F7DC6 type=full_image
[MEM-EVENT] UMS.cleanupVideo | obj=-6385114131290419616 blockId=block_01
[MEM-EVENT] CVTextureCache.create | owner=UserMediaTextureFactory
[MEM-EVENT] VideoFrameProvider.init | obj=3570385878276936312
[MediaRestoreCoordinator] Restored video for block_01: presentOnReady=true, success
[MEM-EVENT] SceneInstanceRuntime.applyState | obj=2227415308740731411 id=B045FD1B-456B-4067-AC5C-99FEA19F7DC6 restored=1
[MEM-EVENT] Runtime.create.complete | id=B045FD1B-456B-4067-AC5C-99FEA19F7DC6 outcome=success total=1
[MEM-EVENT] SceneInstanceRuntime.prepare | obj=2227415308740731411 id=B045FD1B-456B-4067-AC5C-99FEA19F7DC6 frame=0
[VideoFrameProvider] READY: B045FD1B-456B-4067-AC5C-99FEA19F7DC6_block_01_ED8722B9-AAC9-42C0-865D-44439C9E634D.mp4 | dur=13.70s | sceneFPS=30.0 | trackFPS=30.00 | size=720x1280 | transform=[1.0,0.0,0.0,1.0,0.0,0.0]
[SceneInstanceRuntime] Ready for presentation at frame 0: B045FD1B-456B-4067-AC5C-99FEA19F7DC6
[MEM-EVENT] playback.audio.stop.begin
[MEM-DIAG] editor.close.before | footprint: 82MB | resident: 101MB | available: 2990MB | metal: n/aMB | SceneInstanceRuntime: 1 | UserMediaService: 2 | VideoFrameProvider: 1
[MEM-EVENT] playback.audio.stop.begin
[MEM-EVENT] EditorViewController.deinit | obj=-3028081729975174645
[MEM-DIAG] editor.close.after | footprint: 77MB | resident: 101MB | available: 2994MB | metal: n/aMB | SceneInstanceRuntime: 1 | UserMediaService: 2 | VideoFrameProvider: 1
[MEM-EVENT] UMS.releasePreview | obj=-3341264496359706774 videoProviders=0 setupTasks=0 stillTasks=0 trimTasks=0 activeVideo=0
[MEM-EVENT] TCEngine.releasePreview | runtimes=1 evictCache=true
[MEM-EVENT] VideoFrameProvider.stopPlayback | obj=3570385878276936312 flush=true hasPlaybackTex=false hasStillTex=true hasInteractiveTex=false hasHoldTex=false
[MEM-EVENT] CVTextureCache.flush | owner=UserMediaTextureFactory
[MEM-EVENT] UMS.releasePreview | obj=-6385114131290419616 videoProviders=1 setupTasks=0 stillTasks=0 trimTasks=0 activeVideo=0
[MEM-EVENT] VideoFrameProvider.release | obj=3570385878276936312 hasPlaybackTex=false hasStillTex=true hasInteractiveTex=false
[MEM-EVENT] VideoFrameProvider.stopPlayback | obj=3570385878276936312 flush=true hasPlaybackTex=false hasStillTex=true hasInteractiveTex=false hasHoldTex=false
[MEM-EVENT] CVTextureCache.flush | owner=UserMediaTextureFactory
[MEM-EVENT] CVTextureCache.flush | owner=UserMediaTextureFactory
[MEM-EVENT] VideoFrameProvider.release | obj=3570385878276936312 hasPlaybackTex=false hasStillTex=false hasInteractiveTex=false
[MEM-EVENT] VideoFrameProvider.stopPlayback | obj=3570385878276936312 flush=true hasPlaybackTex=false hasStillTex=false hasInteractiveTex=false hasHoldTex=false
[MEM-EVENT] CVTextureCache.flush | owner=UserMediaTextureFactory
[MEM-EVENT] CVTextureCache.flush | owner=UserMediaTextureFactory
[MEM-EVENT] VideoFrameProvider.deinit | obj=3570385878276936312
[MEM-EVENT] SceneTypeCache.evictAll | count=1
[MEM-EVENT] SceneInstanceRuntime.deinit | obj=2227415308740731411 id=B045FD1B-456B-4067-AC5C-99FEA19F7DC6
[MEM-EVENT] UserMediaService.deinit | obj=-6385114131290419616 videoProviders=0
[MEM-EVENT] Background.clearAll | keys=0
[BackgroundTextureService] Cleared all background textures
[MEM-DIAG] editor.close.afterTeardown | footprint: 72MB | resident: 96MB | available: 3000MB | metal: 25MB | SceneInstanceRuntime: 0 | UserMediaService: 1 | VideoFrameProvider: 0
[MEM-EVENT] EditorRuntime.deinit | obj=-4915930969966068481
[MEM-EVENT] UserMediaService.deinit | obj=-3341264496359706774 videoProviders=0
[MEM-DIAG] editor.boot.before | footprint: 43MB | resident: 95MB | available: 3029MB | metal: n/aMB | SceneInstanceRuntime: 0 | UserMediaService: 0 | VideoFrameProvider: 0
[MEM-EVENT] bootstrap.prepare.start | requestId=D48282BA-94BD-47A4-B50E-3A16093501E9 sceneTypeId=full_image obj=-3028081729975174645
[MEM-EVENT] compiledPackage.load.summary | file=compiled.tve bytes=10044 read=0.000s validate=0.000s decode=0.001s total=0.001s assets=4
[MEM-EVENT] sceneTypeLoad.summary | id=full_image package=0.001s localIndex=0.000s sharedIndex=0.000s resolver=0.000s total=0.001s
[MEM-EVENT] initialScene.load.summary | id=full_image pipeline=0.001s player=0.000s provider=0.000s preload=0.038s total=0.039s
[MEM-EVENT] bootstrap.load.summary | sceneTypeId=full_image duration=0.04s
[MEM-EVENT] bootstrap.prepare.loaded | requestId=D48282BA-94BD-47A4-B50E-3A16093501E9
[MEM-EVENT] bootstrap.prepare.apply | requestId=D48282BA-94BD-47A4-B50E-3A16093501E9 obj=-3028081729975174645
[PerfCounter] applySnapshot(scene): 5
[PerfCounter] applySnapshot(scene): 6
[PerfCounter] applySnapshot(scene): 7
[MEM-EVENT] UserMediaService.init | obj=1237513217913903994
[MEM-EVENT] preview.audio.select | toggle=ON controller=Legacy
[MEM-EVENT] preview.audio.engine.teardown
[MEM-EVENT] preview.audio.canonical.selected | toggle=ON controller=CanonicalPreviewAudioController
[MEM-EVENT] preview.audio.prepare | canonicalIdlePrepareSkipped=1
[MEM-EVENT] bootstrap.boot.summary | duration=0.00s
[MEM-DIAG] editor.boot.after | footprint: 64MB | resident: 106MB | available: 3008MB | metal: 11MB | SceneInstanceRuntime: 0 | UserMediaService: 1 | VideoFrameProvider: 0
[MEM-EVENT] bootstrap.apply.summary | duration=0.00s
[MEM-EVENT] bootstrap.prepare.summary | sceneTypeId=full_image duration=0.04s outcome=success
[MEM-EVENT] Runtime.create.start | id=BBB22040-71D4-4001-8BBD-73623FEC4324 sceneType=full_image
[MEM-EVENT] SceneTypeCache.preload.start | id=full_image cached=0
[MEM-EVENT] compiledPackage.load.summary | file=compiled.tve bytes=10044 read=0.000s validate=0.000s decode=0.001s total=0.001s assets=4
[MEM-EVENT] sceneTypeLoad.summary | id=full_image package=0.001s localIndex=0.000s sharedIndex=0.000s resolver=0.000s total=0.001s
[MEM-EVENT] SceneTypeCache.preload.summary | id=full_image source=cold io=0.00s provider=0.00s textures=0.04s total=0.04s
[MEM-EVENT] SceneTypeCache.preload.stored | id=full_image total=1 ids=full_image
[MEM-EVENT] UserMediaService.init | obj=-2605701879756519111
[MEM-EVENT] SceneInstanceRuntime.init | obj=2227415308740731411 id=BBB22040-71D4-4001-8BBD-73623FEC4324 type=full_image
[MEM-EVENT] UMS.cleanupVideo | obj=-2605701879756519111 blockId=block_01
[MEM-EVENT] CVTextureCache.create | owner=UserMediaTextureFactory
[MEM-EVENT] VideoFrameProvider.init | obj=-4324266198413219050
[MediaRestoreCoordinator] Restored video for block_01: presentOnReady=true, success
[MEM-EVENT] SceneInstanceRuntime.applyState | obj=2227415308740731411 id=BBB22040-71D4-4001-8BBD-73623FEC4324 restored=1
[MEM-EVENT] Runtime.create.complete | id=BBB22040-71D4-4001-8BBD-73623FEC4324 outcome=success total=1
[MEM-EVENT] SceneInstanceRuntime.prepare | obj=2227415308740731411 id=BBB22040-71D4-4001-8BBD-73623FEC4324 frame=0
[VideoFrameProvider] READY: BBB22040-71D4-4001-8BBD-73623FEC4324_block_01_61C3432D-B3F5-44B5-8C2C-103EE3850D7D.mov | dur=46.64s | sceneFPS=30.0 | trackFPS=25.00 | size=1920x1080 | transform=[0.0,1.0,-1.0,0.0,1080.0,0.0]
[SceneInstanceRuntime] Ready for presentation at frame 0: BBB22040-71D4-4001-8BBD-73623FEC4324
[MEM-EVENT] audio.session.configure | ok=1
[MEM-EVENT] audio.session.activate.begin
[MEM-EVENT] audio.session.activate.end | ok=1
[MEM-EVENT] Runtime.create.start | id=998960A7-9292-4785-9323-231FDE8CE58B sceneType=full_image
[MEM-EVENT] UserMediaService.init | obj=2367630257437108189
[MEM-EVENT] SceneInstanceRuntime.init | obj=-2221397480244648803 id=998960A7-9292-4785-9323-231FDE8CE58B type=full_image
[MEM-EVENT] UMS.cleanupVideo | obj=2367630257437108189 blockId=block_01
[MEM-EVENT] CVTextureCache.create | owner=UserMediaTextureFactory
[MEM-EVENT] VideoFrameProvider.init | obj=-3290604098400097415
[MediaRestoreCoordinator] Restored video for block_01: presentOnReady=true, success
[MEM-EVENT] SceneInstanceRuntime.applyState | obj=-2221397480244648803 id=998960A7-9292-4785-9323-231FDE8CE58B restored=1
[MEM-EVENT] Runtime.create.complete | id=998960A7-9292-4785-9323-231FDE8CE58B outcome=success total=2
[MEM-EVENT] SceneInstanceRuntime.prepare | obj=-2221397480244648803 id=998960A7-9292-4785-9323-231FDE8CE58B frame=0
[VideoFrameProvider] READY: 998960A7-9292-4785-9323-231FDE8CE58B_block_01_35665E87-AD86-4831-80B6-76E8BE39236E.mp4 | dur=13.70s | sceneFPS=30.0 | trackFPS=30.00 | size=720x1280 | transform=[1.0,0.0,0.0,1.0,0.0,0.0]
[SceneInstanceRuntime] Ready for presentation at frame 0: 998960A7-9292-4785-9323-231FDE8CE58B
[MEM-EVENT] playback.audio.start.begin | compressedFrame=0 projectTimeUs=0 state=timelinePreview isPlayingBefore=0
[MEM-EVENT] displayLink.create | obj=5862010516033964041
[MEM-DIAG] playback.start | footprint: 106MB | resident: 102MB | available: 2966MB | metal: 57MB | SceneInstanceRuntime: 2 | UserMediaService: 3 | VideoFrameProvider: 2
[MEM-EVENT] playback.audio.previewStart.call | projectTimeUs=0 hostTime=206011.34789091672
[MEM-EVENT] preview.audio.select | toggle=ON controller=Canonical
[MEM-EVENT] preview.audio.start | dirty=1 hasPipeline=0 readiness=idle
[MEM-EVENT] preview.audio.canonical.legacyGateBypassed | seconds=0.0 hostTime=206011.34789091672
[MEM-EVENT] preview.audio.canonical.startPlayback.call | seconds=0.0
[MEM-EVENT] preview.audio.stage8.startPlayback.call | sinceStartMs=0.00 fromSeconds=0.0
[MEM-EVENT] preview.audio.stage8.plan.eval | sinceStartMs=1.38 elapsedMs=1.34 segments=3
[MEM-EVENT] preview.audio.canonical.plan | segments=3 fromSeconds=0.0
[MEM-EVENT] preview.audio.stage8.setup.end | sinceStartMs=11.44 graph+session+output+anchor done
[MEM-EVENT] preview.audio.canonical.preroll.build.begin | planSegments=3 range=0..<9600 gen=2
[MEM-EVENT] preview.audio.stage8.preroll.begin | sinceStartMs=11.49 range=0..<9600 sampleCount=9600 initialPrerollSamples=9600 maxChunkSamples=48000
[VideoFrameProvider] playback: 1 OK, 0 nil (0.0%) | itemTime=0.000s | lastExtracted=0.000s | active=true
[MEM-EVENT] preview.audio.canonical.firstFrameSignal | delivered=1
[MEM-EVENT] preview.audio.stage8.firstFrameSignal | sinceStartMs=12.38 barrierReason=firstFrameArrivedPrerollNotReady
[MEM-EVENT] preview.audio.canonical.render.begin | segments=3 range=0..<9600
[MEM-EVENT] preview.audio.stage8.cache.miss | range=0..<9600 revision=ProjectRevision(raw: 1) epoch=PlaybackEpoch(raw: 1) planIdLen=1647
[MEM-EVENT] preview.audio.stage8.render.decode | source=app.audio.source.imported:D50F6AD6-4D5B-4277-81C8-4C3E750ABC2D sourceStart=0/1 frameCount=9600 intersectionFrames=9600 elapsedMs=203.56
[MEM-EVENT] preview.audio.stage8.render.decode | source=app.audio.source.videoLayer:scene-0-BBB22040-71D4-4001-8BBD-73623FEC4324:block_01 sourceStart=0/1 frameCount=9600 intersectionFrames=9600 elapsedMs=37.24
[MEM-EVENT] preview.audio.stage8.render.total | range=0..<9600 segments=3 sources=2 elapsedMs=245.68
[MEM-EVENT] preview.audio.stage8.cache.store | range=0..<9600 revision=ProjectRevision(raw: 1) epoch=PlaybackEpoch(raw: 1) planIdLen=1647
[MEM-EVENT] preview.audio.canonical.render.end | sources=2
[MEM-EVENT] preview.audio.canonical.preroll.build.end | sourceCount=2 bufferCount=2
[MEM-EVENT] preview.audio.stage8.preroll.end | sinceStartMs=261.13 renderElapsedMs=249.63 sourceCount=2
[MEM-EVENT] preview.audio.stage8.barrier.cross | sinceStartMs=261.14
[MEM-EVENT] preview.audio.canonical.graph.schedule.begin | sources=2
[MEM-EVENT] preview.audio.canonical.graph.schedule.end | scheduled=1
[MEM-EVENT] preview.audio.stage8.graph.schedule.end | sinceStartMs=310.77 scheduleMs=49.62
[MEM-EVENT] preview.audio.canonical.engine.start.begin
[MEM-EVENT] preview.audio.canonical.player.play.begin
[MEM-EVENT] preview.audio.canonical.player.play.end
[MEM-EVENT] preview.audio.canonical.engine.start.end
[MEM-EVENT] preview.audio.stage8.player.play.end | sinceStartMs=310.80 playStartMs=0.02
[MEM-EVENT] preview.audio.canonical.scheduled | scheduled=1 sources=2 started=1
[MEM-EVENT] preview.audio.stage8.scheduled.total | sinceStartMs=310.81 totalStartToScheduledMs=310.81
[MEM-EVENT] preview.audio.canonical.nextChunk.requested | range=9600..<57600 gen=2 inFlight=1
[MEM-EVENT] preview.audio.canonical.nextChunk.render.begin | range=9600..<57600 gen=2
[MEM-EVENT] preview.audio.canonical.render.begin | segments=3 range=9600..<57600
[MEM-EVENT] preview.audio.stage8.cache.miss | range=9600..<57600 revision=ProjectRevision(raw: 1) epoch=PlaybackEpoch(raw: 1) planIdLen=1647
[MEM-EVENT] preview.audio.stage8.render.decode | source=app.audio.source.imported:D50F6AD6-4D5B-4277-81C8-4C3E750ABC2D sourceStart=1/5 frameCount=48000 intersectionFrames=48000 elapsedMs=33.70
[MEM-EVENT] preview.audio.stage8.render.decode | source=app.audio.source.videoLayer:scene-0-BBB22040-71D4-4001-8BBD-73623FEC4324:block_01 sourceStart=1/5 frameCount=48000 intersectionFrames=48000 elapsedMs=23.15
[MEM-EVENT] preview.audio.stage8.render.total | range=9600..<57600 segments=3 sources=2 elapsedMs=71.38
[MEM-EVENT] preview.audio.stage8.cache.store | range=9600..<57600 revision=ProjectRevision(raw: 1) epoch=PlaybackEpoch(raw: 1) planIdLen=1647
[MEM-EVENT] preview.audio.canonical.render.end | sources=2
[MEM-EVENT] preview.audio.canonical.nextChunk.render.end | range=9600..<57600 sourceCount=2
[MEM-EVENT] preview.audio.canonical.nextChunk.schedule.begin | range=9600..<57600 sources=2
[MEM-EVENT] preview.audio.canonical.nextChunk.schedule.end | range=9600..<57600 scheduled=1
[MEM-EVENT] preview.audio.canonical.nextChunk.requested | range=57600..<105600 gen=2 inFlight=1
[MEM-EVENT] preview.audio.canonical.nextChunk.render.begin | range=57600..<105600 gen=2
[MEM-EVENT] preview.audio.canonical.render.begin | segments=3 range=57600..<105600
[MEM-EVENT] preview.audio.stage8.cache.miss | range=57600..<105600 revision=ProjectRevision(raw: 1) epoch=PlaybackEpoch(raw: 1) planIdLen=1647
[MEM-EVENT] preview.audio.stage8.render.decode | source=app.audio.source.imported:D50F6AD6-4D5B-4277-81C8-4C3E750ABC2D sourceStart=6/5 frameCount=48000 intersectionFrames=48000 elapsedMs=30.19
[MEM-EVENT] preview.audio.stage8.render.decode | source=app.audio.source.videoLayer:scene-0-BBB22040-71D4-4001-8BBD-73623FEC4324:block_01 sourceStart=6/5 frameCount=48000 intersectionFrames=48000 elapsedMs=24.68
[MEM-EVENT] preview.audio.stage8.render.total | range=57600..<105600 segments=3 sources=2 elapsedMs=68.59
[MEM-EVENT] preview.audio.stage8.cache.store | range=57600..<105600 revision=ProjectRevision(raw: 1) epoch=PlaybackEpoch(raw: 1) planIdLen=1647
[MEM-EVENT] preview.audio.canonical.render.end | sources=2
[MEM-EVENT] preview.audio.canonical.nextChunk.render.end | range=57600..<105600 sourceCount=2
[MEM-EVENT] preview.audio.canonical.nextChunk.schedule.begin | range=57600..<105600 sources=2
[MEM-EVENT] preview.audio.canonical.nextChunk.schedule.end | range=57600..<105600 scheduled=1
[MEM-EVENT] preview.audio.canonical.nextChunk.requested | range=105600..<153600 gen=2 inFlight=1
[MEM-EVENT] preview.audio.canonical.nextChunk.render.begin | range=105600..<153600 gen=2
[MEM-EVENT] preview.audio.canonical.render.begin | segments=3 range=105600..<153600
[MEM-EVENT] preview.audio.stage8.cache.miss | range=105600..<153600 revision=ProjectRevision(raw: 1) epoch=PlaybackEpoch(raw: 1) planIdLen=1647
[MEM-EVENT] preview.audio.stage8.render.decode | source=app.audio.source.imported:D50F6AD6-4D5B-4277-81C8-4C3E750ABC2D sourceStart=11/5 frameCount=48000 intersectionFrames=48000 elapsedMs=30.01
[MEM-DIAG] editor.close.after.2s | footprint: 173MB | resident: 98MB | available: 2898MB | metal: 129MB | SceneInstanceRuntime: 2 | UserMediaService: 3 | VideoFrameProvider: 2
[MEM-EVENT] preview.audio.stage8.render.decode | source=app.audio.source.videoLayer:scene-0-BBB22040-71D4-4001-8BBD-73623FEC4324:block_01 sourceStart=11/5 frameCount=48000 intersectionFrames=48000 elapsedMs=23.52
[MEM-EVENT] preview.audio.stage8.render.total | range=105600..<153600 segments=3 sources=2 elapsedMs=67.38
[MEM-EVENT] preview.audio.stage8.cache.store | range=105600..<153600 revision=ProjectRevision(raw: 1) epoch=PlaybackEpoch(raw: 1) planIdLen=1647
[MEM-EVENT] preview.audio.canonical.render.end | sources=2
[MEM-EVENT] preview.audio.canonical.nextChunk.render.end | range=105600..<153600 sourceCount=2
[MEM-EVENT] preview.audio.canonical.nextChunk.schedule.begin | range=105600..<153600 sources=2
[MEM-EVENT] preview.audio.canonical.nextChunk.schedule.end | range=105600..<153600 scheduled=1
[MEM-EVENT] preview.audio.canonical.nextChunk.requested | range=153600..<201600 gen=2 inFlight=1
[MEM-EVENT] preview.audio.canonical.nextChunk.render.begin | range=153600..<201600 gen=2
[MEM-EVENT] preview.audio.canonical.render.begin | segments=3 range=153600..<201600
[MEM-EVENT] preview.audio.stage8.cache.miss | range=153600..<201600 revision=ProjectRevision(raw: 1) epoch=PlaybackEpoch(raw: 1) planIdLen=1647
[MEM-EVENT] preview.audio.stage8.render.decode | source=app.audio.source.imported:D50F6AD6-4D5B-4277-81C8-4C3E750ABC2D sourceStart=16/5 frameCount=48000 intersectionFrames=48000 elapsedMs=31.76
[MEM-EVENT] preview.audio.stage8.render.decode | source=app.audio.source.videoLayer:scene-0-BBB22040-71D4-4001-8BBD-73623FEC4324:block_01 sourceStart=16/5 frameCount=48000 intersectionFrames=48000 elapsedMs=24.57
[MEM-EVENT] preview.audio.stage8.render.total | range=153600..<201600 segments=3 sources=2 elapsedMs=69.99
[MEM-EVENT] preview.audio.stage8.cache.store | range=153600..<201600 revision=ProjectRevision(raw: 1) epoch=PlaybackEpoch(raw: 1) planIdLen=1647
[MEM-EVENT] preview.audio.canonical.render.end | sources=2
[MEM-EVENT] preview.audio.canonical.nextChunk.render.end | range=153600..<201600 sourceCount=2
[MEM-EVENT] preview.audio.canonical.nextChunk.schedule.begin | range=153600..<201600 sources=2
[MEM-EVENT] preview.audio.canonical.nextChunk.schedule.end | range=153600..<201600 scheduled=1
[MEM-EVENT] preview.audio.canonical.nextChunk.requested | range=201600..<249600 gen=2 inFlight=1
[MEM-EVENT] preview.audio.canonical.nextChunk.render.begin | range=201600..<249600 gen=2
[MEM-EVENT] preview.audio.canonical.render.begin | segments=3 range=201600..<249600
[MEM-EVENT] preview.audio.stage8.cache.miss | range=201600..<249600 revision=ProjectRevision(raw: 1) epoch=PlaybackEpoch(raw: 1) planIdLen=1647
[MEM-EVENT] preview.audio.stage8.render.decode | source=app.audio.source.imported:D50F6AD6-4D5B-4277-81C8-4C3E750ABC2D sourceStart=21/5 frameCount=48000 intersectionFrames=48000 elapsedMs=29.74
[MEM-EVENT] preview.audio.stage8.render.decode | source=app.audio.source.videoLayer:scene-0-BBB22040-71D4-4001-8BBD-73623FEC4324:block_01 sourceStart=21/5 frameCount=48000 intersectionFrames=48000 elapsedMs=25.34
[MEM-EVENT] preview.audio.stage8.render.total | range=201600..<249600 segments=3 sources=2 elapsedMs=68.91
[MEM-EVENT] preview.audio.stage8.cache.store | range=201600..<249600 revision=ProjectRevision(raw: 1) epoch=PlaybackEpoch(raw: 1) planIdLen=1647
[MEM-EVENT] preview.audio.canonical.render.end | sources=2
[MEM-EVENT] preview.audio.canonical.nextChunk.render.end | range=201600..<249600 sourceCount=2
[MEM-EVENT] preview.audio.canonical.nextChunk.schedule.begin | range=201600..<249600 sources=2
[MEM-EVENT] preview.audio.canonical.nextChunk.schedule.end | range=201600..<249600 scheduled=1
[MEM-EVENT] preview.audio.canonical.nextChunk.requested | range=249600..<297600 gen=2 inFlight=1
[MEM-EVENT] preview.audio.canonical.nextChunk.render.begin | range=249600..<297600 gen=2
[MEM-EVENT] preview.audio.canonical.render.begin | segments=3 range=249600..<297600
[MEM-EVENT] preview.audio.stage8.cache.miss | range=249600..<297600 revision=ProjectRevision(raw: 1) epoch=PlaybackEpoch(raw: 1) planIdLen=1647
[MEM-EVENT] preview.audio.stage8.render.decode | source=app.audio.source.imported:D50F6AD6-4D5B-4277-81C8-4C3E750ABC2D sourceStart=26/5 frameCount=48000 intersectionFrames=48000 elapsedMs=30.08
[MEM-EVENT] preview.audio.stage8.render.decode | source=app.audio.source.videoLayer:scene-0-BBB22040-71D4-4001-8BBD-73623FEC4324:block_01 sourceStart=26/5 frameCount=48000 intersectionFrames=48000 elapsedMs=25.82
[MEM-EVENT] preview.audio.stage8.render.total | range=249600..<297600 segments=3 sources=2 elapsedMs=69.96
[MEM-EVENT] preview.audio.stage8.cache.store | range=249600..<297600 revision=ProjectRevision(raw: 1) epoch=PlaybackEpoch(raw: 1) planIdLen=1647
[MEM-EVENT] preview.audio.canonical.render.end | sources=2
[MEM-EVENT] preview.audio.canonical.nextChunk.render.end | range=249600..<297600 sourceCount=2
[MEM-EVENT] preview.audio.canonical.nextChunk.schedule.begin | range=249600..<297600 sources=2
[MEM-EVENT] preview.audio.canonical.nextChunk.schedule.end | range=249600..<297600 scheduled=1
[MEM-EVENT] preview.audio.canonical.nextChunk.requested | range=297600..<345600 gen=2 inFlight=1
[MEM-EVENT] preview.audio.canonical.nextChunk.render.begin | range=297600..<345600 gen=2
[MEM-EVENT] preview.audio.canonical.render.begin | segments=3 range=297600..<345600
[MEM-EVENT] preview.audio.stage8.cache.miss | range=297600..<345600 revision=ProjectRevision(raw: 1) epoch=PlaybackEpoch(raw: 1) planIdLen=1647
[MEM-EVENT] preview.audio.stage8.render.decode | source=app.audio.source.imported:D50F6AD6-4D5B-4277-81C8-4C3E750ABC2D sourceStart=31/5 frameCount=48000 intersectionFrames=48000 elapsedMs=30.94
[MEM-EVENT] preview.audio.stage8.render.decode | source=app.audio.source.videoLayer:scene-0-BBB22040-71D4-4001-8BBD-73623FEC4324:block_01 sourceStart=31/5 frameCount=48000 intersectionFrames=48000 elapsedMs=26.49
[MEM-EVENT] preview.audio.stage8.render.total | range=297600..<345600 segments=3 sources=2 elapsedMs=71.20
[MEM-EVENT] preview.audio.stage8.cache.store | range=297600..<345600 revision=ProjectRevision(raw: 1) epoch=PlaybackEpoch(raw: 1) planIdLen=1647
[MEM-EVENT] preview.audio.canonical.render.end | sources=2
[MEM-EVENT] preview.audio.canonical.nextChunk.render.end | range=297600..<345600 sourceCount=2
[MEM-EVENT] preview.audio.canonical.nextChunk.schedule.begin | range=297600..<345600 sources=2
[MEM-EVENT] preview.audio.canonical.nextChunk.schedule.end | range=297600..<345600 scheduled=1
[MEM-EVENT] preview.audio.canonical.nextChunk.requested | range=345600..<393600 gen=2 inFlight=1
[MEM-EVENT] preview.audio.canonical.nextChunk.render.begin | range=345600..<393600 gen=2
[MEM-EVENT] preview.audio.canonical.render.begin | segments=3 range=345600..<393600
[MEM-EVENT] preview.audio.stage8.cache.miss | range=345600..<393600 revision=ProjectRevision(raw: 1) epoch=PlaybackEpoch(raw: 1) planIdLen=1647
[MEM-EVENT] preview.audio.stage8.render.decode | source=app.audio.source.imported:D50F6AD6-4D5B-4277-81C8-4C3E750ABC2D sourceStart=36/5 frameCount=48000 intersectionFrames=48000 elapsedMs=29.22
[MEM-EVENT] preview.audio.stage8.render.decode | source=app.audio.source.videoLayer:scene-0-BBB22040-71D4-4001-8BBD-73623FEC4324:block_01 sourceStart=36/5 frameCount=48000 intersectionFrames=48000 elapsedMs=23.45
[MEM-EVENT] preview.audio.stage8.render.total | range=345600..<393600 segments=3 sources=2 elapsedMs=66.71
[MEM-EVENT] preview.audio.stage8.cache.store | range=345600..<393600 revision=ProjectRevision(raw: 1) epoch=PlaybackEpoch(raw: 1) planIdLen=1647
[MEM-EVENT] preview.audio.canonical.render.end | sources=2
[MEM-EVENT] preview.audio.canonical.nextChunk.render.end | range=345600..<393600 sourceCount=2
[MEM-EVENT] preview.audio.canonical.nextChunk.schedule.begin | range=345600..<393600 sources=2
[MEM-EVENT] preview.audio.canonical.nextChunk.schedule.end | range=345600..<393600 scheduled=1
[MEM-EVENT] preview.audio.canonical.nextChunk.requested | range=393600..<441600 gen=2 inFlight=1
[MEM-EVENT] preview.audio.canonical.nextChunk.render.begin | range=393600..<441600 gen=2
[MEM-EVENT] preview.audio.canonical.render.begin | segments=3 range=393600..<441600
[MEM-EVENT] preview.audio.stage8.cache.miss | range=393600..<441600 revision=ProjectRevision(raw: 1) epoch=PlaybackEpoch(raw: 1) planIdLen=1647
[MEM-EVENT] preview.audio.stage8.render.decode | source=app.audio.source.imported:D50F6AD6-4D5B-4277-81C8-4C3E750ABC2D sourceStart=41/5 frameCount=48000 intersectionFrames=48000 elapsedMs=29.55
[MEM-EVENT] preview.audio.stage8.render.decode | source=app.audio.source.videoLayer:scene-0-BBB22040-71D4-4001-8BBD-73623FEC4324:block_01 sourceStart=41/5 frameCount=48000 intersectionFrames=48000 elapsedMs=25.84
[MEM-EVENT] preview.audio.stage8.render.total | range=393600..<441600 segments=3 sources=2 elapsedMs=69.06
[MEM-EVENT] preview.audio.stage8.cache.store | range=393600..<441600 revision=ProjectRevision(raw: 1) epoch=PlaybackEpoch(raw: 1) planIdLen=1647
[MEM-EVENT] preview.audio.canonical.render.end | sources=2
[MEM-EVENT] preview.audio.canonical.nextChunk.render.end | range=393600..<441600 sourceCount=2
[MEM-EVENT] preview.audio.canonical.nextChunk.schedule.begin | range=393600..<441600 sources=2
[MEM-EVENT] preview.audio.canonical.nextChunk.schedule.end | range=393600..<441600 scheduled=1
[MEM-EVENT] preview.audio.canonical.nextChunk.requested | range=441600..<489600 gen=2 inFlight=1
[MEM-EVENT] preview.audio.canonical.nextChunk.render.begin | range=441600..<489600 gen=2
[PERF] FPS: 19.5 | CPU: 46.1% (1core), 7.7% (all) | MEM: 100MB res, 191MB foot | GPU: n/a | DRAW: avg 0.00ms, p95 0.00ms, max 0.00ms
[MEM-EVENT] preview.audio.canonical.render.begin | segments=3 range=441600..<489600
[MEM-EVENT] preview.audio.stage8.cache.miss | range=441600..<489600 revision=ProjectRevision(raw: 1) epoch=PlaybackEpoch(raw: 1) planIdLen=1647
[MEM-EVENT] preview.audio.stage8.render.decode | source=app.audio.source.imported:D50F6AD6-4D5B-4277-81C8-4C3E750ABC2D sourceStart=46/5 frameCount=48000 intersectionFrames=48000 elapsedMs=30.29
[MEM-EVENT] preview.audio.stage8.render.decode | source=app.audio.source.videoLayer:scene-0-BBB22040-71D4-4001-8BBD-73623FEC4324:block_01 sourceStart=46/5 frameCount=48000 intersectionFrames=48000 elapsedMs=24.20
[MEM-EVENT] preview.audio.stage8.render.total | range=441600..<489600 segments=3 sources=2 elapsedMs=68.81
[MEM-EVENT] preview.audio.stage8.cache.store | range=441600..<489600 revision=ProjectRevision(raw: 1) epoch=PlaybackEpoch(raw: 1) planIdLen=1647
[MEM-EVENT] preview.audio.canonical.render.end | sources=2
[MEM-EVENT] preview.audio.canonical.nextChunk.render.end | range=441600..<489600 sourceCount=2
[MEM-EVENT] preview.audio.canonical.nextChunk.schedule.begin | range=441600..<489600 sources=2
[MEM-EVENT] preview.audio.canonical.nextChunk.schedule.end | range=441600..<489600 scheduled=1
[MEM-EVENT] preview.audio.canonical.nextChunk.requested | range=489600..<537600 gen=2 inFlight=1
[MEM-EVENT] preview.audio.canonical.nextChunk.render.begin | range=489600..<537600 gen=2
[MEM-EVENT] preview.audio.canonical.render.begin | segments=3 range=489600..<537600
[MEM-EVENT] preview.audio.stage8.cache.miss | range=489600..<537600 revision=ProjectRevision(raw: 1) epoch=PlaybackEpoch(raw: 1) planIdLen=1647
[MEM-EVENT] preview.audio.stage8.render.decode | source=app.audio.source.imported:D50F6AD6-4D5B-4277-81C8-4C3E750ABC2D sourceStart=51/5 frameCount=48000 intersectionFrames=48000 elapsedMs=29.61
[MEM-EVENT] playback.audio.stop.begin
[MEM-EVENT] displayLink.invalidate | obj=5862010516033964041
[MEM-EVENT] VideoFrameProvider.stopPlayback | obj=-4324266198413219050 flush=false hasPlaybackTex=true hasStillTex=true hasInteractiveTex=false hasHoldTex=false
[MEM-EVENT] preview.audio.stage8.render.decode | source=app.audio.source.videoLayer:scene-0-BBB22040-71D4-4001-8BBD-73623FEC4324:block_01 sourceStart=51/5 frameCount=48000 intersectionFrames=48000 elapsedMs=82.80
[MEM-EVENT] preview.audio.stage8.render.total | range=489600..<537600 segments=3 sources=2 elapsedMs=128.07
[MEM-EVENT] preview.audio.stage8.cache.store | range=489600..<537600 revision=ProjectRevision(raw: 1) epoch=PlaybackEpoch(raw: 1) planIdLen=1647
[MEM-EVENT] preview.audio.canonical.render.end | sources=2
[MEM-EVENT] preview.audio.canonical.nextChunk.dropped | gen=2 current=4 reason=staleOrStopped
[SCRUB-DIAG] FINAL - scroll: 0.0/s | scrubChanged: 0.0/s | playhead: 0.0/s (elapsed: 12.35s)
[SCRUB-DIAG] FINAL - scroll: 0.0/s | scrubChanged: 0.0/s | playhead: 0.0/s (elapsed: 0.59s)
[MEM-EVENT] audio.session.activate.begin
[MEM-EVENT] audio.session.activate.end | ok=1
[MEM-EVENT] playback.audio.start.begin | compressedFrame=226 projectTimeUs=7533333 state=timelinePreview isPlayingBefore=0
[MEM-EVENT] displayLink.create | obj=5862010516033964041
[MEM-DIAG] playback.start | footprint: 190MB | resident: 100MB | available: 2882MB | metal: 153MB | SceneInstanceRuntime: 2 | UserMediaService: 3 | VideoFrameProvider: 2
[MEM-EVENT] playback.audio.previewStart.call | projectTimeUs=7533333 hostTime=206014.1353896667
[MEM-EVENT] preview.audio.select | toggle=ON controller=Canonical
[MEM-EVENT] preview.audio.start | dirty=0 hasPipeline=1 readiness=primed
[MEM-EVENT] preview.audio.canonical.legacyGateBypassed | seconds=7.533333 hostTime=206014.1353896667
[MEM-EVENT] preview.audio.canonical.startPlayback.call | seconds=7.533333
[MEM-EVENT] preview.audio.stage8.startPlayback.call | sinceStartMs=0.01 fromSeconds=7.533333
[MEM-EVENT] preview.audio.stage8.plan.eval | sinceStartMs=3.48 elapsedMs=3.33 segments=3
[MEM-EVENT] preview.audio.canonical.plan | segments=3 fromSeconds=7.533333
[MEM-EVENT] preview.audio.stage8.setup.end | sinceStartMs=7.81 graph+session+output+anchor done
[MEM-EVENT] preview.audio.canonical.preroll.build.begin | planSegments=3 range=361599..<371199 gen=5
[MEM-EVENT] preview.audio.stage8.preroll.begin | sinceStartMs=7.93 range=361599..<371199 sampleCount=9600 initialPrerollSamples=9600 maxChunkSamples=48000
[MEM-EVENT] preview.audio.canonical.render.begin | segments=3 range=361599..<371199
[MEM-EVENT] preview.audio.stage8.cache.miss | range=361599..<371199 revision=ProjectRevision(raw: 2) epoch=PlaybackEpoch(raw: 2) planIdLen=1647
[VideoFrameProvider] playback: 38 OK, 0 nil (0.0%) | itemTime=1.315s | lastExtracted=1.313s | active=true
[MEM-EVENT] preview.audio.canonical.firstFrameSignal | delivered=1
[MEM-EVENT] preview.audio.stage8.firstFrameSignal | sinceStartMs=13.63 barrierReason=firstFrameArrivedPrerollNotReady
[MEM-EVENT] preview.audio.stage8.render.decode | source=app.audio.source.imported:D50F6AD6-4D5B-4277-81C8-4C3E750ABC2D sourceStart=120533/16000 frameCount=9600 intersectionFrames=9600 elapsedMs=59.54
[MEM-EVENT] preview.audio.stage8.render.decode | source=app.audio.source.videoLayer:scene-0-BBB22040-71D4-4001-8BBD-73623FEC4324:block_01 sourceStart=120533/16000 frameCount=9600 intersectionFrames=9600 elapsedMs=31.70
[MEM-EVENT] preview.audio.stage8.render.total | range=361599..<371199 segments=3 sources=2 elapsedMs=95.68
[MEM-EVENT] preview.audio.stage8.cache.store | range=361599..<371199 revision=ProjectRevision(raw: 2) epoch=PlaybackEpoch(raw: 2) planIdLen=1647
[MEM-EVENT] preview.audio.canonical.render.end | sources=2
[MEM-EVENT] preview.audio.canonical.preroll.build.end | sourceCount=2 bufferCount=2
[MEM-EVENT] preview.audio.stage8.preroll.end | sinceStartMs=104.48 renderElapsedMs=96.55 sourceCount=2
[MEM-EVENT] preview.audio.stage8.barrier.cross | sinceStartMs=104.50
[MEM-EVENT] preview.audio.canonical.graph.schedule.begin | sources=2
[MEM-EVENT] preview.audio.canonical.graph.schedule.end | scheduled=1
[MEM-EVENT] preview.audio.stage8.graph.schedule.end | sinceStartMs=146.13 scheduleMs=41.62
[MEM-EVENT] preview.audio.canonical.engine.start.begin
[MEM-EVENT] preview.audio.canonical.player.play.begin
[MEM-EVENT] preview.audio.canonical.player.play.end
[MEM-EVENT] preview.audio.canonical.engine.start.end
[MEM-EVENT] preview.audio.stage8.player.play.end | sinceStartMs=146.16 playStartMs=0.02
[MEM-EVENT] preview.audio.canonical.scheduled | scheduled=1 sources=2 started=1
[MEM-EVENT] preview.audio.stage8.scheduled.total | sinceStartMs=146.17 totalStartToScheduledMs=146.16
[MEM-EVENT] preview.audio.canonical.nextChunk.requested | range=371199..<419199 gen=6 inFlight=1
[MEM-EVENT] preview.audio.canonical.nextChunk.render.begin | range=371199..<419199 gen=6
[MEM-EVENT] preview.audio.canonical.render.begin | segments=3 range=371199..<419199
[MEM-EVENT] preview.audio.stage8.cache.miss | range=371199..<419199 revision=ProjectRevision(raw: 2) epoch=PlaybackEpoch(raw: 2) planIdLen=1647
[MEM-EVENT] preview.audio.stage8.render.decode | source=app.audio.source.imported:D50F6AD6-4D5B-4277-81C8-4C3E750ABC2D sourceStart=123733/16000 frameCount=48000 intersectionFrames=48000 elapsedMs=29.90
[MEM-EVENT] preview.audio.stage8.render.decode | source=app.audio.source.videoLayer:scene-0-BBB22040-71D4-4001-8BBD-73623FEC4324:block_01 sourceStart=123733/16000 frameCount=48000 intersectionFrames=48000 elapsedMs=24.59
[MEM-EVENT] preview.audio.stage8.render.total | range=371199..<419199 segments=3 sources=2 elapsedMs=68.87
[MEM-EVENT] preview.audio.stage8.cache.store | range=371199..<419199 revision=ProjectRevision(raw: 2) epoch=PlaybackEpoch(raw: 2) planIdLen=1647
[MEM-EVENT] preview.audio.canonical.render.end | sources=2
[MEM-EVENT] preview.audio.canonical.nextChunk.render.end | range=371199..<419199 sourceCount=2
[MEM-EVENT] preview.audio.canonical.nextChunk.schedule.begin | range=371199..<419199 sources=2
[MEM-EVENT] preview.audio.canonical.nextChunk.schedule.end | range=371199..<419199 scheduled=1
[MEM-EVENT] preview.audio.canonical.nextChunk.requested | range=419199..<467199 gen=6 inFlight=1
[MEM-EVENT] preview.audio.canonical.nextChunk.render.begin | range=419199..<467199 gen=6
[MEM-EVENT] preview.audio.canonical.render.begin | segments=3 range=419199..<467199
[MEM-EVENT] preview.audio.stage8.cache.miss | range=419199..<467199 revision=ProjectRevision(raw: 2) epoch=PlaybackEpoch(raw: 2) planIdLen=1647
[MEM-EVENT] preview.audio.stage8.render.decode | source=app.audio.source.imported:D50F6AD6-4D5B-4277-81C8-4C3E750ABC2D sourceStart=139733/16000 frameCount=48000 intersectionFrames=48000 elapsedMs=31.38
[MEM-EVENT] preview.audio.stage8.render.decode | source=app.audio.source.videoLayer:scene-0-BBB22040-71D4-4001-8BBD-73623FEC4324:block_01 sourceStart=139733/16000 frameCount=48000 intersectionFrames=48000 elapsedMs=25.65
[MEM-EVENT] preview.audio.stage8.render.total | range=419199..<467199 segments=3 sources=2 elapsedMs=70.78
[MEM-EVENT] preview.audio.stage8.cache.store | range=419199..<467199 revision=ProjectRevision(raw: 2) epoch=PlaybackEpoch(raw: 2) planIdLen=1647
[MEM-EVENT] preview.audio.canonical.render.end | sources=2
[MEM-EVENT] preview.audio.canonical.nextChunk.render.end | range=419199..<467199 sourceCount=2
[MEM-EVENT] preview.audio.canonical.nextChunk.schedule.begin | range=419199..<467199 sources=2
[MEM-EVENT] preview.audio.canonical.nextChunk.schedule.end | range=419199..<467199 scheduled=1
[MEM-EVENT] preview.audio.canonical.nextChunk.requested | range=467199..<515199 gen=6 inFlight=1
[MEM-EVENT] preview.audio.canonical.nextChunk.render.begin | range=467199..<515199 gen=6
[MEM-EVENT] preview.audio.canonical.render.begin | segments=3 range=467199..<515199
[MEM-EVENT] preview.audio.stage8.cache.miss | range=467199..<515199 revision=ProjectRevision(raw: 2) epoch=PlaybackEpoch(raw: 2) planIdLen=1647
[PERF] FPS: 18.5 | CPU: 24.2% (1core), 4.0% (all) | MEM: 100MB res, 166MB foot | GPU: n/a | DRAW: avg 0.00ms, p95 0.00ms, max 0.00ms
[MEM-EVENT] preview.audio.stage8.render.decode | source=app.audio.source.imported:D50F6AD6-4D5B-4277-81C8-4C3E750ABC2D sourceStart=155733/16000 frameCount=48000 intersectionFrames=48000 elapsedMs=29.23
[MEM-EVENT] preview.audio.stage8.render.decode | source=app.audio.source.videoLayer:scene-0-BBB22040-71D4-4001-8BBD-73623FEC4324:block_01 sourceStart=155733/16000 frameCount=48000 intersectionFrames=48000 elapsedMs=25.72
[MEM-EVENT] preview.audio.stage8.render.total | range=467199..<515199 segments=3 sources=2 elapsedMs=68.78
[MEM-EVENT] preview.audio.stage8.cache.store | range=467199..<515199 revision=ProjectRevision(raw: 2) epoch=PlaybackEpoch(raw: 2) planIdLen=1647
[MEM-EVENT] preview.audio.canonical.render.end | sources=2
[MEM-EVENT] preview.audio.canonical.nextChunk.render.end | range=467199..<515199 sourceCount=2
[MEM-EVENT] preview.audio.canonical.nextChunk.schedule.begin | range=467199..<515199 sources=2
[MEM-EVENT] preview.audio.canonical.nextChunk.schedule.end | range=467199..<515199 scheduled=1
[MEM-EVENT] preview.audio.canonical.nextChunk.requested | range=515199..<563199 gen=6 inFlight=1
[MEM-EVENT] preview.audio.canonical.nextChunk.render.begin | range=515199..<563199 gen=6
[MEM-EVENT] preview.audio.canonical.render.begin | segments=3 range=515199..<563199
[MEM-EVENT] preview.audio.stage8.cache.miss | range=515199..<563199 revision=ProjectRevision(raw: 2) epoch=PlaybackEpoch(raw: 2) planIdLen=1647
[MEM-EVENT] preview.audio.stage8.render.decode | source=app.audio.source.imported:D50F6AD6-4D5B-4277-81C8-4C3E750ABC2D sourceStart=171733/16000 frameCount=48000 intersectionFrames=48000 elapsedMs=31.26
[MEM-EVENT] preview.audio.stage8.render.decode | source=app.audio.source.videoLayer:scene-0-BBB22040-71D4-4001-8BBD-73623FEC4324:block_01 sourceStart=171733/16000 frameCount=48000 intersectionFrames=48000 elapsedMs=24.53
[MEM-EVENT] preview.audio.stage8.render.total | range=515199..<563199 segments=3 sources=2 elapsedMs=69.82
[MEM-EVENT] preview.audio.stage8.cache.store | range=515199..<563199 revision=ProjectRevision(raw: 2) epoch=PlaybackEpoch(raw: 2) planIdLen=1647
[MEM-EVENT] preview.audio.canonical.render.end | sources=2
[MEM-EVENT] preview.audio.canonical.nextChunk.render.end | range=515199..<563199 sourceCount=2
[MEM-EVENT] preview.audio.canonical.nextChunk.schedule.begin | range=515199..<563199 sources=2
[MEM-EVENT] preview.audio.canonical.nextChunk.schedule.end | range=515199..<563199 scheduled=1
[MEM-EVENT] preview.audio.canonical.nextChunk.requested | range=563199..<611199 gen=6 inFlight=1
[MEM-EVENT] preview.audio.canonical.nextChunk.render.begin | range=563199..<611199 gen=6
[MEM-EVENT] preview.audio.canonical.render.begin | segments=3 range=563199..<611199
[MEM-EVENT] preview.audio.stage8.cache.miss | range=563199..<611199 revision=ProjectRevision(raw: 2) epoch=PlaybackEpoch(raw: 2) planIdLen=1647
[MEM-EVENT] preview.audio.stage8.render.decode | source=app.audio.source.imported:D50F6AD6-4D5B-4277-81C8-4C3E750ABC2D sourceStart=187733/16000 frameCount=48000 intersectionFrames=48000 elapsedMs=30.20
[MEM-EVENT] preview.audio.stage8.render.decode | source=app.audio.source.videoLayer:scene-0-BBB22040-71D4-4001-8BBD-73623FEC4324:block_01 sourceStart=187733/16000 frameCount=48000 intersectionFrames=48000 elapsedMs=26.37
[MEM-EVENT] preview.audio.stage8.render.total | range=563199..<611199 segments=3 sources=2 elapsedMs=70.51
[MEM-EVENT] preview.audio.stage8.cache.store | range=563199..<611199 revision=ProjectRevision(raw: 2) epoch=PlaybackEpoch(raw: 2) planIdLen=1647
[MEM-EVENT] preview.audio.canonical.render.end | sources=2
[MEM-EVENT] preview.audio.canonical.nextChunk.render.end | range=563199..<611199 sourceCount=2
[MEM-EVENT] preview.audio.canonical.nextChunk.schedule.begin | range=563199..<611199 sources=2
[MEM-EVENT] preview.audio.canonical.nextChunk.schedule.end | range=563199..<611199 scheduled=1
[MEM-EVENT] preview.audio.canonical.nextChunk.requested | range=611199..<659199 gen=6 inFlight=1
[MEM-EVENT] preview.audio.canonical.nextChunk.render.begin | range=611199..<659199 gen=6
[MEM-EVENT] preview.audio.canonical.render.begin | segments=3 range=611199..<659199
[MEM-EVENT] preview.audio.stage8.cache.miss | range=611199..<659199 revision=ProjectRevision(raw: 2) epoch=PlaybackEpoch(raw: 2) planIdLen=1647
[MEM-EVENT] preview.audio.stage8.render.decode | source=app.audio.source.imported:D50F6AD6-4D5B-4277-81C8-4C3E750ABC2D sourceStart=203733/16000 frameCount=48000 intersectionFrames=48000 elapsedMs=30.47
[MEM-EVENT] preview.audio.stage8.render.decode | source=app.audio.source.videoLayer:scene-0-BBB22040-71D4-4001-8BBD-73623FEC4324:block_01 sourceStart=203733/16000 frameCount=48000 intersectionFrames=48000 elapsedMs=24.86
[MEM-EVENT] preview.audio.stage8.render.total | range=611199..<659199 segments=3 sources=2 elapsedMs=69.42
[MEM-EVENT] preview.audio.stage8.cache.store | range=611199..<659199 revision=ProjectRevision(raw: 2) epoch=PlaybackEpoch(raw: 2) planIdLen=1647
[MEM-EVENT] preview.audio.canonical.render.end | sources=2
[MEM-EVENT] preview.audio.canonical.nextChunk.render.end | range=611199..<659199 sourceCount=2
[MEM-EVENT] preview.audio.canonical.nextChunk.schedule.begin | range=611199..<659199 sources=2
[MEM-EVENT] preview.audio.canonical.nextChunk.schedule.end | range=611199..<659199 scheduled=1
[MEM-EVENT] preview.audio.canonical.nextChunk.requested | range=659199..<707199 gen=6 inFlight=1
[MEM-EVENT] preview.audio.canonical.nextChunk.render.begin | range=659199..<707199 gen=6
[MEM-EVENT] preview.audio.canonical.render.begin | segments=3 range=659199..<707199
[MEM-EVENT] preview.audio.stage8.cache.miss | range=659199..<707199 revision=ProjectRevision(raw: 2) epoch=PlaybackEpoch(raw: 2) planIdLen=1647
[MEM-EVENT] preview.audio.stage8.render.decode | source=app.audio.source.imported:D50F6AD6-4D5B-4277-81C8-4C3E750ABC2D sourceStart=219733/16000 frameCount=48000 intersectionFrames=48000 elapsedMs=30.81
[MEM-EVENT] preview.audio.stage8.render.decode | source=app.audio.source.videoLayer:scene-0-BBB22040-71D4-4001-8BBD-73623FEC4324:block_01 sourceStart=219733/16000 frameCount=48000 intersectionFrames=48000 elapsedMs=25.90
[MEM-EVENT] preview.audio.stage8.render.total | range=659199..<707199 segments=3 sources=2 elapsedMs=70.54
[MEM-EVENT] preview.audio.stage8.cache.store | range=659199..<707199 revision=ProjectRevision(raw: 2) epoch=PlaybackEpoch(raw: 2) planIdLen=1647
[MEM-EVENT] preview.audio.canonical.render.end | sources=2
[MEM-EVENT] preview.audio.canonical.nextChunk.render.end | range=659199..<707199 sourceCount=2
[MEM-EVENT] preview.audio.canonical.nextChunk.schedule.begin | range=659199..<707199 sources=2
[MEM-EVENT] preview.audio.canonical.nextChunk.schedule.end | range=659199..<707199 scheduled=1
[MEM-EVENT] preview.audio.canonical.nextChunk.requested | range=707199..<755199 gen=6 inFlight=1
[MEM-EVENT] playback.audio.stop.begin
[MEM-EVENT] displayLink.invalidate | obj=5862010516033964041
[MEM-EVENT] VideoFrameProvider.stopPlayback | obj=-4324266198413219050 flush=false hasPlaybackTex=true hasStillTex=true hasInteractiveTex=true hasHoldTex=false
[MEM-EVENT] preview.audio.canonical.nextChunk.render.begin | range=707199..<755199 gen=6
[MEM-EVENT] preview.audio.canonical.render.begin | segments=3 range=707199..<755199
[MEM-EVENT] preview.audio.stage8.cache.miss | range=707199..<755199 revision=ProjectRevision(raw: 2) epoch=PlaybackEpoch(raw: 2) planIdLen=1647
[MEM-EVENT] preview.audio.stage8.render.decode | source=app.audio.source.imported:D50F6AD6-4D5B-4277-81C8-4C3E750ABC2D sourceStart=235733/16000 frameCount=48000 intersectionFrames=48000 elapsedMs=73.73
[MEM-EVENT] preview.audio.stage8.render.decode | source=app.audio.source.videoLayer:scene-0-BBB22040-71D4-4001-8BBD-73623FEC4324:block_01 sourceStart=235733/16000 frameCount=48000 intersectionFrames=48000 elapsedMs=24.26
[MEM-EVENT] preview.audio.stage8.render.total | range=707199..<755199 segments=3 sources=2 elapsedMs=111.50
[MEM-EVENT] preview.audio.stage8.cache.store | range=707199..<755199 revision=ProjectRevision(raw: 2) epoch=PlaybackEpoch(raw: 2) planIdLen=1647
[MEM-EVENT] preview.audio.canonical.render.end | sources=2
[MEM-EVENT] preview.audio.canonical.nextChunk.dropped | gen=6 current=8 reason=staleOrStopped
[PERF] FPS: 7.0 | CPU: 0.1% (1core), 0.0% (all) | MEM: 100MB res, 184MB foot | GPU: n/a | DRAW: avg 0.00ms, p95 0.00ms, max 0.00ms
[PERF] FPS: 0.0 | CPU: 0.0% (1core), 0.0% (all) | MEM: 100MB res, 184MB foot | GPU: n/a | DRAW: avg 0.00ms, p95 0.00ms, max 0.00ms
[MEM-DIAG] playback.stop.cleanup | footprint: 183MB | resident: 100MB | available: 2888MB | metal: 153MB | SceneInstanceRuntime: 2 | UserMediaService: 3 | VideoFrameProvider: 2
[MEM-DIAG]   pool | avail: 4 (3.9MB) | inUse: 0 (~0.0MB) | total: ~3.9MB
[MEM-DIAG]   pool.owner | owner=mask.boolean.bbox created=4 MB=3.9
[MEM-DIAG]   sceneTypeCache | cached: 1 [full_image] loading: 0 | textures: 2 ~9.7MB
[MEM-DIAG]   overlayCache | entries: 0 MB: 0.0
[MEM-DIAG]   runtimes: 2
[MEM-DIAG]   videoProviders: 2
[MEM-EVENT] VideoFrameProvider.stopPlayback | obj=-4324266198413219050 flush=true hasPlaybackTex=true hasStillTex=true hasInteractiveTex=true hasHoldTex=false
[MEM-EVENT] CVTextureCache.flush | owner=UserMediaTextureFactory
[MEM-EVENT] VideoFrameProvider.stopPlayback | obj=-3290604098400097415 flush=true hasPlaybackTex=false hasStillTex=true hasInteractiveTex=false hasHoldTex=false
[MEM-EVENT] CVTextureCache.flush | owner=UserMediaTextureFactory
[MEM-EVENT] playback.audio.sessionDeactivate.call
[MEM-EVENT] audio.session.deactivate.begin
[MEM-EVENT] audio.session.deactivate.end | ok=1
[MEM-DIAG] playback.stop.after | footprint: 104MB | resident: 100MB | available: 2967MB | metal: 73MB | SceneInstanceRuntime: 2 | UserMediaService: 3 | VideoFrameProvider: 2
[MEM-DIAG]   pool | avail: 4 (3.9MB) | inUse: 0 (~0.0MB) | total: ~3.9MB
[MEM-DIAG]   pool.owner | owner=mask.boolean.bbox created=4 MB=3.9
[MEM-DIAG]   sceneTypeCache | cached: 1 [full_image] loading: 0 | textures: 2 ~9.7MB
[MEM-DIAG]   overlayCache | entries: 0 MB: 0.0
[MEM-DIAG]   runtimes: 2
[MEM-DIAG]   videoProviders: 2
[PERF] FPS: 0.0 | CPU: 0.3% (1core), 0.0% (all) | MEM: 100MB res, 104MB foot | GPU: n/a | DRAW: avg 0.00ms, p95 0.00ms, max 0.00ms
[MEM-DIAG] playback.stop.after.2s | footprint: 104MB | resident: 100MB | available: 2967MB | metal: 73MB | SceneInstanceRuntime: 2 | UserMediaService: 3 | VideoFrameProvider: 2
[MEM-DIAG]   pool | avail: 4 (3.9MB) | inUse: 0 (~0.0MB) | total: ~3.9MB
[MEM-DIAG]   pool.owner | owner=mask.boolean.bbox created=4 MB=3.9
[MEM-DIAG]   sceneTypeCache | cached: 1 [full_image] loading: 0 | textures: 2 ~9.7MB
[MEM-DIAG]   overlayCache | entries: 0 MB: 0.0
[MEM-DIAG]   runtimes: 2
[MEM-DIAG]   videoProviders: 2
[PERF] FPS: 0.0 | CPU: 0.1% (1core), 0.0% (all) | MEM: 100MB res, 104MB foot | GPU: n/a | DRAW: avg 0.00ms, p95 0.00ms, max 0.00ms
[PERF] FPS: 0.0 | CPU: 0.0% (1core), 0.0% (all) | MEM: 99MB res, 104MB foot | GPU: n/a | DRAW: avg 0.00ms, p95 0.00ms, max 0.00ms
[PERF] FPS: 0.0 | CPU: 0.0% (1core), 0.0% (all) | MEM: 98MB res, 104MB foot | GPU: n/a | DRAW: avg 0.00ms, p95 0.00ms, max 0.00ms
[PERF] FPS: 0.0 | CPU: 0.0% (1core), 0.0% (all) | MEM: 98MB res, 104MB foot | GPU: n/a | DRAW: avg 0.00ms, p95 0.00ms, max 0.00ms
[PERF] FPS: 0.0 | CPU: 0.0% (1core), 0.0% (all) | MEM: 98MB res, 104MB foot | GPU: n/a | DRAW: avg 0.00ms, p95 0.00ms, max 0.00ms
[PERF] FPS: 0.0 | CPU: 0.0% (1core), 0.0% (all) | MEM: 98MB res, 104MB foot | GPU: n/a | DRAW: avg 0.00ms, p95 0.00ms, max 0.00ms
[PERF] FPS: 0.0 | CPU: 0.0% (1core), 0.0% (all) | MEM: 98MB res, 104MB foot | GPU: n/a | DRAW: avg 0.00ms, p95 0.00ms, max 0.00ms
[PERF] FPS: 0.0 | CPU: 0.0% (1core), 0.0% (all) | MEM: 98MB res, 104MB foot | GPU: n/a | DRAW: avg 0.00ms, p95 0.00ms, max 0.00ms
[SCRUB-DIAG] FINAL - scroll: 0.0/s | scrubChanged: 0.0/s | playhead: 0.0/s (elapsed: 23.51s)
[MEM-EVENT] audio.session.activate.begin
[MEM-EVENT] audio.session.activate.end | ok=1
[MEM-EVENT] playback.audio.start.begin | compressedFrame=312 projectTimeUs=10400000 state=timelinePreview isPlayingBefore=0
[MEM-EVENT] displayLink.create | obj=5862010516033964041
[MEM-DIAG] playback.start | footprint: 102MB | resident: 100MB | available: 2969MB | metal: 65MB | SceneInstanceRuntime: 2 | UserMediaService: 3 | VideoFrameProvider: 2
[MEM-EVENT] playback.audio.previewStart.call | projectTimeUs=10400000 hostTime=206037.65114008338
[MEM-EVENT] preview.audio.select | toggle=ON controller=Canonical
[MEM-EVENT] preview.audio.start | dirty=0 hasPipeline=1 readiness=primed
[MEM-EVENT] preview.audio.canonical.legacyGateBypassed | seconds=10.4 hostTime=206037.65114008338
[MEM-EVENT] preview.audio.canonical.startPlayback.call | seconds=10.4
[MEM-EVENT] preview.audio.stage8.startPlayback.call | sinceStartMs=0.00 fromSeconds=10.4
[MEM-EVENT] preview.audio.stage8.plan.eval | sinceStartMs=1.18 elapsedMs=1.15 segments=3
[MEM-EVENT] preview.audio.canonical.plan | segments=3 fromSeconds=10.4
[MEM-EVENT] preview.audio.stage8.setup.end | sinceStartMs=5.90 graph+session+output+anchor done
[MEM-EVENT] preview.audio.canonical.preroll.build.begin | planSegments=3 range=499200..<508800 gen=9
[MEM-EVENT] preview.audio.stage8.preroll.begin | sinceStartMs=5.94 range=499200..<508800 sampleCount=9600 initialPrerollSamples=9600 maxChunkSamples=48000
[VideoFrameProvider] playback: 23 OK, 0 nil (0.0%) | itemTime=8.334s | lastExtracted=8.333s | active=true
[MEM-EVENT] preview.audio.canonical.firstFrameSignal | delivered=1
[MEM-EVENT] preview.audio.stage8.firstFrameSignal | sinceStartMs=6.80 barrierReason=firstFrameArrivedPrerollNotReady
[MEM-EVENT] preview.audio.canonical.render.begin | segments=3 range=499200..<508800
[MEM-EVENT] preview.audio.stage8.cache.miss | range=499200..<508800 revision=ProjectRevision(raw: 3) epoch=PlaybackEpoch(raw: 3) planIdLen=1647
[MEM-EVENT] preview.audio.stage8.render.decode | source=app.audio.source.imported:D50F6AD6-4D5B-4277-81C8-4C3E750ABC2D sourceStart=52/5 frameCount=9600 intersectionFrames=9600 elapsedMs=161.52
[MEM-EVENT] preview.audio.stage8.render.decode | source=app.audio.source.videoLayer:scene-0-BBB22040-71D4-4001-8BBD-73623FEC4324:block_01 sourceStart=52/5 frameCount=9600 intersectionFrames=9600 elapsedMs=26.28
[MEM-EVENT] preview.audio.stage8.render.total | range=499200..<508800 segments=3 sources=2 elapsedMs=191.21
[MEM-EVENT] preview.audio.stage8.cache.store | range=499200..<508800 revision=ProjectRevision(raw: 3) epoch=PlaybackEpoch(raw: 3) planIdLen=1647
[MEM-EVENT] preview.audio.canonical.render.end | sources=2
[MEM-EVENT] preview.audio.canonical.preroll.build.end | sourceCount=2 bufferCount=2
[MEM-EVENT] preview.audio.stage8.preroll.end | sinceStartMs=200.59 renderElapsedMs=194.65 sourceCount=2
[MEM-EVENT] preview.audio.stage8.barrier.cross | sinceStartMs=200.60
[MEM-EVENT] preview.audio.canonical.graph.schedule.begin | sources=2
[MEM-EVENT] preview.audio.canonical.graph.schedule.end | scheduled=1
[MEM-EVENT] preview.audio.stage8.graph.schedule.end | sinceStartMs=242.25 scheduleMs=41.64
[MEM-EVENT] preview.audio.canonical.engine.start.begin
[MEM-EVENT] preview.audio.canonical.player.play.begin
[MEM-EVENT] preview.audio.canonical.player.play.end
[MEM-EVENT] preview.audio.canonical.engine.start.end
[MEM-EVENT] preview.audio.stage8.player.play.end | sinceStartMs=242.28 playStartMs=0.01
[MEM-EVENT] preview.audio.canonical.scheduled | scheduled=1 sources=2 started=1
[MEM-EVENT] preview.audio.stage8.scheduled.total | sinceStartMs=242.29 totalStartToScheduledMs=242.29
[MEM-EVENT] preview.audio.canonical.nextChunk.requested | range=508800..<556800 gen=12 inFlight=1
[MEM-EVENT] preview.audio.canonical.nextChunk.render.begin | range=508800..<556800 gen=12
[MEM-EVENT] preview.audio.canonical.render.begin | segments=3 range=508800..<556800
[MEM-EVENT] preview.audio.stage8.cache.miss | range=508800..<556800 revision=ProjectRevision(raw: 3) epoch=PlaybackEpoch(raw: 3) planIdLen=1647
[MEM-EVENT] preview.audio.stage8.render.decode | source=app.audio.source.imported:D50F6AD6-4D5B-4277-81C8-4C3E750ABC2D sourceStart=53/5 frameCount=48000 intersectionFrames=48000 elapsedMs=30.69
[MEM-EVENT] preview.audio.stage8.render.decode | source=app.audio.source.videoLayer:scene-0-BBB22040-71D4-4001-8BBD-73623FEC4324:block_01 sourceStart=53/5 frameCount=48000 intersectionFrames=48000 elapsedMs=25.10
[MEM-EVENT] preview.audio.stage8.render.total | range=508800..<556800 segments=3 sources=2 elapsedMs=69.77
[MEM-EVENT] preview.audio.stage8.cache.store | range=508800..<556800 revision=ProjectRevision(raw: 3) epoch=PlaybackEpoch(raw: 3) planIdLen=1647
[MEM-EVENT] preview.audio.canonical.render.end | sources=2
[MEM-EVENT] preview.audio.canonical.nextChunk.render.end | range=508800..<556800 sourceCount=2
[MEM-EVENT] preview.audio.canonical.nextChunk.schedule.begin | range=508800..<556800 sources=2
[MEM-EVENT] preview.audio.canonical.nextChunk.schedule.end | range=508800..<556800 scheduled=1
[MEM-EVENT] preview.audio.canonical.nextChunk.requested | range=556800..<604800 gen=12 inFlight=1
[MEM-EVENT] preview.audio.canonical.nextChunk.render.begin | range=556800..<604800 gen=12
[MEM-EVENT] preview.audio.canonical.render.begin | segments=3 range=556800..<604800
[MEM-EVENT] preview.audio.stage8.cache.miss | range=556800..<604800 revision=ProjectRevision(raw: 3) epoch=PlaybackEpoch(raw: 3) planIdLen=1647
[MEM-EVENT] preview.audio.stage8.render.decode | source=app.audio.source.imported:D50F6AD6-4D5B-4277-81C8-4C3E750ABC2D sourceStart=58/5 frameCount=48000 intersectionFrames=48000 elapsedMs=30.02
[MEM-EVENT] preview.audio.stage8.render.decode | source=app.audio.source.videoLayer:scene-0-BBB22040-71D4-4001-8BBD-73623FEC4324:block_01 sourceStart=58/5 frameCount=48000 intersectionFrames=48000 elapsedMs=23.69
[MEM-EVENT] preview.audio.stage8.render.total | range=556800..<604800 segments=3 sources=2 elapsedMs=68.17
[MEM-EVENT] preview.audio.stage8.cache.store | range=556800..<604800 revision=ProjectRevision(raw: 3) epoch=PlaybackEpoch(raw: 3) planIdLen=1647
[MEM-EVENT] preview.audio.canonical.render.end | sources=2
[MEM-EVENT] preview.audio.canonical.nextChunk.render.end | range=556800..<604800 sourceCount=2
[MEM-EVENT] preview.audio.canonical.nextChunk.schedule.begin | range=556800..<604800 sources=2
[MEM-EVENT] preview.audio.canonical.nextChunk.schedule.end | range=556800..<604800 scheduled=1
[MEM-EVENT] preview.audio.canonical.nextChunk.requested | range=604800..<652800 gen=12 inFlight=1
[MEM-EVENT] preview.audio.canonical.nextChunk.render.begin | range=604800..<652800 gen=12
[MEM-EVENT] preview.audio.canonical.render.begin | segments=3 range=604800..<652800
[MEM-EVENT] preview.audio.stage8.cache.miss | range=604800..<652800 revision=ProjectRevision(raw: 3) epoch=PlaybackEpoch(raw: 3) planIdLen=1647
[MEM-EVENT] preview.audio.stage8.render.decode | source=app.audio.source.imported:D50F6AD6-4D5B-4277-81C8-4C3E750ABC2D sourceStart=63/5 frameCount=48000 intersectionFrames=48000 elapsedMs=30.08
[MEM-EVENT] preview.audio.stage8.render.decode | source=app.audio.source.videoLayer:scene-0-BBB22040-71D4-4001-8BBD-73623FEC4324:block_01 sourceStart=63/5 frameCount=48000 intersectionFrames=48000 elapsedMs=24.82
[MEM-EVENT] preview.audio.stage8.render.total | range=604800..<652800 segments=3 sources=2 elapsedMs=68.64
[MEM-EVENT] preview.audio.stage8.cache.store | range=604800..<652800 revision=ProjectRevision(raw: 3) epoch=PlaybackEpoch(raw: 3) planIdLen=1647
[MEM-EVENT] preview.audio.canonical.render.end | sources=2
[MEM-EVENT] preview.audio.canonical.nextChunk.render.end | range=604800..<652800 sourceCount=2
[MEM-EVENT] preview.audio.canonical.nextChunk.schedule.begin | range=604800..<652800 sources=2
[MEM-EVENT] preview.audio.canonical.nextChunk.schedule.end | range=604800..<652800 scheduled=1
[MEM-EVENT] preview.audio.canonical.nextChunk.requested | range=652800..<700800 gen=12 inFlight=1
[MEM-EVENT] preview.audio.canonical.nextChunk.render.begin | range=652800..<700800 gen=12
[MEM-EVENT] preview.audio.canonical.render.begin | segments=3 range=652800..<700800
[MEM-EVENT] preview.audio.stage8.cache.miss | range=652800..<700800 revision=ProjectRevision(raw: 3) epoch=PlaybackEpoch(raw: 3) planIdLen=1647
[MEM-EVENT] preview.audio.stage8.render.decode | source=app.audio.source.imported:D50F6AD6-4D5B-4277-81C8-4C3E750ABC2D sourceStart=68/5 frameCount=48000 intersectionFrames=48000 elapsedMs=29.19
[MEM-EVENT] preview.audio.stage8.render.decode | source=app.audio.source.videoLayer:scene-0-BBB22040-71D4-4001-8BBD-73623FEC4324:block_01 sourceStart=68/5 frameCount=48000 intersectionFrames=48000 elapsedMs=23.89
[MEM-EVENT] preview.audio.stage8.render.total | range=652800..<700800 segments=3 sources=2 elapsedMs=67.13
[MEM-EVENT] preview.audio.stage8.cache.store | range=652800..<700800 revision=ProjectRevision(raw: 3) epoch=PlaybackEpoch(raw: 3) planIdLen=1647
[MEM-EVENT] preview.audio.canonical.render.end | sources=2
[MEM-EVENT] preview.audio.canonical.nextChunk.render.end | range=652800..<700800 sourceCount=2
[MEM-EVENT] preview.audio.canonical.nextChunk.schedule.begin | range=652800..<700800 sources=2
[MEM-EVENT] preview.audio.canonical.nextChunk.schedule.end | range=652800..<700800 scheduled=1
[MEM-EVENT] preview.audio.canonical.nextChunk.requested | range=700800..<748800 gen=12 inFlight=1
[MEM-EVENT] preview.audio.canonical.nextChunk.render.begin | range=700800..<748800 gen=12
[MEM-EVENT] preview.audio.canonical.render.begin | segments=3 range=700800..<748800
[MEM-EVENT] preview.audio.stage8.cache.miss | range=700800..<748800 revision=ProjectRevision(raw: 3) epoch=PlaybackEpoch(raw: 3) planIdLen=1647
[MEM-EVENT] preview.audio.stage8.render.decode | source=app.audio.source.imported:D50F6AD6-4D5B-4277-81C8-4C3E750ABC2D sourceStart=73/5 frameCount=48000 intersectionFrames=48000 elapsedMs=30.87
[MEM-EVENT] playback.audio.stop.begin
[MEM-EVENT] displayLink.invalidate | obj=5862010516033964041
[MEM-EVENT] VideoFrameProvider.stopPlayback | obj=-4324266198413219050 flush=false hasPlaybackTex=true hasStillTex=true hasInteractiveTex=true hasHoldTex=false
[MEM-EVENT] preview.audio.stage8.render.decode | source=app.audio.source.videoLayer:scene-0-BBB22040-71D4-4001-8BBD-73623FEC4324:block_01 sourceStart=73/5 frameCount=48000 intersectionFrames=48000 elapsedMs=86.83
[MEM-EVENT] preview.audio.stage8.render.total | range=700800..<748800 segments=3 sources=2 elapsedMs=132.60
[MEM-EVENT] preview.audio.stage8.cache.store | range=700800..<748800 revision=ProjectRevision(raw: 3) epoch=PlaybackEpoch(raw: 3) planIdLen=1647
[MEM-EVENT] preview.audio.canonical.render.end | sources=2
[MEM-EVENT] preview.audio.canonical.nextChunk.dropped | gen=12 current=14 reason=staleOrStopped
[PERF] FPS: 17.0 | CPU: 29.7% (1core), 5.0% (all) | MEM: 100MB res, 182MB foot | GPU: n/a | DRAW: avg 0.00ms, p95 0.00ms, max 0.00ms
[PerfCounter] applySnapshot(scene): 8
[PerfCounter] applySnapshot(scene): 9
[PerfCounter] applySnapshot(scene): 10
[PerfCounter] layout(scene): 10
[PerfCounter] applySnapshot(scene): 11
[PerfCounter] applySnapshot(scene): 12
[PerfCounter] applySnapshot(scene): 13
[PerfCounter] applySnapshot(scene): 14
[PerfCounter] applySnapshot(scene): 15
[PerfCounter] applySnapshot(scene): 16
[PerfCounter] applySnapshot(scene): 17
[PerfCounter] applySnapshot(scene): 18
[PerfCounter] applySnapshot(scene): 19
[PerfCounter] applySnapshot(scene): 20
[PerfCounter] applySnapshot(scene): 21
[PerfCounter] applySnapshot(scene): 22
[PerfCounter] applySnapshot(scene): 23
[PerfCounter] applySnapshot(scene): 24
[PerfCounter] applySnapshot(scene): 25
[PerfCounter] layout(scene): 20
[PerfCounter] applySnapshot(scene): 26
[PerfCounter] applySnapshot(scene): 27
[PerfCounter] applySnapshot(scene): 28
[PerfCounter] applySnapshot(scene): 29
[PerfCounter] applySnapshot(scene): 30
[PerfCounter] applySnapshot(scene): 31
[PerfCounter] applySnapshot(scene): 32
[PerfCounter] applySnapshot(scene): 33
[PerfCounter] applySnapshot(scene): 34
[PerfCounter] applySnapshot(scene): 35
[PerfCounter] applySnapshot(scene): 36
[PerfCounter] applySnapshot(scene): 37
[PerfCounter] applySnapshot(scene): 38
[PerfCounter] applySnapshot(scene): 39
[PerfCounter] applySnapshot(scene): 40
[PerfCounter] layout(scene): 30
[PerfCounter] applySnapshot(scene): 41
[PerfCounter] applySnapshot(scene): 42
[PerfCounter] applySnapshot(scene): 43
[PerfCounter] applySnapshot(scene): 44
[PerfCounter] applySnapshot(scene): 45
[PerfCounter] applySnapshot(scene): 46
[PerfCounter] applySnapshot(scene): 47
[PerfCounter] applySnapshot(scene): 48
[PerfCounter] applySnapshot(scene): 49
[PerfCounter] applySnapshot(scene): 50
[PerfCounter] applySnapshot(scene): 51
[PerfCounter] applySnapshot(scene): 52
[PerfCounter] applySnapshot(scene): 53
[PerfCounter] applySnapshot(scene): 54
[PerfCounter] applySnapshot(scene): 55
[PerfCounter] layout(scene): 40
[PerfCounter] applySnapshot(scene): 56
[PerfCounter] applySnapshot(scene): 57
[PerfCounter] applySnapshot(scene): 58
[PerfCounter] applySnapshot(scene): 59
[PerfCounter] applySnapshot(scene): 60
[PerfCounter] applySnapshot(scene): 61
[MEM-EVENT] preview.audio.markDirty | generation=1 playing=0 state=timelinePreview
[MEM-EVENT] preview.audio.select | toggle=ON controller=Canonical
[MEM-EVENT] preview.audio.prepare | canonicalIdlePrepareSkipped=1
[SCRUB-DIAG] FINAL - scroll: 0.0/s | scrubChanged: 0.0/s | playhead: 0.0/s (elapsed: 2.87s)
[PERF] FPS: 13.5 | CPU: 15.7% (1core), 2.6% (all) | MEM: 116MB res, 206MB foot | GPU: n/a | DRAW: avg 0.00ms, p95 0.00ms, max 0.00ms
[MEM-EVENT] audio.session.activate.begin
[MEM-EVENT] audio.session.activate.end | ok=1
[MEM-EVENT] playback.audio.start.begin | compressedFrame=212 projectTimeUs=7066666 state=timelinePreview isPlayingBefore=0
[MEM-EVENT] displayLink.create | obj=5862010516033964041
[MEM-DIAG] playback.start | footprint: 198MB | resident: 108MB | available: 2874MB | metal: 145MB | SceneInstanceRuntime: 2 | UserMediaService: 3 | VideoFrameProvider: 2
[MEM-EVENT] playback.audio.previewStart.call | projectTimeUs=7066666 hostTime=206040.50973283336
[MEM-EVENT] preview.audio.select | toggle=ON controller=Canonical
[MEM-EVENT] preview.audio.start | dirty=1 hasPipeline=1 readiness=primed
[MEM-EVENT] preview.audio.canonical.legacyGateBypassed | seconds=7.066666 hostTime=206040.50973283336
[MEM-EVENT] preview.audio.canonical.startPlayback.call | seconds=7.066666
[MEM-EVENT] preview.audio.stage8.startPlayback.call | sinceStartMs=0.00 fromSeconds=7.066666
[MEM-EVENT] preview.audio.stage8.plan.eval | sinceStartMs=0.95 elapsedMs=0.92 segments=3
[MEM-EVENT] preview.audio.canonical.plan | segments=3 fromSeconds=7.066666
[MEM-EVENT] preview.audio.stage8.setup.end | sinceStartMs=2.75 graph+session+output+anchor done
[MEM-EVENT] preview.audio.canonical.preroll.build.begin | planSegments=3 range=339199..<348799 gen=12
[MEM-EVENT] preview.audio.stage8.preroll.begin | sinceStartMs=2.77 range=339199..<348799 sampleCount=9600 initialPrerollSamples=9600 maxChunkSamples=48000
[MEM-EVENT] preview.audio.canonical.render.begin | segments=3 range=339199..<348799
[MEM-EVENT] preview.audio.stage8.cache.miss | range=339199..<348799 revision=ProjectRevision(raw: 4) epoch=PlaybackEpoch(raw: 4) planIdLen=1642
[VideoFrameProvider] playback: 18 OK, 1 nil (5.3%) | itemTime=7.074s | lastExtracted=nils | active=true
[MEM-EVENT] preview.audio.canonical.firstFrameSignal | delivered=1
[MEM-EVENT] preview.audio.stage8.firstFrameSignal | sinceStartMs=15.37 barrierReason=firstFrameArrivedPrerollNotReady
[MEM-EVENT] playback.audio.stop.begin
[MEM-EVENT] displayLink.invalidate | obj=5862010516033964041
[MEM-EVENT] VideoFrameProvider.stopPlayback | obj=-4324266198413219050 flush=false hasPlaybackTex=true hasStillTex=true hasInteractiveTex=true hasHoldTex=false
[MEM-EVENT] preview.audio.stage8.render.decode | source=app.audio.source.imported:D50F6AD6-4D5B-4277-81C8-4C3E750ABC2D sourceStart=339199/48000 frameCount=9600 intersectionFrames=9600 elapsedMs=81.71
[MEM-EVENT] preview.audio.stage8.render.decode | source=app.audio.source.videoLayer:scene-0-BBB22040-71D4-4001-8BBD-73623FEC4324:block_01 sourceStart=339199/48000 frameCount=9600 intersectionFrames=9600 elapsedMs=26.31
[MEM-EVENT] preview.audio.stage8.render.total | range=339199..<348799 segments=3 sources=2 elapsedMs=111.13
[MEM-EVENT] preview.audio.stage8.cache.store | range=339199..<348799 revision=ProjectRevision(raw: 4) epoch=PlaybackEpoch(raw: 4) planIdLen=1642
[MEM-EVENT] preview.audio.canonical.render.end | sources=2
[MEM-EVENT] preview.audio.canonical.preroll.build.dropped | gen=12 current=13 reason=staleOrStopped
[MEM-EVENT] audio.session.activate.begin
[MEM-EVENT] audio.session.activate.end | ok=1
[MEM-EVENT] playback.audio.start.begin | compressedFrame=212 projectTimeUs=7066666 state=timelinePreview isPlayingBefore=0
[MEM-EVENT] displayLink.create | obj=5862010516033964041
[MEM-DIAG] playback.start | footprint: 181MB | resident: 100MB | available: 2891MB | metal: 145MB | SceneInstanceRuntime: 2 | UserMediaService: 3 | VideoFrameProvider: 2
[MEM-EVENT] playback.audio.previewStart.call | projectTimeUs=7066666 hostTime=206041.50870262505
[MEM-EVENT] preview.audio.select | toggle=ON controller=Canonical
[MEM-EVENT] preview.audio.start | dirty=0 hasPipeline=1 readiness=primed
[MEM-EVENT] preview.audio.canonical.legacyGateBypassed | seconds=7.066666 hostTime=206041.50870262505
[MEM-EVENT] preview.audio.canonical.startPlayback.call | seconds=7.066666
[MEM-EVENT] preview.audio.stage8.startPlayback.call | sinceStartMs=0.01 fromSeconds=7.066666
[MEM-EVENT] preview.audio.stage8.plan.eval | sinceStartMs=3.25 elapsedMs=3.12 segments=3
[MEM-EVENT] preview.audio.canonical.plan | segments=3 fromSeconds=7.066666
[MEM-EVENT] preview.audio.stage8.setup.end | sinceStartMs=6.66 graph+session+output+anchor done
[MEM-EVENT] preview.audio.canonical.preroll.build.begin | planSegments=3 range=339199..<348799 gen=15
[MEM-EVENT] preview.audio.stage8.preroll.begin | sinceStartMs=6.76 range=339199..<348799 sampleCount=9600 initialPrerollSamples=9600 maxChunkSamples=48000
[MEM-EVENT] preview.audio.canonical.render.begin | segments=3 range=339199..<348799
[MEM-EVENT] preview.audio.stage8.cache.miss | range=339199..<348799 revision=ProjectRevision(raw: 5) epoch=PlaybackEpoch(raw: 5) planIdLen=1642
[MEM-EVENT] preview.audio.canonical.firstFrameSignal | delivered=1
[MEM-EVENT] preview.audio.stage8.firstFrameSignal | sinceStartMs=29.08 barrierReason=firstFrameArrivedPrerollNotReady
[MEM-EVENT] preview.audio.stage8.render.decode | source=app.audio.source.imported:D50F6AD6-4D5B-4277-81C8-4C3E750ABC2D sourceStart=339199/48000 frameCount=9600 intersectionFrames=9600 elapsedMs=52.93
[MEM-EVENT] preview.audio.stage8.render.decode | source=app.audio.source.videoLayer:scene-0-BBB22040-71D4-4001-8BBD-73623FEC4324:block_01 sourceStart=339199/48000 frameCount=9600 intersectionFrames=9600 elapsedMs=30.08
[MEM-EVENT] preview.audio.stage8.render.total | range=339199..<348799 segments=3 sources=2 elapsedMs=88.50
[MEM-EVENT] preview.audio.stage8.cache.store | range=339199..<348799 revision=ProjectRevision(raw: 5) epoch=PlaybackEpoch(raw: 5) planIdLen=1642
[MEM-EVENT] preview.audio.canonical.render.end | sources=2
[MEM-EVENT] preview.audio.canonical.preroll.build.end | sourceCount=2 bufferCount=2
[MEM-EVENT] preview.audio.stage8.preroll.end | sinceStartMs=95.91 renderElapsedMs=89.15 sourceCount=2
[MEM-EVENT] preview.audio.stage8.barrier.cross | sinceStartMs=95.92
[MEM-EVENT] preview.audio.canonical.graph.schedule.begin | sources=2
[MEM-EVENT] preview.audio.canonical.graph.schedule.end | scheduled=1
[MEM-EVENT] preview.audio.stage8.graph.schedule.end | sinceStartMs=138.37 scheduleMs=42.45
[MEM-EVENT] preview.audio.canonical.engine.start.begin
[MEM-EVENT] preview.audio.canonical.player.play.begin
[MEM-EVENT] preview.audio.canonical.player.play.end
[MEM-EVENT] preview.audio.canonical.engine.start.end
[MEM-EVENT] preview.audio.stage8.player.play.end | sinceStartMs=138.40 playStartMs=0.02
[MEM-EVENT] preview.audio.canonical.scheduled | scheduled=1 sources=2 started=1
[MEM-EVENT] preview.audio.stage8.scheduled.total | sinceStartMs=138.41 totalStartToScheduledMs=138.41
[MEM-EVENT] preview.audio.canonical.nextChunk.requested | range=348799..<396799 gen=19 inFlight=1
[MEM-EVENT] preview.audio.canonical.nextChunk.render.begin | range=348799..<396799 gen=19
[MEM-EVENT] preview.audio.canonical.render.begin | segments=3 range=348799..<396799
[MEM-EVENT] preview.audio.stage8.cache.miss | range=348799..<396799 revision=ProjectRevision(raw: 5) epoch=PlaybackEpoch(raw: 5) planIdLen=1642
[MEM-EVENT] preview.audio.stage8.render.decode | source=app.audio.source.imported:D50F6AD6-4D5B-4277-81C8-4C3E750ABC2D sourceStart=348799/48000 frameCount=48000 intersectionFrames=48000 elapsedMs=30.48
[MEM-EVENT] preview.audio.stage8.render.decode | source=app.audio.source.videoLayer:scene-0-BBB22040-71D4-4001-8BBD-73623FEC4324:block_01 sourceStart=348799/48000 frameCount=48000 intersectionFrames=48000 elapsedMs=24.95
[MEM-EVENT] preview.audio.stage8.render.total | range=348799..<396799 segments=3 sources=2 elapsedMs=69.22
[MEM-EVENT] preview.audio.stage8.cache.store | range=348799..<396799 revision=ProjectRevision(raw: 5) epoch=PlaybackEpoch(raw: 5) planIdLen=1642
[MEM-EVENT] preview.audio.canonical.render.end | sources=2
[MEM-EVENT] preview.audio.canonical.nextChunk.render.end | range=348799..<396799 sourceCount=2
[MEM-EVENT] preview.audio.canonical.nextChunk.schedule.begin | range=348799..<396799 sources=2
[MEM-EVENT] preview.audio.canonical.nextChunk.schedule.end | range=348799..<396799 scheduled=1
[MEM-EVENT] preview.audio.canonical.nextChunk.requested | range=396799..<444799 gen=19 inFlight=1
[MEM-EVENT] preview.audio.canonical.nextChunk.render.begin | range=396799..<444799 gen=19
[MEM-EVENT] preview.audio.canonical.render.begin | segments=3 range=396799..<444799
[MEM-EVENT] preview.audio.stage8.cache.miss | range=396799..<444799 revision=ProjectRevision(raw: 5) epoch=PlaybackEpoch(raw: 5) planIdLen=1642
[MEM-EVENT] preview.audio.stage8.render.decode | source=app.audio.source.imported:D50F6AD6-4D5B-4277-81C8-4C3E750ABC2D sourceStart=396799/48000 frameCount=48000 intersectionFrames=48000 elapsedMs=30.27
[MEM-EVENT] preview.audio.stage8.render.decode | source=app.audio.source.videoLayer:scene-0-BBB22040-71D4-4001-8BBD-73623FEC4324:block_01 sourceStart=396799/48000 frameCount=48000 intersectionFrames=48000 elapsedMs=25.31
[MEM-EVENT] preview.audio.stage8.render.total | range=396799..<444799 segments=3 sources=2 elapsedMs=69.42
[MEM-EVENT] preview.audio.stage8.cache.store | range=396799..<444799 revision=ProjectRevision(raw: 5) epoch=PlaybackEpoch(raw: 5) planIdLen=1642
[MEM-EVENT] preview.audio.canonical.render.end | sources=2
[MEM-EVENT] preview.audio.canonical.nextChunk.render.end | range=396799..<444799 sourceCount=2
[MEM-EVENT] preview.audio.canonical.nextChunk.schedule.begin | range=396799..<444799 sources=2
[MEM-EVENT] preview.audio.canonical.nextChunk.schedule.end | range=396799..<444799 scheduled=1
[MEM-EVENT] preview.audio.canonical.nextChunk.requested | range=444799..<492799 gen=19 inFlight=1
[MEM-EVENT] preview.audio.canonical.nextChunk.render.begin | range=444799..<492799 gen=19
[MEM-EVENT] preview.audio.canonical.render.begin | segments=3 range=444799..<492799
[MEM-EVENT] preview.audio.stage8.cache.miss | range=444799..<492799 revision=ProjectRevision(raw: 5) epoch=PlaybackEpoch(raw: 5) planIdLen=1642
[MEM-EVENT] preview.audio.stage8.render.decode | source=app.audio.source.imported:D50F6AD6-4D5B-4277-81C8-4C3E750ABC2D sourceStart=444799/48000 frameCount=48000 intersectionFrames=48000 elapsedMs=30.94
[MEM-EVENT] preview.audio.stage8.render.decode | source=app.audio.source.videoLayer:scene-0-BBB22040-71D4-4001-8BBD-73623FEC4324:block_01 sourceStart=444799/48000 frameCount=48000 intersectionFrames=48000 elapsedMs=23.92
[MEM-EVENT] preview.audio.stage8.render.total | range=444799..<492799 segments=3 sources=2 elapsedMs=69.16
[MEM-EVENT] preview.audio.stage8.cache.store | range=444799..<492799 revision=ProjectRevision(raw: 5) epoch=PlaybackEpoch(raw: 5) planIdLen=1642
[MEM-EVENT] preview.audio.canonical.render.end | sources=2
[MEM-EVENT] preview.audio.canonical.nextChunk.render.end | range=444799..<492799 sourceCount=2
[MEM-EVENT] preview.audio.canonical.nextChunk.schedule.begin | range=444799..<492799 sources=2
[MEM-EVENT] preview.audio.canonical.nextChunk.schedule.end | range=444799..<492799 scheduled=1
[MEM-EVENT] preview.audio.canonical.nextChunk.requested | range=492799..<540799 gen=19 inFlight=1
[MEM-EVENT] preview.audio.canonical.nextChunk.render.begin | range=492799..<540799 gen=19
[MEM-EVENT] preview.audio.canonical.render.begin | segments=3 range=492799..<540799
[MEM-EVENT] preview.audio.stage8.cache.miss | range=492799..<540799 revision=ProjectRevision(raw: 5) epoch=PlaybackEpoch(raw: 5) planIdLen=1642
[MEM-EVENT] preview.audio.stage8.render.decode | source=app.audio.source.imported:D50F6AD6-4D5B-4277-81C8-4C3E750ABC2D sourceStart=492799/48000 frameCount=48000 intersectionFrames=48000 elapsedMs=29.30
[MEM-EVENT] preview.audio.stage8.render.decode | source=app.audio.source.videoLayer:scene-0-BBB22040-71D4-4001-8BBD-73623FEC4324:block_01 sourceStart=492799/48000 frameCount=48000 intersectionFrames=48000 elapsedMs=25.22
[MEM-EVENT] preview.audio.stage8.render.total | range=492799..<540799 segments=3 sources=2 elapsedMs=67.99
[MEM-EVENT] preview.audio.stage8.cache.store | range=492799..<540799 revision=ProjectRevision(raw: 5) epoch=PlaybackEpoch(raw: 5) planIdLen=1642
[MEM-EVENT] preview.audio.canonical.render.end | sources=2
[MEM-EVENT] preview.audio.canonical.nextChunk.render.end | range=492799..<540799 sourceCount=2
[MEM-EVENT] preview.audio.canonical.nextChunk.schedule.begin | range=492799..<540799 sources=2
[MEM-EVENT] preview.audio.canonical.nextChunk.schedule.end | range=492799..<540799 scheduled=1
[MEM-EVENT] preview.audio.canonical.nextChunk.requested | range=540799..<588799 gen=19 inFlight=1
[MEM-EVENT] preview.audio.canonical.nextChunk.render.begin | range=540799..<588799 gen=19
[MEM-EVENT] preview.audio.canonical.render.begin | segments=3 range=540799..<588799
[MEM-EVENT] preview.audio.stage8.cache.miss | range=540799..<588799 revision=ProjectRevision(raw: 5) epoch=PlaybackEpoch(raw: 5) planIdLen=1642
[MEM-EVENT] preview.audio.stage8.render.decode | source=app.audio.source.imported:D50F6AD6-4D5B-4277-81C8-4C3E750ABC2D sourceStart=540799/48000 frameCount=48000 intersectionFrames=48000 elapsedMs=30.26
[MEM-EVENT] preview.audio.stage8.render.decode | source=app.audio.source.videoLayer:scene-0-BBB22040-71D4-4001-8BBD-73623FEC4324:block_01 sourceStart=540799/48000 frameCount=48000 intersectionFrames=48000 elapsedMs=25.51
[MEM-EVENT] preview.audio.stage8.render.total | range=540799..<588799 segments=3 sources=2 elapsedMs=69.86
[MEM-EVENT] preview.audio.stage8.cache.store | range=540799..<588799 revision=ProjectRevision(raw: 5) epoch=PlaybackEpoch(raw: 5) planIdLen=1642
[MEM-EVENT] preview.audio.canonical.render.end | sources=2
[MEM-EVENT] preview.audio.canonical.nextChunk.render.end | range=540799..<588799 sourceCount=2
[MEM-EVENT] preview.audio.canonical.nextChunk.schedule.begin | range=540799..<588799 sources=2
[MEM-EVENT] preview.audio.canonical.nextChunk.schedule.end | range=540799..<588799 scheduled=1
[MEM-EVENT] preview.audio.canonical.nextChunk.requested | range=588799..<636799 gen=19 inFlight=1
[MEM-EVENT] preview.audio.canonical.nextChunk.render.begin | range=588799..<636799 gen=19
[MEM-EVENT] preview.audio.canonical.render.begin | segments=3 range=588799..<636799
[MEM-EVENT] preview.audio.stage8.cache.miss | range=588799..<636799 revision=ProjectRevision(raw: 5) epoch=PlaybackEpoch(raw: 5) planIdLen=1642
[MEM-EVENT] preview.audio.stage8.render.decode | source=app.audio.source.imported:D50F6AD6-4D5B-4277-81C8-4C3E750ABC2D sourceStart=588799/48000 frameCount=48000 intersectionFrames=48000 elapsedMs=32.05
[MEM-EVENT] preview.audio.stage8.render.decode | source=app.audio.source.videoLayer:scene-0-BBB22040-71D4-4001-8BBD-73623FEC4324:block_01 sourceStart=588799/48000 frameCount=8001 intersectionFrames=8002 elapsedMs=21.92
[MEM-EVENT] preview.audio.stage8.render.decode | source=app.audio.source.videoLayer:scene-1-998960A7-9292-4785-9323-231FDE8CE58B:block_01 sourceStart=0/1 frameCount=39998 intersectionFrames=39998 elapsedMs=26.06
[MEM-EVENT] preview.audio.stage8.render.total | range=588799..<636799 segments=3 sources=3 elapsedMs=94.33
[MEM-EVENT] preview.audio.stage8.cache.store | range=588799..<636799 revision=ProjectRevision(raw: 5) epoch=PlaybackEpoch(raw: 5) planIdLen=1642
[MEM-EVENT] preview.audio.canonical.render.end | sources=3
[MEM-EVENT] preview.audio.canonical.nextChunk.render.end | range=588799..<636799 sourceCount=3
[MEM-EVENT] preview.audio.canonical.nextChunk.schedule.begin | range=588799..<636799 sources=3
[MEM-EVENT] preview.audio.canonical.nextChunk.schedule.end | range=588799..<636799 scheduled=1
[MEM-EVENT] preview.audio.canonical.nextChunk.requested | range=636799..<684799 gen=19 inFlight=1
[MEM-EVENT] preview.audio.canonical.nextChunk.render.begin | range=636799..<684799 gen=19
[MEM-EVENT] preview.audio.canonical.render.begin | segments=3 range=636799..<684799
[MEM-EVENT] preview.audio.stage8.cache.miss | range=636799..<684799 revision=ProjectRevision(raw: 5) epoch=PlaybackEpoch(raw: 5) planIdLen=1642
[MEM-EVENT] preview.audio.stage8.render.decode | source=app.audio.source.imported:D50F6AD6-4D5B-4277-81C8-4C3E750ABC2D sourceStart=636799/48000 frameCount=48000 intersectionFrames=48000 elapsedMs=29.85
[MEM-EVENT] preview.audio.stage8.render.decode | source=app.audio.source.videoLayer:scene-1-998960A7-9292-4785-9323-231FDE8CE58B:block_01 sourceStart=19999/24000 frameCount=48000 intersectionFrames=48000 elapsedMs=24.04
[MEM-EVENT] preview.audio.stage8.render.total | range=636799..<684799 segments=3 sources=2 elapsedMs=68.10
[MEM-EVENT] preview.audio.stage8.cache.store | range=636799..<684799 revision=ProjectRevision(raw: 5) epoch=PlaybackEpoch(raw: 5) planIdLen=1642
[MEM-EVENT] preview.audio.canonical.render.end | sources=2
[MEM-EVENT] preview.audio.canonical.nextChunk.render.end | range=636799..<684799 sourceCount=2
[MEM-EVENT] preview.audio.canonical.nextChunk.schedule.begin | range=636799..<684799 sources=2
[MEM-EVENT] preview.audio.canonical.nextChunk.schedule.end | range=636799..<684799 scheduled=1
[MEM-EVENT] preview.audio.canonical.nextChunk.requested | range=684799..<732799 gen=19 inFlight=1
[MEM-EVENT] preview.audio.canonical.nextChunk.render.begin | range=684799..<732799 gen=19
[MEM-EVENT] preview.audio.canonical.render.begin | segments=3 range=684799..<732799
[MEM-EVENT] preview.audio.stage8.cache.miss | range=684799..<732799 revision=ProjectRevision(raw: 5) epoch=PlaybackEpoch(raw: 5) planIdLen=1642
[MEM-EVENT] preview.audio.stage8.render.decode | source=app.audio.source.imported:D50F6AD6-4D5B-4277-81C8-4C3E750ABC2D sourceStart=684799/48000 frameCount=48000 intersectionFrames=48000 elapsedMs=30.20
[MEM-EVENT] preview.audio.stage8.render.decode | source=app.audio.source.videoLayer:scene-1-998960A7-9292-4785-9323-231FDE8CE58B:block_01 sourceStart=43999/24000 frameCount=48000 intersectionFrames=48000 elapsedMs=24.91
[MEM-EVENT] preview.audio.stage8.render.total | range=684799..<732799 segments=3 sources=2 elapsedMs=68.81
[MEM-EVENT] preview.audio.stage8.cache.store | range=684799..<732799 revision=ProjectRevision(raw: 5) epoch=PlaybackEpoch(raw: 5) planIdLen=1642
[MEM-EVENT] preview.audio.canonical.render.end | sources=2
[MEM-EVENT] preview.audio.canonical.nextChunk.render.end | range=684799..<732799 sourceCount=2
[MEM-EVENT] preview.audio.canonical.nextChunk.schedule.begin | range=684799..<732799 sources=2
[MEM-EVENT] preview.audio.canonical.nextChunk.schedule.end | range=684799..<732799 scheduled=1
[MEM-EVENT] preview.audio.canonical.nextChunk.requested | range=732799..<780799 gen=19 inFlight=1
[MEM-EVENT] preview.audio.canonical.nextChunk.render.begin | range=732799..<780799 gen=19
[MEM-EVENT] preview.audio.canonical.render.begin | segments=3 range=732799..<780799
[MEM-EVENT] preview.audio.stage8.cache.miss | range=732799..<780799 revision=ProjectRevision(raw: 5) epoch=PlaybackEpoch(raw: 5) planIdLen=1642
[MEM-EVENT] preview.audio.stage8.render.decode | source=app.audio.source.imported:D50F6AD6-4D5B-4277-81C8-4C3E750ABC2D sourceStart=732799/48000 frameCount=48000 intersectionFrames=48000 elapsedMs=30.20
[PERF] FPS: 16.5 | CPU: 45.5% (1core), 7.6% (all) | MEM: 100MB res, 190MB foot | GPU: n/a | DRAW: avg 0.00ms, p95 0.00ms, max 0.00ms
[MEM-EVENT] preview.audio.stage8.render.decode | source=app.audio.source.videoLayer:scene-1-998960A7-9292-4785-9323-231FDE8CE58B:block_01 sourceStart=67999/24000 frameCount=48000 intersectionFrames=48000 elapsedMs=25.24
[MEM-EVENT] preview.audio.stage8.render.total | range=732799..<780799 segments=3 sources=2 elapsedMs=69.63
[MEM-EVENT] preview.audio.stage8.cache.store | range=732799..<780799 revision=ProjectRevision(raw: 5) epoch=PlaybackEpoch(raw: 5) planIdLen=1642
[MEM-EVENT] preview.audio.canonical.render.end | sources=2
[MEM-EVENT] preview.audio.canonical.nextChunk.render.end | range=732799..<780799 sourceCount=2
[MEM-EVENT] preview.audio.canonical.nextChunk.schedule.begin | range=732799..<780799 sources=2
[MEM-EVENT] preview.audio.canonical.nextChunk.schedule.end | range=732799..<780799 scheduled=1
[MEM-EVENT] preview.audio.canonical.nextChunk.requested | range=780799..<828799 gen=19 inFlight=1
[MEM-EVENT] preview.audio.canonical.nextChunk.render.begin | range=780799..<828799 gen=19
[MEM-EVENT] preview.audio.canonical.render.begin | segments=3 range=780799..<828799
[MEM-EVENT] preview.audio.stage8.cache.miss | range=780799..<828799 revision=ProjectRevision(raw: 5) epoch=PlaybackEpoch(raw: 5) planIdLen=1642
[VideoFrameProvider] playback: 31 OK, 0 nil (0.0%) | itemTime=8.086s | lastExtracted=8.120s | active=true
[MEM-EVENT] preview.audio.stage8.render.decode | source=app.audio.source.imported:D50F6AD6-4D5B-4277-81C8-4C3E750ABC2D sourceStart=780799/48000 frameCount=48000 intersectionFrames=48000 elapsedMs=29.40
[MEM-EVENT] preview.audio.stage8.render.decode | source=app.audio.source.videoLayer:scene-1-998960A7-9292-4785-9323-231FDE8CE58B:block_01 sourceStart=91999/24000 frameCount=48000 intersectionFrames=48000 elapsedMs=26.03
[MEM-EVENT] preview.audio.stage8.render.total | range=780799..<828799 segments=3 sources=2 elapsedMs=69.18
[MEM-EVENT] preview.audio.stage8.cache.store | range=780799..<828799 revision=ProjectRevision(raw: 5) epoch=PlaybackEpoch(raw: 5) planIdLen=1642
[MEM-EVENT] preview.audio.canonical.render.end | sources=2
[MEM-EVENT] preview.audio.canonical.nextChunk.render.end | range=780799..<828799 sourceCount=2
[MEM-EVENT] preview.audio.canonical.nextChunk.schedule.begin | range=780799..<828799 sources=2
[MEM-EVENT] preview.audio.canonical.nextChunk.schedule.end | range=780799..<828799 scheduled=1
[MEM-EVENT] preview.audio.canonical.nextChunk.requested | range=828799..<836801 gen=19 inFlight=1
[MEM-EVENT] playback.audio.stop.begin
[MEM-EVENT] displayLink.invalidate | obj=5862010516033964041
[MEM-EVENT] VideoFrameProvider.stopPlayback | obj=-4324266198413219050 flush=false hasPlaybackTex=true hasStillTex=true hasInteractiveTex=true hasHoldTex=false
[MEM-EVENT] preview.audio.canonical.nextChunk.render.begin | range=828799..<836801 gen=19
[MEM-EVENT] preview.audio.canonical.render.begin | segments=3 range=828799..<836801
[MEM-EVENT] preview.audio.stage8.cache.miss | range=828799..<836801 revision=ProjectRevision(raw: 5) epoch=PlaybackEpoch(raw: 5) planIdLen=1642
[MEM-EVENT] preview.audio.stage8.render.decode | source=app.audio.source.imported:D50F6AD6-4D5B-4277-81C8-4C3E750ABC2D sourceStart=828799/48000 frameCount=8001 intersectionFrames=8002 elapsedMs=70.00
[MEM-EVENT] preview.audio.stage8.render.decode | source=app.audio.source.videoLayer:scene-1-998960A7-9292-4785-9323-231FDE8CE58B:block_01 sourceStart=115999/24000 frameCount=8002 intersectionFrames=8002 elapsedMs=27.49
[MEM-EVENT] preview.audio.stage8.render.total | range=828799..<836801 segments=3 sources=2 elapsedMs=99.92
[MEM-EVENT] preview.audio.stage8.cache.store | range=828799..<836801 revision=ProjectRevision(raw: 5) epoch=PlaybackEpoch(raw: 5) planIdLen=1642
[MEM-EVENT] preview.audio.canonical.render.end | sources=2
[MEM-EVENT] preview.audio.canonical.nextChunk.dropped | gen=19 current=21 reason=staleOrStopped
[PERF] FPS: 2.0 | CPU: 0.0% (1core), 0.0% (all) | MEM: 101MB res, 184MB foot | GPU: n/a | DRAW: avg 0.00ms, p95 0.00ms, max 0.00ms
[PERF] FPS: 0.0 | CPU: 0.0% (1core), 0.0% (all) | MEM: 100MB res, 184MB foot | GPU: n/a | DRAW: avg 0.00ms, p95 0.00ms, max 0.00ms
[MEM-DIAG] playback.stop.cleanup | footprint: 184MB | resident: 100MB | available: 2888MB | metal: 153MB | SceneInstanceRuntime: 2 | UserMediaService: 3 | VideoFrameProvider: 2
[MEM-DIAG]   pool | avail: 4 (3.9MB) | inUse: 0 (~0.0MB) | total: ~3.9MB
[MEM-DIAG]   pool.owner | owner=mask.boolean.bbox created=4 MB=3.9
[MEM-DIAG]   sceneTypeCache | cached: 1 [full_image] loading: 0 | textures: 2 ~9.7MB
[MEM-DIAG]   overlayCache | entries: 0 MB: 0.0
[MEM-DIAG]   runtimes: 2
[MEM-DIAG]   videoProviders: 2
[MEM-EVENT] VideoFrameProvider.stopPlayback | obj=-4324266198413219050 flush=true hasPlaybackTex=true hasStillTex=true hasInteractiveTex=true hasHoldTex=false
[MEM-EVENT] CVTextureCache.flush | owner=UserMediaTextureFactory
[MEM-EVENT] VideoFrameProvider.stopPlayback | obj=-3290604098400097415 flush=true hasPlaybackTex=false hasStillTex=true hasInteractiveTex=false hasHoldTex=false
[MEM-EVENT] CVTextureCache.flush | owner=UserMediaTextureFactory
[MEM-EVENT] playback.audio.sessionDeactivate.call
[MEM-EVENT] audio.session.deactivate.begin
[MEM-EVENT] audio.session.deactivate.end | ok=1
[MEM-DIAG] playback.stop.after | footprint: 105MB | resident: 100MB | available: 2967MB | metal: 73MB | SceneInstanceRuntime: 2 | UserMediaService: 3 | VideoFrameProvider: 2
[MEM-DIAG]   pool | avail: 4 (3.9MB) | inUse: 0 (~0.0MB) | total: ~3.9MB
[MEM-DIAG]   pool.owner | owner=mask.boolean.bbox created=4 MB=3.9
[MEM-DIAG]   sceneTypeCache | cached: 1 [full_image] loading: 0 | textures: 2 ~9.7MB
[MEM-DIAG]   overlayCache | entries: 0 MB: 0.0
[MEM-DIAG]   runtimes: 2
[MEM-DIAG]   videoProviders: 2
[PERF] FPS: 0.0 | CPU: 0.1% (1core), 0.0% (all) | MEM: 100MB res, 105MB foot | GPU: n/a | DRAW: avg 0.00ms, p95 0.00ms, max 0.00ms
[MEM-DIAG] playback.stop.after.2s | footprint: 104MB | resident: 100MB | available: 2968MB | metal: 73MB | SceneInstanceRuntime: 2 | UserMediaService: 3 | VideoFrameProvider: 2
[MEM-DIAG]   pool | avail: 4 (3.9MB) | inUse: 0 (~0.0MB) | total: ~3.9MB
[MEM-DIAG]   pool.owner | owner=mask.boolean.bbox created=4 MB=3.9
[MEM-DIAG]   sceneTypeCache | cached: 1 [full_image] loading: 0 | textures: 2 ~9.7MB
[MEM-DIAG]   overlayCache | entries: 0 MB: 0.0
[MEM-DIAG]   runtimes: 2
[MEM-DIAG]   videoProviders: 2
[PERF] FPS: 0.0 | CPU: 0.0% (1core), 0.0% (all) | MEM: 100MB res, 104MB foot | GPU: n/a | DRAW: avg 0.00ms, p95 0.00ms, max 0.00ms
[PERF] FPS: 0.0 | CPU: 0.1% (1core), 0.0% (all) | MEM: 100MB res, 104MB foot | GPU: n/a | DRAW: avg 0.00ms, p95 0.00ms, max 0.00ms
[PERF] FPS: 0.0 | CPU: 0.0% (1core), 0.0% (all) | MEM: 99MB res, 104MB foot | GPU: n/a | DRAW: avg 0.00ms, p95 0.00ms, max 0.00ms
[PERF] FPS: 0.0 | CPU: 0.0% (1core), 0.0% (all) | MEM: 99MB res, 104MB foot | GPU: n/a | DRAW: avg 0.00ms, p95 0.00ms, max 0.00ms
[PERF] FPS: 0.0 | CPU: 0.0% (1core), 0.0% (all) | MEM: 99MB res, 104MB foot | GPU: n/a | DRAW: avg 0.00ms, p95 0.00ms, max 0.00ms
[PERF] FPS: 0.0 | CPU: 0.0% (1core), 0.0% (all) | MEM: 99MB res, 104MB foot | GPU: n/a | DRAW: avg 0.00ms, p95 0.00ms, max 0.00ms
[PERF] FPS: 0.0 | CPU: 0.0% (1core), 0.0% (all) | MEM: 99MB res, 104MB foot | GPU: n/a | DRAW: avg 0.00ms, p95 0.00ms, max 0.00ms
[PERF] FPS: 0.0 | CPU: 0.0% (1core), 0.0% (all) | MEM: 99MB res, 104MB foot | GPU: n/a | DRAW: avg 0.00ms, p95 0.00ms, max 0.00ms
[PERF] FPS: 0.0 | CPU: 0.0% (1core), 0.0% (all) | MEM: 99MB res, 104MB foot | GPU: n/a | DRAW: avg 0.00ms, p95 0.00ms, max 0.00ms
[PERF] FPS: 0.0 | CPU: 0.0% (1core), 0.0% (all) | MEM: 99MB res, 104MB foot | GPU: n/a | DRAW: avg 0.00ms, p95 0.00ms, max 0.00ms
[PERF] FPS: 0.0 | CPU: 0.0% (1core), 0.0% (all) | MEM: 99MB res, 104MB foot | GPU: n/a | DRAW: avg 0.00ms, p95 0.00ms, max 0.00ms
[PERF] FPS: 0.0 | CPU: 0.0% (1core), 0.0% (all) | MEM: 99MB res, 104MB foot | GPU: n/a | DRAW: avg 0.00ms, p95 0.00ms, max 0.00ms
[PERF] FPS: 0.0 | CPU: 0.0% (1core), 0.0% (all) | MEM: 99MB res, 104MB foot | GPU: n/a | DRAW: avg 0.00ms, p95 0.00ms, max 0.00ms
[PERF] FPS: 0.0 | CPU: 0.0% (1core), 0.0% (all) | MEM: 99MB res, 104MB foot | GPU: n/a | DRAW: avg 0.00ms, p95 0.00ms, max 0.00ms
[PERF] FPS: 0.0 | CPU: 0.0% (1core), 0.0% (all) | MEM: 99MB res, 104MB foot | GPU: n/a | DRAW: avg 0.00ms, p95 0.00ms, max 0.00ms
[PERF] FPS: 0.0 | CPU: 0.0% (1core), 0.0% (all) | MEM: 99MB res, 104MB foot | GPU: n/a | DRAW: avg 0.00ms, p95 0.00ms, max 0.00ms
[MEM-EVENT] playback.audio.stop.begin
[PERF] FPS: 0.0 | CPU: 18.2% (1core), 3.0% (all) | MEM: 117MB res, 107MB foot | GPU: n/a | DRAW: avg 0.00ms, p95 0.00ms, max 0.00ms
[MEM-DIAG] editor.close.before | footprint: 107MB | resident: 117MB | available: 2964MB | metal: n/aMB | SceneInstanceRuntime: 2 | UserMediaService: 3 | VideoFrameProvider: 2
[MEM-EVENT] playback.audio.stop.begin
[MEM-EVENT] EditorViewController.deinit | obj=-3028081729975174645
[MEM-DIAG] editor.close.after | footprint: 103MB | resident: 117MB | available: 2969MB | metal: n/aMB | SceneInstanceRuntime: 2 | UserMediaService: 3 | VideoFrameProvider: 2
[MEM-EVENT] UMS.releasePreview | obj=1237513217913903994 videoProviders=0 setupTasks=0 stillTasks=0 trimTasks=0 activeVideo=0
[MEM-EVENT] TCEngine.releasePreview | runtimes=2 evictCache=true
[MEM-EVENT] VideoFrameProvider.stopPlayback | obj=-4324266198413219050 flush=true hasPlaybackTex=false hasStillTex=true hasInteractiveTex=true hasHoldTex=false
[MEM-EVENT] CVTextureCache.flush | owner=UserMediaTextureFactory
[MEM-EVENT] UMS.releasePreview | obj=-2605701879756519111 videoProviders=1 setupTasks=0 stillTasks=0 trimTasks=0 activeVideo=0
[MEM-EVENT] VideoFrameProvider.release | obj=-4324266198413219050 hasPlaybackTex=false hasStillTex=true hasInteractiveTex=false
[MEM-EVENT] VideoFrameProvider.stopPlayback | obj=-4324266198413219050 flush=true hasPlaybackTex=false hasStillTex=true hasInteractiveTex=false hasHoldTex=false
[MEM-EVENT] CVTextureCache.flush | owner=UserMediaTextureFactory
[MEM-EVENT] CVTextureCache.flush | owner=UserMediaTextureFactory
[MEM-EVENT] VideoFrameProvider.release | obj=-4324266198413219050 hasPlaybackTex=false hasStillTex=false hasInteractiveTex=false
[MEM-EVENT] VideoFrameProvider.stopPlayback | obj=-4324266198413219050 flush=true hasPlaybackTex=false hasStillTex=false hasInteractiveTex=false hasHoldTex=false
[MEM-EVENT] CVTextureCache.flush | owner=UserMediaTextureFactory
[MEM-EVENT] CVTextureCache.flush | owner=UserMediaTextureFactory
[MEM-EVENT] VideoFrameProvider.deinit | obj=-4324266198413219050
[MEM-EVENT] VideoFrameProvider.stopPlayback | obj=-3290604098400097415 flush=true hasPlaybackTex=false hasStillTex=true hasInteractiveTex=false hasHoldTex=false
[MEM-EVENT] CVTextureCache.flush | owner=UserMediaTextureFactory
[MEM-EVENT] UMS.releasePreview | obj=2367630257437108189 videoProviders=1 setupTasks=0 stillTasks=0 trimTasks=0 activeVideo=0
[MEM-EVENT] VideoFrameProvider.release | obj=-3290604098400097415 hasPlaybackTex=false hasStillTex=true hasInteractiveTex=false
[MEM-EVENT] VideoFrameProvider.stopPlayback | obj=-3290604098400097415 flush=true hasPlaybackTex=false hasStillTex=true hasInteractiveTex=false hasHoldTex=false
[MEM-EVENT] CVTextureCache.flush | owner=UserMediaTextureFactory
[MEM-EVENT] CVTextureCache.flush | owner=UserMediaTextureFactory
[MEM-EVENT] VideoFrameProvider.release | obj=-3290604098400097415 hasPlaybackTex=false hasStillTex=false hasInteractiveTex=false
[MEM-EVENT] VideoFrameProvider.stopPlayback | obj=-3290604098400097415 flush=true hasPlaybackTex=false hasStillTex=false hasInteractiveTex=false hasHoldTex=false
[MEM-EVENT] CVTextureCache.flush | owner=UserMediaTextureFactory
[MEM-EVENT] CVTextureCache.flush | owner=UserMediaTextureFactory
[MEM-EVENT] VideoFrameProvider.deinit | obj=-3290604098400097415
[MEM-EVENT] SceneTypeCache.evictAll | count=1
[MEM-EVENT] SceneInstanceRuntime.deinit | obj=2227415308740731411 id=BBB22040-71D4-4001-8BBD-73623FEC4324
[MEM-EVENT] UserMediaService.deinit | obj=-2605701879756519111 videoProviders=0
[MEM-EVENT] SceneInstanceRuntime.deinit | obj=-2221397480244648803 id=998960A7-9292-4785-9323-231FDE8CE58B
[MEM-EVENT] UserMediaService.deinit | obj=2367630257437108189 videoProviders=0
[MEM-EVENT] Background.clearAll | keys=0
[BackgroundTextureService] Cleared all background textures
[MEM-DIAG] editor.close.afterTeardown | footprint: 77MB | resident: 111MB | available: 2994MB | metal: 29MB | SceneInstanceRuntime: 0 | UserMediaService: 1 | VideoFrameProvider: 0
[MEM-EVENT] EditorRuntime.deinit | obj=5862010516033964041
[MEM-EVENT] UserMediaService.deinit | obj=1237513217913903994 videoProviders=0
[MEM-DIAG] editor.boot.before | footprint: 37MB | resident: 110MB | available: 3034MB | metal: n/aMB | SceneInstanceRuntime: 0 | UserMediaService: 0 | VideoFrameProvider: 0
[MEM-EVENT] bootstrap.prepare.start | requestId=A2D67A8A-73E8-44FB-834F-3B65FAFA2668 sceneTypeId=full_image obj=-3028081729975174645
[MEM-EVENT] compiledPackage.load.summary | file=compiled.tve bytes=10044 read=0.000s validate=0.000s decode=0.001s total=0.001s assets=4
[MEM-EVENT] sceneTypeLoad.summary | id=full_image package=0.001s localIndex=0.000s sharedIndex=0.000s resolver=0.000s total=0.001s
[MEM-EVENT] initialScene.load.summary | id=full_image pipeline=0.001s player=0.000s provider=0.000s preload=0.042s total=0.044s
[MEM-EVENT] bootstrap.load.summary | sceneTypeId=full_image duration=0.04s
[MEM-EVENT] bootstrap.prepare.loaded | requestId=A2D67A8A-73E8-44FB-834F-3B65FAFA2668
[MEM-EVENT] bootstrap.prepare.apply | requestId=A2D67A8A-73E8-44FB-834F-3B65FAFA2668 obj=-3028081729975174645
[PerfCounter] applySnapshot(scene): 62
[PerfCounter] applySnapshot(scene): 63
[PerfCounter] applySnapshot(scene): 64
[MEM-EVENT] UserMediaService.init | obj=7224172577548413901
[MEM-EVENT] preview.audio.select | toggle=ON controller=Legacy
[MEM-EVENT] preview.audio.engine.teardown
[MEM-EVENT] preview.audio.canonical.selected | toggle=ON controller=CanonicalPreviewAudioController
[MEM-EVENT] preview.audio.prepare | canonicalIdlePrepareSkipped=1
[MEM-EVENT] bootstrap.boot.summary | duration=0.00s
[MEM-DIAG] editor.boot.after | footprint: 63MB | resident: 126MB | available: 3008MB | metal: 11MB | SceneInstanceRuntime: 0 | UserMediaService: 1 | VideoFrameProvider: 0
[MEM-EVENT] bootstrap.apply.summary | duration=0.00s
[MEM-EVENT] bootstrap.prepare.summary | sceneTypeId=full_image duration=0.05s outcome=success
[MEM-EVENT] Runtime.create.start | id=BBB22040-71D4-4001-8BBD-73623FEC4324 sceneType=full_image
[MEM-EVENT] SceneTypeCache.preload.start | id=full_image cached=0
[MEM-EVENT] compiledPackage.load.summary | file=compiled.tve bytes=10044 read=0.000s validate=0.000s decode=0.001s total=0.001s assets=4
[MEM-EVENT] sceneTypeLoad.summary | id=full_image package=0.001s localIndex=0.000s sharedIndex=0.000s resolver=0.000s total=0.001s
[MEM-EVENT] SceneTypeCache.preload.summary | id=full_image source=cold io=0.00s provider=0.00s textures=0.04s total=0.04s
[MEM-EVENT] SceneTypeCache.preload.stored | id=full_image total=1 ids=full_image
[MEM-EVENT] UserMediaService.init | obj=-1406112605987956200
[MEM-EVENT] SceneInstanceRuntime.init | obj=7885356675829939036 id=BBB22040-71D4-4001-8BBD-73623FEC4324 type=full_image
[MEM-EVENT] UMS.cleanupVideo | obj=-1406112605987956200 blockId=block_01
[MEM-EVENT] CVTextureCache.create | owner=UserMediaTextureFactory
[MEM-EVENT] VideoFrameProvider.init | obj=-3870763978127712563
[MediaRestoreCoordinator] Restored video for block_01: presentOnReady=true, success
[MEM-EVENT] SceneInstanceRuntime.applyState | obj=7885356675829939036 id=BBB22040-71D4-4001-8BBD-73623FEC4324 restored=1
[MEM-EVENT] Runtime.create.complete | id=BBB22040-71D4-4001-8BBD-73623FEC4324 outcome=success total=1
[MEM-EVENT] SceneInstanceRuntime.prepare | obj=7885356675829939036 id=BBB22040-71D4-4001-8BBD-73623FEC4324 frame=0
[VideoFrameProvider] READY: BBB22040-71D4-4001-8BBD-73623FEC4324_block_01_61C3432D-B3F5-44B5-8C2C-103EE3850D7D.mov | dur=46.64s | sceneFPS=30.0 | trackFPS=25.00 | size=1920x1080 | transform=[0.0,1.0,-1.0,0.0,1080.0,0.0]
[SceneInstanceRuntime] Ready for presentation at frame 0: BBB22040-71D4-4001-8BBD-73623FEC4324
[SCRUB-DIAG] FINAL - scroll: 0.0/s | scrubChanged: 0.0/s | playhead: 0.0/s (elapsed: 45.40s)
[SCRUB-DIAG] FINAL - scroll: 0.0/s | scrubChanged: 0.0/s | playhead: 0.0/s (elapsed: 0.29s)
[MEM-DIAG] editor.close.after.2s | footprint: 106MB | resident: 122MB | available: 2966MB | metal: 62MB | SceneInstanceRuntime: 1 | UserMediaService: 2 | VideoFrameProvider: 1
[MEM-EVENT] playback.audio.stop.begin
[MEM-DIAG] editor.close.before | footprint: 97MB | resident: 118MB | available: 2975MB | metal: n/aMB | SceneInstanceRuntime: 1 | UserMediaService: 2 | VideoFrameProvider: 1
[MEM-EVENT] playback.audio.stop.begin
[MEM-EVENT] EditorViewController.deinit | obj=-3028081729975174645
[MEM-DIAG] editor.close.after | footprint: 93MB | resident: 118MB | available: 2979MB | metal: n/aMB | SceneInstanceRuntime: 1 | UserMediaService: 2 | VideoFrameProvider: 1
[MEM-EVENT] UMS.releasePreview | obj=7224172577548413901 videoProviders=0 setupTasks=0 stillTasks=0 trimTasks=0 activeVideo=0
[MEM-EVENT] TCEngine.releasePreview | runtimes=1 evictCache=true
[MEM-EVENT] VideoFrameProvider.stopPlayback | obj=-3870763978127712563 flush=true hasPlaybackTex=false hasStillTex=true hasInteractiveTex=true hasHoldTex=false
[MEM-EVENT] CVTextureCache.flush | owner=UserMediaTextureFactory
[MEM-EVENT] UMS.releasePreview | obj=-1406112605987956200 videoProviders=1 setupTasks=0 stillTasks=0 trimTasks=0 activeVideo=0
[MEM-EVENT] VideoFrameProvider.release | obj=-3870763978127712563 hasPlaybackTex=false hasStillTex=true hasInteractiveTex=false
[MEM-EVENT] VideoFrameProvider.stopPlayback | obj=-3870763978127712563 flush=true hasPlaybackTex=false hasStillTex=true hasInteractiveTex=false hasHoldTex=false
[MEM-EVENT] CVTextureCache.flush | owner=UserMediaTextureFactory
[MEM-EVENT] CVTextureCache.flush | owner=UserMediaTextureFactory
[MEM-EVENT] VideoFrameProvider.release | obj=-3870763978127712563 hasPlaybackTex=false hasStillTex=false hasInteractiveTex=false
[MEM-EVENT] VideoFrameProvider.stopPlayback | obj=-3870763978127712563 flush=true hasPlaybackTex=false hasStillTex=false hasInteractiveTex=false hasHoldTex=false
[MEM-EVENT] CVTextureCache.flush | owner=UserMediaTextureFactory
[MEM-EVENT] CVTextureCache.flush | owner=UserMediaTextureFactory
[MEM-EVENT] VideoFrameProvider.deinit | obj=-3870763978127712563
[MEM-EVENT] SceneTypeCache.evictAll | count=1
[MEM-EVENT] SceneInstanceRuntime.deinit | obj=7885356675829939036 id=BBB22040-71D4-4001-8BBD-73623FEC4324
[MEM-EVENT] UserMediaService.deinit | obj=-1406112605987956200 videoProviders=0
[MEM-EVENT] Background.clearAll | keys=0
[BackgroundTextureService] Cleared all background textures
[MEM-DIAG] editor.close.afterTeardown | footprint: 79MB | resident: 111MB | available: 2993MB | metal: 29MB | SceneInstanceRuntime: 0 | UserMediaService: 1 | VideoFrameProvider: 0
[MEM-EVENT] EditorRuntime.deinit | obj=-7977451314928493711
[MEM-EVENT] UserMediaService.deinit | obj=7224172577548413901 videoProviders=0
[MEM-DIAG] editor.boot.before | footprint: 43MB | resident: 110MB | available: 3029MB | metal: n/aMB | SceneInstanceRuntime: 0 | UserMediaService: 0 | VideoFrameProvider: 0
[MEM-EVENT] bootstrap.prepare.start | requestId=8F4F6C3E-14F3-4F12-8364-61B1E2CA3940 sceneTypeId=full_image obj=-3028081729975174645
[MEM-EVENT] compiledPackage.load.summary | file=compiled.tve bytes=10044 read=0.000s validate=0.000s decode=0.001s total=0.001s assets=4
[MEM-EVENT] sceneTypeLoad.summary | id=full_image package=0.001s localIndex=0.000s sharedIndex=0.000s resolver=0.000s total=0.001s
[MEM-EVENT] initialScene.load.summary | id=full_image pipeline=0.001s player=0.000s provider=0.000s preload=0.040s total=0.041s
[MEM-EVENT] bootstrap.load.summary | sceneTypeId=full_image duration=0.04s
[MEM-EVENT] bootstrap.prepare.loaded | requestId=8F4F6C3E-14F3-4F12-8364-61B1E2CA3940
[MEM-EVENT] bootstrap.prepare.apply | requestId=8F4F6C3E-14F3-4F12-8364-61B1E2CA3940 obj=-3028081729975174645
[PerfCounter] applySnapshot(scene): 65
[PerfCounter] applySnapshot(scene): 66
[PerfCounter] applySnapshot(scene): 67
[PerfCounter] applySnapshot(scene): 68
[MEM-EVENT] UserMediaService.init | obj=7224172577548413901
[MEM-EVENT] preview.audio.select | toggle=ON controller=Legacy
[MEM-EVENT] preview.audio.engine.teardown
[MEM-EVENT] preview.audio.canonical.selected | toggle=ON controller=CanonicalPreviewAudioController
[MEM-EVENT] preview.audio.prepare | canonicalIdlePrepareSkipped=1
[MEM-EVENT] bootstrap.boot.summary | duration=0.00s
[MEM-DIAG] editor.boot.after | footprint: 69MB | resident: 126MB | available: 3003MB | metal: 11MB | SceneInstanceRuntime: 0 | UserMediaService: 1 | VideoFrameProvider: 0
[MEM-EVENT] bootstrap.apply.summary | duration=0.00s
[MEM-EVENT] bootstrap.prepare.summary | sceneTypeId=full_image duration=0.04s outcome=success
[MEM-EVENT] Runtime.create.start | id=1B27C22C-A3AC-4480-9EF0-810D6EB7B169 sceneType=full_image
[MEM-EVENT] SceneTypeCache.preload.start | id=full_image cached=0
[MEM-EVENT] compiledPackage.load.summary | file=compiled.tve bytes=10044 read=0.000s validate=0.000s decode=0.001s total=0.001s assets=4
[MEM-EVENT] sceneTypeLoad.summary | id=full_image package=0.001s localIndex=0.000s sharedIndex=0.000s resolver=0.000s total=0.001s
[PerfCounter] layout(scene): 50
[MEM-EVENT] SceneTypeCache.preload.summary | id=full_image source=cold io=0.00s provider=0.00s textures=0.04s total=0.04s
[MEM-EVENT] SceneTypeCache.preload.stored | id=full_image total=1 ids=full_image
[MEM-EVENT] UserMediaService.init | obj=1527476845733806415
[MEM-EVENT] SceneInstanceRuntime.init | obj=-1084197415555512854 id=1B27C22C-A3AC-4480-9EF0-810D6EB7B169 type=full_image
[MEM-EVENT] UMS.cleanupVideo | obj=1527476845733806415 blockId=block_01
[MEM-EVENT] CVTextureCache.create | owner=UserMediaTextureFactory
[MEM-EVENT] VideoFrameProvider.init | obj=-7762711661355797744
[MediaRestoreCoordinator] Restored video for block_01: presentOnReady=true, success
[MEM-EVENT] SceneInstanceRuntime.applyState | obj=-1084197415555512854 id=1B27C22C-A3AC-4480-9EF0-810D6EB7B169 restored=1
[MEM-EVENT] Runtime.create.complete | id=1B27C22C-A3AC-4480-9EF0-810D6EB7B169 outcome=success total=1
[MEM-EVENT] SceneInstanceRuntime.prepare | obj=-1084197415555512854 id=1B27C22C-A3AC-4480-9EF0-810D6EB7B169 frame=0
[VideoFrameProvider] READY: 1B27C22C-A3AC-4480-9EF0-810D6EB7B169_block_01_D6CA418E-C918-4CD3-8816-B0D31A2FD7B9.mov | dur=46.64s | sceneFPS=30.0 | trackFPS=25.00 | size=1920x1080 | transform=[0.0,1.0,-1.0,0.0,1080.0,0.0]
[SceneInstanceRuntime] Ready for presentation at frame 0: 1B27C22C-A3AC-4480-9EF0-810D6EB7B169
[MEM-EVENT] audio.session.configure | ok=1
[MEM-EVENT] audio.session.activate.begin
[MEM-EVENT] audio.session.activate.end | ok=1
[MEM-EVENT] Runtime.create.start | id=8CEC99DF-E1B3-4C0C-8280-7A2D63061E32 sceneType=polaroid_2
[MEM-EVENT] SceneTypeCache.preload.start | id=polaroid_2 cached=1
[MEM-EVENT] compiledPackage.load.summary | file=compiled.tve bytes=20562 read=0.006s validate=0.000s decode=0.009s total=0.015s assets=8
[MEM-EVENT] sceneTypeLoad.summary | id=polaroid_2 package=0.017s localIndex=0.000s sharedIndex=0.000s resolver=0.000s total=0.017s
[MEM-DIAG] editor.close.after.2s | footprint: 117MB | resident: 130MB | available: 2954MB | metal: 65MB | SceneInstanceRuntime: 1 | UserMediaService: 2 | VideoFrameProvider: 1
[MEM-EVENT] SceneTypeCache.preload.summary | id=polaroid_2 source=cold io=0.02s provider=0.00s textures=0.13s total=0.15s
[MEM-EVENT] SceneTypeCache.preload.stored | id=polaroid_2 total=2 ids=full_image,polaroid_2
[MEM-EVENT] UserMediaService.init | obj=-4021164116063452667
[MEM-EVENT] SceneInstanceRuntime.init | obj=152861438077224423 id=8CEC99DF-E1B3-4C0C-8280-7A2D63061E32 type=polaroid_2
[MEM-EVENT] UMS.cleanupVideo | obj=-4021164116063452667 blockId=block_02
[MEM-EVENT] CVTextureCache.create | owner=UserMediaTextureFactory
[MEM-EVENT] VideoFrameProvider.init | obj=2879593938934169324
[MediaRestoreCoordinator] Restored video for block_02: presentOnReady=true, success
[MEM-EVENT] UMS.cleanupVideo | obj=-4021164116063452667 blockId=block_01
[MEM-EVENT] CVTextureCache.create | owner=UserMediaTextureFactory
[MEM-EVENT] VideoFrameProvider.init | obj=-61160894969377755
[MediaRestoreCoordinator] Restored video for block_01: presentOnReady=true, success
[MEM-EVENT] SceneInstanceRuntime.applyState | obj=152861438077224423 id=8CEC99DF-E1B3-4C0C-8280-7A2D63061E32 restored=2
[MEM-EVENT] Runtime.create.complete | id=8CEC99DF-E1B3-4C0C-8280-7A2D63061E32 outcome=success total=2
[MEM-EVENT] SceneInstanceRuntime.prepare | obj=152861438077224423 id=8CEC99DF-E1B3-4C0C-8280-7A2D63061E32 frame=0
[VideoFrameProvider] READY: 8CEC99DF-E1B3-4C0C-8280-7A2D63061E32_block_01_84C8DC9A-611F-43C8-8DA1-F1E3EFF676C9.mov | dur=11.08s | sceneFPS=30.0 | trackFPS=24.99 | size=1920x1080 | transform=[0.0,1.0,-1.0,0.0,1080.0,0.0]
[VideoFrameProvider] READY: 8CEC99DF-E1B3-4C0C-8280-7A2D63061E32_block_02_E27C9256-DED1-4C94-B4DE-B38C9F2587DC.mov | dur=7.73s | sceneFPS=30.0 | trackFPS=59.91 | size=1920x1080 | transform=[1.0,0.0,0.0,1.0,0.0,0.0]
[SceneInstanceRuntime] Ready for presentation at frame 0: 8CEC99DF-E1B3-4C0C-8280-7A2D63061E32
[MEM-EVENT] playback.audio.start.begin | compressedFrame=0 projectTimeUs=0 state=timelinePreview isPlayingBefore=0
[MEM-EVENT] displayLink.create | obj=5629661128383082850
[MEM-DIAG] playback.start | footprint: 144MB | resident: 127MB | available: 2927MB | metal: 95MB | SceneInstanceRuntime: 2 | UserMediaService: 3 | VideoFrameProvider: 3
[MEM-EVENT] playback.audio.previewStart.call | projectTimeUs=0 hostTime=206089.46342637503
[MEM-EVENT] preview.audio.select | toggle=ON controller=Canonical
[MEM-EVENT] preview.audio.start | dirty=1 hasPipeline=0 readiness=idle
[MEM-EVENT] preview.audio.canonical.legacyGateBypassed | seconds=0.0 hostTime=206089.46342637503
[MEM-EVENT] preview.audio.canonical.startPlayback.call | seconds=0.0
[MEM-EVENT] preview.audio.stage8.startPlayback.call | sinceStartMs=0.00 fromSeconds=0.0
[MEM-EVENT] preview.audio.stage8.plan.eval | sinceStartMs=0.66 elapsedMs=0.64 segments=5
[MEM-EVENT] preview.audio.canonical.plan | segments=5 fromSeconds=0.0
[MEM-EVENT] preview.audio.stage8.setup.end | sinceStartMs=8.65 graph+session+output+anchor done
[MEM-EVENT] preview.audio.canonical.preroll.build.begin | planSegments=5 range=0..<9600 gen=2
[MEM-EVENT] preview.audio.stage8.preroll.begin | sinceStartMs=8.68 range=0..<9600 sampleCount=9600 initialPrerollSamples=9600 maxChunkSamples=48000
[MEM-EVENT] preview.audio.canonical.render.begin | segments=5 range=0..<9600
[MEM-EVENT] preview.audio.stage8.cache.miss | range=0..<9600 revision=ProjectRevision(raw: 1) epoch=PlaybackEpoch(raw: 1) planIdLen=2830
[VideoFrameProvider] playback: 1 OK, 0 nil (0.0%) | itemTime=0.000s | lastExtracted=0.000s | active=true
[MEM-EVENT] preview.audio.canonical.firstFrameSignal | delivered=1
[MEM-EVENT] preview.audio.stage8.firstFrameSignal | sinceStartMs=10.98 barrierReason=firstFrameArrivedPrerollNotReady
[MEM-EVENT] preview.audio.stage8.render.decode | source=app.audio.source.imported:531F4D44-3E03-4BAF-AC42-E5B4D308A7F2 sourceStart=0/1 frameCount=9600 intersectionFrames=9600 elapsedMs=155.31
[MEM-EVENT] preview.audio.stage8.render.decode | source=app.audio.source.videoLayer:scene-0-1B27C22C-A3AC-4480-9EF0-810D6EB7B169:block_01 sourceStart=0/1 frameCount=9600 intersectionFrames=9600 elapsedMs=26.26
[MEM-EVENT] preview.audio.stage8.render.total | range=0..<9600 segments=5 sources=2 elapsedMs=185.24
[MEM-EVENT] preview.audio.stage8.cache.store | range=0..<9600 revision=ProjectRevision(raw: 1) epoch=PlaybackEpoch(raw: 1) planIdLen=2830
[MEM-EVENT] preview.audio.canonical.render.end | sources=2
[MEM-EVENT] preview.audio.canonical.preroll.build.end | sourceCount=2 bufferCount=2
[MEM-EVENT] preview.audio.stage8.preroll.end | sinceStartMs=195.16 renderElapsedMs=186.47 sourceCount=2
[MEM-EVENT] preview.audio.stage8.barrier.cross | sinceStartMs=195.16
[MEM-EVENT] preview.audio.canonical.graph.schedule.begin | sources=2
[MEM-EVENT] preview.audio.canonical.graph.schedule.end | scheduled=1
[MEM-EVENT] preview.audio.stage8.graph.schedule.end | sinceStartMs=239.49 scheduleMs=44.31
[MEM-EVENT] preview.audio.canonical.engine.start.begin
[MEM-EVENT] preview.audio.canonical.player.play.begin
[MEM-EVENT] preview.audio.canonical.player.play.end
[MEM-EVENT] preview.audio.canonical.engine.start.end
[MEM-EVENT] preview.audio.stage8.player.play.end | sinceStartMs=239.51 playStartMs=0.02
[MEM-EVENT] preview.audio.canonical.scheduled | scheduled=1 sources=2 started=1
[MEM-EVENT] preview.audio.stage8.scheduled.total | sinceStartMs=239.52 totalStartToScheduledMs=239.52
[MEM-EVENT] preview.audio.canonical.nextChunk.requested | range=9600..<57600 gen=2 inFlight=1
[MEM-EVENT] preview.audio.canonical.nextChunk.render.begin | range=9600..<57600 gen=2
[MEM-EVENT] preview.audio.canonical.render.begin | segments=5 range=9600..<57600
[MEM-EVENT] preview.audio.stage8.cache.miss | range=9600..<57600 revision=ProjectRevision(raw: 1) epoch=PlaybackEpoch(raw: 1) planIdLen=2830
[MEM-EVENT] preview.audio.stage8.render.decode | source=app.audio.source.imported:531F4D44-3E03-4BAF-AC42-E5B4D308A7F2 sourceStart=1/5 frameCount=48000 intersectionFrames=48000 elapsedMs=31.80
[MEM-EVENT] preview.audio.stage8.render.decode | source=app.audio.source.videoLayer:scene-0-1B27C22C-A3AC-4480-9EF0-810D6EB7B169:block_01 sourceStart=1/5 frameCount=48000 intersectionFrames=48000 elapsedMs=30.33
[MEM-EVENT] preview.audio.stage8.render.total | range=9600..<57600 segments=5 sources=2 elapsedMs=77.26
[MEM-EVENT] preview.audio.stage8.cache.store | range=9600..<57600 revision=ProjectRevision(raw: 1) epoch=PlaybackEpoch(raw: 1) planIdLen=2830
[MEM-EVENT] preview.audio.canonical.render.end | sources=2
[MEM-EVENT] preview.audio.canonical.nextChunk.render.end | range=9600..<57600 sourceCount=2
[MEM-EVENT] preview.audio.canonical.nextChunk.schedule.begin | range=9600..<57600 sources=2
[MEM-EVENT] preview.audio.canonical.nextChunk.schedule.end | range=9600..<57600 scheduled=1
[MEM-EVENT] preview.audio.canonical.nextChunk.requested | range=57600..<105600 gen=2 inFlight=1
[MEM-EVENT] preview.audio.canonical.nextChunk.render.begin | range=57600..<105600 gen=2
[MEM-EVENT] preview.audio.canonical.render.begin | segments=5 range=57600..<105600
[MEM-EVENT] preview.audio.stage8.cache.miss | range=57600..<105600 revision=ProjectRevision(raw: 1) epoch=PlaybackEpoch(raw: 1) planIdLen=2830
[MEM-EVENT] preview.audio.stage8.render.decode | source=app.audio.source.imported:531F4D44-3E03-4BAF-AC42-E5B4D308A7F2 sourceStart=6/5 frameCount=48000 intersectionFrames=48000 elapsedMs=31.01
[MEM-EVENT] preview.audio.stage8.render.decode | source=app.audio.source.videoLayer:scene-0-1B27C22C-A3AC-4480-9EF0-810D6EB7B169:block_01 sourceStart=6/5 frameCount=48000 intersectionFrames=48000 elapsedMs=24.37
[MEM-EVENT] preview.audio.stage8.render.total | range=57600..<105600 segments=5 sources=2 elapsedMs=69.53
[MEM-EVENT] preview.audio.stage8.cache.store | range=57600..<105600 revision=ProjectRevision(raw: 1) epoch=PlaybackEpoch(raw: 1) planIdLen=2830
[MEM-EVENT] preview.audio.canonical.render.end | sources=2
[MEM-EVENT] preview.audio.canonical.nextChunk.render.end | range=57600..<105600 sourceCount=2
[MEM-EVENT] preview.audio.canonical.nextChunk.schedule.begin | range=57600..<105600 sources=2
[MEM-EVENT] preview.audio.canonical.nextChunk.schedule.end | range=57600..<105600 scheduled=1
[MEM-EVENT] preview.audio.canonical.nextChunk.requested | range=105600..<153600 gen=2 inFlight=1
[MEM-EVENT] preview.audio.canonical.nextChunk.render.begin | range=105600..<153600 gen=2
[MEM-EVENT] preview.audio.canonical.render.begin | segments=5 range=105600..<153600
[MEM-EVENT] preview.audio.stage8.cache.miss | range=105600..<153600 revision=ProjectRevision(raw: 1) epoch=PlaybackEpoch(raw: 1) planIdLen=2830
[MEM-EVENT] preview.audio.stage8.render.decode | source=app.audio.source.imported:531F4D44-3E03-4BAF-AC42-E5B4D308A7F2 sourceStart=11/5 frameCount=48000 intersectionFrames=48000 elapsedMs=30.00
[MEM-EVENT] preview.audio.stage8.render.decode | source=app.audio.source.videoLayer:scene-0-1B27C22C-A3AC-4480-9EF0-810D6EB7B169:block_01 sourceStart=11/5 frameCount=48000 intersectionFrames=48000 elapsedMs=25.93
[MEM-EVENT] preview.audio.stage8.render.total | range=105600..<153600 segments=5 sources=2 elapsedMs=69.85
[MEM-EVENT] preview.audio.stage8.cache.store | range=105600..<153600 revision=ProjectRevision(raw: 1) epoch=PlaybackEpoch(raw: 1) planIdLen=2830
[MEM-EVENT] preview.audio.canonical.render.end | sources=2
[MEM-EVENT] preview.audio.canonical.nextChunk.render.end | range=105600..<153600 sourceCount=2
[MEM-EVENT] preview.audio.canonical.nextChunk.schedule.begin | range=105600..<153600 sources=2
[MEM-EVENT] preview.audio.canonical.nextChunk.schedule.end | range=105600..<153600 scheduled=1
[MEM-EVENT] preview.audio.canonical.nextChunk.requested | range=153600..<201600 gen=2 inFlight=1
[MEM-EVENT] preview.audio.canonical.nextChunk.render.begin | range=153600..<201600 gen=2
[MEM-EVENT] preview.audio.canonical.render.begin | segments=5 range=153600..<201600
[MEM-EVENT] preview.audio.stage8.cache.miss | range=153600..<201600 revision=ProjectRevision(raw: 1) epoch=PlaybackEpoch(raw: 1) planIdLen=2830
[MEM-EVENT] preview.audio.stage8.render.decode | source=app.audio.source.imported:531F4D44-3E03-4BAF-AC42-E5B4D308A7F2 sourceStart=16/5 frameCount=48000 intersectionFrames=48000 elapsedMs=28.75
[MEM-EVENT] preview.audio.stage8.render.decode | source=app.audio.source.videoLayer:scene-0-1B27C22C-A3AC-4480-9EF0-810D6EB7B169:block_01 sourceStart=16/5 frameCount=48000 intersectionFrames=48000 elapsedMs=24.77
[MEM-EVENT] preview.audio.stage8.render.total | range=153600..<201600 segments=5 sources=2 elapsedMs=67.35
[MEM-EVENT] preview.audio.stage8.cache.store | range=153600..<201600 revision=ProjectRevision(raw: 1) epoch=PlaybackEpoch(raw: 1) planIdLen=2830
[MEM-EVENT] preview.audio.canonical.render.end | sources=2
[MEM-EVENT] preview.audio.canonical.nextChunk.render.end | range=153600..<201600 sourceCount=2
[MEM-EVENT] preview.audio.canonical.nextChunk.schedule.begin | range=153600..<201600 sources=2
[MEM-EVENT] preview.audio.canonical.nextChunk.schedule.end | range=153600..<201600 scheduled=1
[MEM-EVENT] preview.audio.canonical.nextChunk.requested | range=201600..<249600 gen=2 inFlight=1
[MEM-EVENT] preview.audio.canonical.nextChunk.render.begin | range=201600..<249600 gen=2
[MEM-EVENT] preview.audio.canonical.render.begin | segments=5 range=201600..<249600
[MEM-EVENT] preview.audio.stage8.cache.miss | range=201600..<249600 revision=ProjectRevision(raw: 1) epoch=PlaybackEpoch(raw: 1) planIdLen=2830
[MEM-EVENT] preview.audio.stage8.render.decode | source=app.audio.source.imported:531F4D44-3E03-4BAF-AC42-E5B4D308A7F2 sourceStart=21/5 frameCount=48000 intersectionFrames=48000 elapsedMs=30.70
[MEM-EVENT] preview.audio.stage8.render.decode | source=app.audio.source.videoLayer:scene-0-1B27C22C-A3AC-4480-9EF0-810D6EB7B169:block_01 sourceStart=21/5 frameCount=48000 intersectionFrames=48000 elapsedMs=25.58
[MEM-EVENT] preview.audio.stage8.render.total | range=201600..<249600 segments=5 sources=2 elapsedMs=69.99
[MEM-EVENT] preview.audio.stage8.cache.store | range=201600..<249600 revision=ProjectRevision(raw: 1) epoch=PlaybackEpoch(raw: 1) planIdLen=2830
[MEM-EVENT] preview.audio.canonical.render.end | sources=2
[MEM-EVENT] preview.audio.canonical.nextChunk.render.end | range=201600..<249600 sourceCount=2
[MEM-EVENT] preview.audio.canonical.nextChunk.schedule.begin | range=201600..<249600 sources=2
[MEM-EVENT] preview.audio.canonical.nextChunk.schedule.end | range=201600..<249600 scheduled=1
[MEM-EVENT] preview.audio.canonical.nextChunk.requested | range=249600..<297600 gen=2 inFlight=1
[MEM-EVENT] preview.audio.canonical.nextChunk.render.begin | range=249600..<297600 gen=2
[MEM-EVENT] preview.audio.canonical.render.begin | segments=5 range=249600..<297600
[MEM-EVENT] preview.audio.stage8.cache.miss | range=249600..<297600 revision=ProjectRevision(raw: 1) epoch=PlaybackEpoch(raw: 1) planIdLen=2830
[MEM-EVENT] preview.audio.stage8.render.decode | source=app.audio.source.imported:531F4D44-3E03-4BAF-AC42-E5B4D308A7F2 sourceStart=26/5 frameCount=48000 intersectionFrames=48000 elapsedMs=30.02
[MEM-EVENT] preview.audio.stage8.render.decode | source=app.audio.source.videoLayer:scene-0-1B27C22C-A3AC-4480-9EF0-810D6EB7B169:block_01 sourceStart=26/5 frameCount=48000 intersectionFrames=48000 elapsedMs=24.80
[MEM-EVENT] preview.audio.stage8.render.total | range=249600..<297600 segments=5 sources=2 elapsedMs=68.80
[MEM-EVENT] preview.audio.stage8.cache.store | range=249600..<297600 revision=ProjectRevision(raw: 1) epoch=PlaybackEpoch(raw: 1) planIdLen=2830
[MEM-EVENT] preview.audio.canonical.render.end | sources=2
[MEM-EVENT] preview.audio.canonical.nextChunk.render.end | range=249600..<297600 sourceCount=2
[MEM-EVENT] preview.audio.canonical.nextChunk.schedule.begin | range=249600..<297600 sources=2
[MEM-EVENT] preview.audio.canonical.nextChunk.schedule.end | range=249600..<297600 scheduled=1
[MEM-EVENT] preview.audio.canonical.nextChunk.requested | range=297600..<345600 gen=2 inFlight=1
[MEM-EVENT] preview.audio.canonical.nextChunk.render.begin | range=297600..<345600 gen=2
[MEM-EVENT] preview.audio.canonical.render.begin | segments=5 range=297600..<345600
[MEM-EVENT] preview.audio.stage8.cache.miss | range=297600..<345600 revision=ProjectRevision(raw: 1) epoch=PlaybackEpoch(raw: 1) planIdLen=2830
[MEM-EVENT] preview.audio.stage8.render.decode | source=app.audio.source.imported:531F4D44-3E03-4BAF-AC42-E5B4D308A7F2 sourceStart=31/5 frameCount=48000 intersectionFrames=48000 elapsedMs=30.93
[MEM-EVENT] preview.audio.stage8.render.decode | source=app.audio.source.videoLayer:scene-0-1B27C22C-A3AC-4480-9EF0-810D6EB7B169:block_01 sourceStart=31/5 frameCount=20000 intersectionFrames=20001 elapsedMs=23.58
[MEM-EVENT] preview.audio.stage8.render.decode | source=app.audio.source.videoLayer:scene-1-8CEC99DF-E1B3-4C0C-8280-7A2D63061E32:block_01 sourceStart=0/1 frameCount=27999 intersectionFrames=27999 elapsedMs=21.74
[MEM-EVENT] preview.audio.stage8.render.decode | source=app.audio.source.videoLayer:scene-1-8CEC99DF-E1B3-4C0C-8280-7A2D63061E32:block_02 sourceStart=0/1 frameCount=27999 intersectionFrames=27999 elapsedMs=23.55
[MEM-EVENT] preview.audio.stage8.render.total | range=297600..<345600 segments=5 sources=4 elapsedMs=118.43
[MEM-EVENT] preview.audio.stage8.cache.store | range=297600..<345600 revision=ProjectRevision(raw: 1) epoch=PlaybackEpoch(raw: 1) planIdLen=2830
[MEM-EVENT] preview.audio.canonical.render.end | sources=4
[MEM-EVENT] preview.audio.canonical.nextChunk.render.end | range=297600..<345600 sourceCount=4
[MEM-EVENT] preview.audio.canonical.nextChunk.schedule.begin | range=297600..<345600 sources=4
[MEM-EVENT] preview.audio.canonical.nextChunk.schedule.end | range=297600..<345600 scheduled=1
[MEM-EVENT] preview.audio.canonical.nextChunk.requested | range=345600..<393600 gen=2 inFlight=1
[MEM-EVENT] preview.audio.canonical.nextChunk.render.begin | range=345600..<393600 gen=2
[MEM-EVENT] preview.audio.canonical.render.begin | segments=5 range=345600..<393600
[MEM-EVENT] preview.audio.stage8.cache.miss | range=345600..<393600 revision=ProjectRevision(raw: 1) epoch=PlaybackEpoch(raw: 1) planIdLen=2830
[MEM-EVENT] preview.audio.stage8.render.decode | source=app.audio.source.imported:531F4D44-3E03-4BAF-AC42-E5B4D308A7F2 sourceStart=36/5 frameCount=48000 intersectionFrames=48000 elapsedMs=31.71
[MEM-EVENT] preview.audio.stage8.render.decode | source=app.audio.source.videoLayer:scene-1-8CEC99DF-E1B3-4C0C-8280-7A2D63061E32:block_01 sourceStart=9333/16000 frameCount=48000 intersectionFrames=48000 elapsedMs=24.04
[MEM-EVENT] preview.audio.stage8.render.decode | source=app.audio.source.videoLayer:scene-1-8CEC99DF-E1B3-4C0C-8280-7A2D63061E32:block_02 sourceStart=9333/16000 frameCount=48000 intersectionFrames=48000 elapsedMs=25.55
[MEM-EVENT] preview.audio.stage8.render.total | range=345600..<393600 segments=5 sources=3 elapsedMs=102.22
[MEM-EVENT] preview.audio.stage8.cache.store | range=345600..<393600 revision=ProjectRevision(raw: 1) epoch=PlaybackEpoch(raw: 1) planIdLen=2830
[MEM-EVENT] preview.audio.canonical.render.end | sources=3
[MEM-EVENT] preview.audio.canonical.nextChunk.render.end | range=345600..<393600 sourceCount=3
[MEM-EVENT] preview.audio.canonical.nextChunk.schedule.begin | range=345600..<393600 sources=3
[MEM-EVENT] preview.audio.canonical.nextChunk.schedule.end | range=345600..<393600 scheduled=1
[MEM-EVENT] preview.audio.canonical.nextChunk.requested | range=393600..<441600 gen=2 inFlight=1
[MEM-EVENT] preview.audio.canonical.nextChunk.render.begin | range=393600..<441600 gen=2
[MEM-EVENT] preview.audio.canonical.render.begin | segments=5 range=393600..<441600
[MEM-EVENT] preview.audio.stage8.cache.miss | range=393600..<441600 revision=ProjectRevision(raw: 1) epoch=PlaybackEpoch(raw: 1) planIdLen=2830
[MEM-EVENT] preview.audio.stage8.render.decode | source=app.audio.source.imported:531F4D44-3E03-4BAF-AC42-E5B4D308A7F2 sourceStart=41/5 frameCount=48000 intersectionFrames=48000 elapsedMs=30.37
[MEM-EVENT] preview.audio.stage8.render.decode | source=app.audio.source.videoLayer:scene-1-8CEC99DF-E1B3-4C0C-8280-7A2D63061E32:block_01 sourceStart=25333/16000 frameCount=48000 intersectionFrames=48000 elapsedMs=25.84
[MEM-EVENT] preview.audio.stage8.render.decode | source=app.audio.source.videoLayer:scene-1-8CEC99DF-E1B3-4C0C-8280-7A2D63061E32:block_02 sourceStart=25333/16000 frameCount=48000 intersectionFrames=48000 elapsedMs=24.66
[MEM-EVENT] preview.audio.stage8.render.total | range=393600..<441600 segments=5 sources=3 elapsedMs=101.83
[MEM-EVENT] preview.audio.stage8.cache.store | range=393600..<441600 revision=ProjectRevision(raw: 1) epoch=PlaybackEpoch(raw: 1) planIdLen=2830
[MEM-EVENT] preview.audio.canonical.render.end | sources=3
[MEM-EVENT] preview.audio.canonical.nextChunk.render.end | range=393600..<441600 sourceCount=3
[MEM-EVENT] preview.audio.canonical.nextChunk.schedule.begin | range=393600..<441600 sources=3
[MEM-EVENT] preview.audio.canonical.nextChunk.schedule.end | range=393600..<441600 scheduled=1
[MEM-EVENT] preview.audio.canonical.nextChunk.requested | range=441600..<489600 gen=2 inFlight=1
[MEM-EVENT] preview.audio.canonical.nextChunk.render.begin | range=441600..<489600 gen=2
[MEM-EVENT] preview.audio.canonical.render.begin | segments=5 range=441600..<489600
[MEM-EVENT] preview.audio.stage8.cache.miss | range=441600..<489600 revision=ProjectRevision(raw: 1) epoch=PlaybackEpoch(raw: 1) planIdLen=2830
[PERF] FPS: 21.5 | CPU: 46.6% (1core), 7.8% (all) | MEM: 128MB res, 228MB foot | GPU: n/a | DRAW: avg 0.00ms, p95 0.00ms, max 0.00ms
[MEM-EVENT] preview.audio.stage8.render.decode | source=app.audio.source.imported:531F4D44-3E03-4BAF-AC42-E5B4D308A7F2 sourceStart=46/5 frameCount=48000 intersectionFrames=48000 elapsedMs=30.28
[MEM-EVENT] preview.audio.stage8.render.decode | source=app.audio.source.videoLayer:scene-1-8CEC99DF-E1B3-4C0C-8280-7A2D63061E32:block_01 sourceStart=41333/16000 frameCount=48000 intersectionFrames=48000 elapsedMs=25.22
[MEM-EVENT] preview.audio.stage8.render.decode | source=app.audio.source.videoLayer:scene-1-8CEC99DF-E1B3-4C0C-8280-7A2D63061E32:block_02 sourceStart=41333/16000 frameCount=48000 intersectionFrames=48000 elapsedMs=24.67
[MEM-EVENT] preview.audio.stage8.render.total | range=441600..<489600 segments=5 sources=3 elapsedMs=101.10
[MEM-EVENT] preview.audio.stage8.cache.store | range=441600..<489600 revision=ProjectRevision(raw: 1) epoch=PlaybackEpoch(raw: 1) planIdLen=2830
[MEM-EVENT] preview.audio.canonical.render.end | sources=3
[MEM-EVENT] preview.audio.canonical.nextChunk.render.end | range=441600..<489600 sourceCount=3
[MEM-EVENT] preview.audio.canonical.nextChunk.schedule.begin | range=441600..<489600 sources=3
[MEM-EVENT] preview.audio.canonical.nextChunk.schedule.end | range=441600..<489600 scheduled=1
[MEM-EVENT] preview.audio.canonical.nextChunk.requested | range=489600..<537600 gen=2 inFlight=1
[MEM-EVENT] preview.audio.canonical.nextChunk.render.begin | range=489600..<537600 gen=2
[MEM-EVENT] preview.audio.canonical.render.begin | segments=5 range=489600..<537600
[MEM-EVENT] preview.audio.stage8.cache.miss | range=489600..<537600 revision=ProjectRevision(raw: 1) epoch=PlaybackEpoch(raw: 1) planIdLen=2830
[MEM-EVENT] preview.audio.stage8.render.decode | source=app.audio.source.imported:531F4D44-3E03-4BAF-AC42-E5B4D308A7F2 sourceStart=51/5 frameCount=48000 intersectionFrames=48000 elapsedMs=29.59
[MEM-EVENT] preview.audio.stage8.render.decode | source=app.audio.source.videoLayer:scene-1-8CEC99DF-E1B3-4C0C-8280-7A2D63061E32:block_01 sourceStart=57333/16000 frameCount=48000 intersectionFrames=48000 elapsedMs=24.68
[MEM-EVENT] preview.audio.stage8.render.decode | source=app.audio.source.videoLayer:scene-1-8CEC99DF-E1B3-4C0C-8280-7A2D63061E32:block_02 sourceStart=57333/16000 frameCount=48000 intersectionFrames=48000 elapsedMs=25.34
[MEM-EVENT] preview.audio.stage8.render.total | range=489600..<537600 segments=5 sources=3 elapsedMs=100.67
[MEM-EVENT] preview.audio.stage8.cache.store | range=489600..<537600 revision=ProjectRevision(raw: 1) epoch=PlaybackEpoch(raw: 1) planIdLen=2830
[MEM-EVENT] preview.audio.canonical.render.end | sources=3
[MEM-EVENT] preview.audio.canonical.nextChunk.render.end | range=489600..<537600 sourceCount=3
[MEM-EVENT] preview.audio.canonical.nextChunk.schedule.begin | range=489600..<537600 sources=3
[MEM-EVENT] preview.audio.canonical.nextChunk.schedule.end | range=489600..<537600 scheduled=1
[MEM-EVENT] preview.audio.canonical.nextChunk.requested | range=537600..<585600 gen=2 inFlight=1
[MEM-EVENT] preview.audio.canonical.nextChunk.render.begin | range=537600..<585600 gen=2
[MEM-EVENT] preview.audio.canonical.render.begin | segments=5 range=537600..<585600
[MEM-EVENT] preview.audio.stage8.cache.miss | range=537600..<585600 revision=ProjectRevision(raw: 1) epoch=PlaybackEpoch(raw: 1) planIdLen=2830
[MEM-EVENT] preview.audio.stage8.render.decode | source=app.audio.source.imported:531F4D44-3E03-4BAF-AC42-E5B4D308A7F2 sourceStart=56/5 frameCount=48000 intersectionFrames=48000 elapsedMs=29.74
[MEM-EVENT] preview.audio.stage8.render.decode | source=app.audio.source.videoLayer:scene-1-8CEC99DF-E1B3-4C0C-8280-7A2D63061E32:block_01 sourceStart=73333/16000 frameCount=48000 intersectionFrames=48000 elapsedMs=24.16
[MEM-EVENT] preview.audio.stage8.render.decode | source=app.audio.source.videoLayer:scene-1-8CEC99DF-E1B3-4C0C-8280-7A2D63061E32:block_02 sourceStart=73333/16000 frameCount=48000 intersectionFrames=48000 elapsedMs=24.07
[MEM-EVENT] preview.audio.stage8.render.total | range=537600..<585600 segments=5 sources=3 elapsedMs=99.05
[MEM-EVENT] preview.audio.stage8.cache.store | range=537600..<585600 revision=ProjectRevision(raw: 1) epoch=PlaybackEpoch(raw: 1) planIdLen=2830
[MEM-EVENT] preview.audio.canonical.render.end | sources=3
[MEM-EVENT] preview.audio.canonical.nextChunk.render.end | range=537600..<585600 sourceCount=3
[MEM-EVENT] preview.audio.canonical.nextChunk.schedule.begin | range=537600..<585600 sources=3
[MEM-EVENT] preview.audio.canonical.nextChunk.schedule.end | range=537600..<585600 scheduled=1
[MEM-EVENT] preview.audio.canonical.nextChunk.requested | range=585600..<633600 gen=2 inFlight=1
[MEM-EVENT] preview.audio.canonical.nextChunk.render.begin | range=585600..<633600 gen=2
[MEM-EVENT] preview.audio.canonical.render.begin | segments=5 range=585600..<633600
[MEM-EVENT] preview.audio.stage8.cache.miss | range=585600..<633600 revision=ProjectRevision(raw: 1) epoch=PlaybackEpoch(raw: 1) planIdLen=2830
[MEM-EVENT] preview.audio.stage8.render.decode | source=app.audio.source.imported:531F4D44-3E03-4BAF-AC42-E5B4D308A7F2 sourceStart=61/5 frameCount=48000 intersectionFrames=48000 elapsedMs=31.10
[MEM-EVENT] preview.audio.stage8.render.decode | source=app.audio.source.videoLayer:scene-1-8CEC99DF-E1B3-4C0C-8280-7A2D63061E32:block_01 sourceStart=89333/16000 frameCount=20001 intersectionFrames=20001 elapsedMs=24.97
[MEM-EVENT] preview.audio.stage8.render.decode | source=app.audio.source.videoLayer:scene-1-8CEC99DF-E1B3-4C0C-8280-7A2D63061E32:block_02 sourceStart=89333/16000 frameCount=20001 intersectionFrames=20001 elapsedMs=24.95
[MEM-EVENT] preview.audio.stage8.render.decode | source=app.audio.source.videoLayer:scene-2-3304AAF6-462C-48E7-B553-C8D414899AA7:block_01 sourceStart=0/1 frameCount=27999 intersectionFrames=27999 elapsedMs=25.23
[MEM-EVENT] preview.audio.stage8.render.total | range=585600..<633600 segments=5 sources=4 elapsedMs=124.70
[MEM-EVENT] preview.audio.stage8.cache.store | range=585600..<633600 revision=ProjectRevision(raw: 1) epoch=PlaybackEpoch(raw: 1) planIdLen=2830
[MEM-EVENT] preview.audio.canonical.render.end | sources=4
[MEM-EVENT] preview.audio.canonical.nextChunk.render.end | range=585600..<633600 sourceCount=4
[MEM-EVENT] preview.audio.canonical.nextChunk.schedule.begin | range=585600..<633600 sources=4
[MEM-EVENT] preview.audio.canonical.nextChunk.schedule.end | range=585600..<633600 scheduled=1
[MEM-EVENT] preview.audio.canonical.nextChunk.requested | range=633600..<681600 gen=2 inFlight=1
[MEM-EVENT] preview.audio.canonical.nextChunk.render.begin | range=633600..<681600 gen=2
[MEM-EVENT] playback.audio.stop.begin
[MEM-EVENT] displayLink.invalidate | obj=5629661128383082850
[MEM-EVENT] VideoFrameProvider.stopPlayback | obj=-7762711661355797744 flush=false hasPlaybackTex=true hasStillTex=true hasInteractiveTex=false hasHoldTex=false
[MEM-EVENT] playback.idleReclaim.skip | reason=scrubActive
[MEM-EVENT] preview.audio.canonical.render.begin | segments=5 range=633600..<681600
[MEM-EVENT] preview.audio.stage8.cache.miss | range=633600..<681600 revision=ProjectRevision(raw: 1) epoch=PlaybackEpoch(raw: 1) planIdLen=2830
[SCRUB-DIAG] FINAL - scroll: 0.0/s | scrubChanged: 0.0/s | playhead: 0.0/s (elapsed: 5.46s)
[MEM-EVENT] preview.audio.stage8.render.decode | source=app.audio.source.imported:531F4D44-3E03-4BAF-AC42-E5B4D308A7F2 sourceStart=66/5 frameCount=48000 intersectionFrames=48000 elapsedMs=73.60
[MEM-EVENT] preview.audio.stage8.render.decode | source=app.audio.source.videoLayer:scene-2-3304AAF6-462C-48E7-B553-C8D414899AA7:block_01 sourceStart=9333/16000 frameCount=48000 intersectionFrames=48000 elapsedMs=26.56
[MEM-EVENT] preview.audio.stage8.render.total | range=633600..<681600 segments=5 sources=2 elapsedMs=116.24
[MEM-EVENT] preview.audio.stage8.cache.store | range=633600..<681600 revision=ProjectRevision(raw: 1) epoch=PlaybackEpoch(raw: 1) planIdLen=2830
[MEM-EVENT] preview.audio.canonical.render.end | sources=2
[MEM-EVENT] preview.audio.canonical.nextChunk.dropped | gen=2 current=4 reason=staleOrStopped
[SCRUB-DIAG] FINAL - scroll: 0.0/s | scrubChanged: 0.0/s | playhead: 0.0/s (elapsed: 0.34s)
[MEM-EVENT] audio.session.activate.begin
[MEM-EVENT] audio.session.activate.end | ok=1
[MEM-EVENT] playback.audio.start.begin | compressedFrame=172 projectTimeUs=5733333 state=timelinePreview isPlayingBefore=0
[MEM-EVENT] displayLink.create | obj=5629661128383082850
[MEM-DIAG] playback.start | footprint: 226MB | resident: 119MB | available: 2845MB | metal: 190MB | SceneInstanceRuntime: 2 | UserMediaService: 3 | VideoFrameProvider: 3
[MEM-EVENT] playback.audio.previewStart.call | projectTimeUs=5733333 hostTime=206092.14239962504
[MEM-EVENT] preview.audio.select | toggle=ON controller=Canonical
[MEM-EVENT] preview.audio.start | dirty=0 hasPipeline=1 readiness=primed
[MEM-EVENT] preview.audio.canonical.legacyGateBypassed | seconds=5.733333 hostTime=206092.14239962504
[MEM-EVENT] preview.audio.canonical.startPlayback.call | seconds=5.733333
[MEM-EVENT] preview.audio.stage8.startPlayback.call | sinceStartMs=0.01 fromSeconds=5.733333
[MEM-EVENT] preview.audio.stage8.plan.eval | sinceStartMs=3.68 elapsedMs=3.55 segments=5
[MEM-EVENT] preview.audio.canonical.plan | segments=5 fromSeconds=5.733333
[MEM-EVENT] preview.audio.stage8.setup.end | sinceStartMs=8.07 graph+session+output+anchor done
[MEM-EVENT] preview.audio.canonical.preroll.build.begin | planSegments=5 range=275199..<284799 gen=5
[MEM-EVENT] preview.audio.stage8.preroll.begin | sinceStartMs=8.18 range=275199..<284799 sampleCount=9600 initialPrerollSamples=9600 maxChunkSamples=48000
[MEM-EVENT] preview.audio.canonical.render.begin | segments=5 range=275199..<284799
[MEM-EVENT] preview.audio.stage8.cache.miss | range=275199..<284799 revision=ProjectRevision(raw: 2) epoch=PlaybackEpoch(raw: 2) planIdLen=2830
[VideoFrameProvider] playback: 53 OK, 0 nil (0.0%) | itemTime=5.753s | lastExtracted=5.785s | active=true
[MEM-EVENT] preview.audio.canonical.firstFrameSignal | delivered=1
[MEM-EVENT] preview.audio.stage8.firstFrameSignal | sinceStartMs=27.21 barrierReason=firstFrameArrivedPrerollNotReady
[MEM-EVENT] preview.audio.stage8.render.decode | source=app.audio.source.imported:531F4D44-3E03-4BAF-AC42-E5B4D308A7F2 sourceStart=91733/16000 frameCount=9600 intersectionFrames=9600 elapsedMs=44.97
[MEM-EVENT] preview.audio.stage8.render.decode | source=app.audio.source.videoLayer:scene-0-1B27C22C-A3AC-4480-9EF0-810D6EB7B169:block_01 sourceStart=91733/16000 frameCount=9600 intersectionFrames=9600 elapsedMs=30.45
[MEM-EVENT] preview.audio.stage8.render.total | range=275199..<284799 segments=5 sources=2 elapsedMs=79.98
[MEM-EVENT] preview.audio.stage8.cache.store | range=275199..<284799 revision=ProjectRevision(raw: 2) epoch=PlaybackEpoch(raw: 2) planIdLen=2830
[MEM-EVENT] preview.audio.canonical.render.end | sources=2
[MEM-EVENT] preview.audio.canonical.preroll.build.end | sourceCount=2 bufferCount=2
[MEM-EVENT] preview.audio.stage8.preroll.end | sinceStartMs=89.02 renderElapsedMs=80.84 sourceCount=2
[MEM-EVENT] preview.audio.stage8.barrier.cross | sinceStartMs=89.03
[MEM-EVENT] preview.audio.canonical.graph.schedule.begin | sources=2
[MEM-EVENT] preview.audio.canonical.graph.schedule.end | scheduled=1
[MEM-EVENT] preview.audio.stage8.graph.schedule.end | sinceStartMs=119.44 scheduleMs=30.39
[MEM-EVENT] preview.audio.canonical.engine.start.begin
[MEM-EVENT] preview.audio.canonical.player.play.begin
[MEM-EVENT] preview.audio.canonical.player.play.end
[MEM-EVENT] preview.audio.canonical.engine.start.end
[MEM-EVENT] preview.audio.stage8.player.play.end | sinceStartMs=119.46 playStartMs=0.02
[MEM-EVENT] preview.audio.canonical.scheduled | scheduled=1 sources=2 started=1
[MEM-EVENT] preview.audio.stage8.scheduled.total | sinceStartMs=119.47 totalStartToScheduledMs=119.47
[MEM-EVENT] preview.audio.canonical.nextChunk.requested | range=284799..<332799 gen=6 inFlight=1
[MEM-EVENT] preview.audio.canonical.nextChunk.render.begin | range=284799..<332799 gen=6
[MEM-EVENT] preview.audio.canonical.render.begin | segments=5 range=284799..<332799
[MEM-EVENT] preview.audio.stage8.cache.miss | range=284799..<332799 revision=ProjectRevision(raw: 2) epoch=PlaybackEpoch(raw: 2) planIdLen=2830
[MEM-EVENT] preview.audio.stage8.render.decode | source=app.audio.source.imported:531F4D44-3E03-4BAF-AC42-E5B4D308A7F2 sourceStart=94933/16000 frameCount=48000 intersectionFrames=48000 elapsedMs=30.64
[MEM-EVENT] preview.audio.stage8.render.decode | source=app.audio.source.videoLayer:scene-0-1B27C22C-A3AC-4480-9EF0-810D6EB7B169:block_01 sourceStart=94933/16000 frameCount=32801 intersectionFrames=32802 elapsedMs=24.12
[MEM-EVENT] preview.audio.stage8.render.decode | source=app.audio.source.videoLayer:scene-1-8CEC99DF-E1B3-4C0C-8280-7A2D63061E32:block_01 sourceStart=0/1 frameCount=15198 intersectionFrames=15198 elapsedMs=23.26
[MEM-EVENT] preview.audio.stage8.render.decode | source=app.audio.source.videoLayer:scene-1-8CEC99DF-E1B3-4C0C-8280-7A2D63061E32:block_02 sourceStart=0/1 frameCount=15198 intersectionFrames=15198 elapsedMs=23.25
[MEM-EVENT] preview.audio.stage8.render.total | range=284799..<332799 segments=5 sources=4 elapsedMs=117.82
[MEM-EVENT] preview.audio.stage8.cache.store | range=284799..<332799 revision=ProjectRevision(raw: 2) epoch=PlaybackEpoch(raw: 2) planIdLen=2830
[MEM-EVENT] preview.audio.canonical.render.end | sources=4
[MEM-EVENT] preview.audio.canonical.nextChunk.render.end | range=284799..<332799 sourceCount=4
[MEM-EVENT] preview.audio.canonical.nextChunk.schedule.begin | range=284799..<332799 sources=4
[MEM-EVENT] preview.audio.canonical.nextChunk.schedule.end | range=284799..<332799 scheduled=1
[MEM-EVENT] preview.audio.canonical.nextChunk.requested | range=332799..<380799 gen=6 inFlight=1
[MEM-EVENT] preview.audio.canonical.nextChunk.render.begin | range=332799..<380799 gen=6
[MEM-EVENT] preview.audio.canonical.render.begin | segments=5 range=332799..<380799
[MEM-EVENT] preview.audio.stage8.cache.miss | range=332799..<380799 revision=ProjectRevision(raw: 2) epoch=PlaybackEpoch(raw: 2) planIdLen=2830
[MEM-EVENT] preview.audio.stage8.render.decode | source=app.audio.source.imported:531F4D44-3E03-4BAF-AC42-E5B4D308A7F2 sourceStart=110933/16000 frameCount=48000 intersectionFrames=48000 elapsedMs=30.11
[MEM-EVENT] preview.audio.stage8.render.decode | source=app.audio.source.videoLayer:scene-1-8CEC99DF-E1B3-4C0C-8280-7A2D63061E32:block_01 sourceStart=2533/8000 frameCount=48000 intersectionFrames=48000 elapsedMs=24.76
[MEM-EVENT] preview.audio.stage8.render.decode | source=app.audio.source.videoLayer:scene-1-8CEC99DF-E1B3-4C0C-8280-7A2D63061E32:block_02 sourceStart=2533/8000 frameCount=48000 intersectionFrames=48000 elapsedMs=26.44
[MEM-EVENT] preview.audio.stage8.render.total | range=332799..<380799 segments=5 sources=3 elapsedMs=102.52
[MEM-EVENT] preview.audio.stage8.cache.store | range=332799..<380799 revision=ProjectRevision(raw: 2) epoch=PlaybackEpoch(raw: 2) planIdLen=2830
[MEM-EVENT] preview.audio.canonical.render.end | sources=3
[MEM-EVENT] preview.audio.canonical.nextChunk.render.end | range=332799..<380799 sourceCount=3
[MEM-EVENT] preview.audio.canonical.nextChunk.schedule.begin | range=332799..<380799 sources=3
[MEM-EVENT] preview.audio.canonical.nextChunk.schedule.end | range=332799..<380799 scheduled=1
[MEM-EVENT] preview.audio.canonical.nextChunk.requested | range=380799..<428799 gen=6 inFlight=1
[MEM-EVENT] preview.audio.canonical.nextChunk.render.begin | range=380799..<428799 gen=6
[MEM-EVENT] preview.audio.canonical.render.begin | segments=5 range=380799..<428799
[MEM-EVENT] preview.audio.stage8.cache.miss | range=380799..<428799 revision=ProjectRevision(raw: 2) epoch=PlaybackEpoch(raw: 2) planIdLen=2830
[MEM-EVENT] preview.audio.stage8.render.decode | source=app.audio.source.imported:531F4D44-3E03-4BAF-AC42-E5B4D308A7F2 sourceStart=126933/16000 frameCount=48000 intersectionFrames=48000 elapsedMs=29.79
[MEM-EVENT] preview.audio.stage8.render.decode | source=app.audio.source.videoLayer:scene-1-8CEC99DF-E1B3-4C0C-8280-7A2D63061E32:block_01 sourceStart=10533/8000 frameCount=48000 intersectionFrames=48000 elapsedMs=24.40
[MEM-EVENT] preview.audio.stage8.render.decode | source=app.audio.source.videoLayer:scene-1-8CEC99DF-E1B3-4C0C-8280-7A2D63061E32:block_02 sourceStart=10533/8000 frameCount=48000 intersectionFrames=48000 elapsedMs=25.45
[MEM-EVENT] preview.audio.stage8.render.total | range=380799..<428799 segments=5 sources=3 elapsedMs=100.63
[MEM-EVENT] preview.audio.stage8.cache.store | range=380799..<428799 revision=ProjectRevision(raw: 2) epoch=PlaybackEpoch(raw: 2) planIdLen=2830
[MEM-EVENT] preview.audio.canonical.render.end | sources=3
[MEM-EVENT] preview.audio.canonical.nextChunk.render.end | range=380799..<428799 sourceCount=3
[MEM-EVENT] preview.audio.canonical.nextChunk.schedule.begin | range=380799..<428799 sources=3
[MEM-EVENT] preview.audio.canonical.nextChunk.schedule.end | range=380799..<428799 scheduled=1
[MEM-EVENT] preview.audio.canonical.nextChunk.requested | range=428799..<476799 gen=6 inFlight=1
[MEM-EVENT] preview.audio.canonical.nextChunk.render.begin | range=428799..<476799 gen=6
[MEM-EVENT] preview.audio.canonical.render.begin | segments=5 range=428799..<476799
[MEM-EVENT] preview.audio.stage8.cache.miss | range=428799..<476799 revision=ProjectRevision(raw: 2) epoch=PlaybackEpoch(raw: 2) planIdLen=2830
[PERF] FPS: 25.0 | CPU: 36.0% (1core), 6.0% (all) | MEM: 119MB res, 221MB foot | GPU: n/a | DRAW: avg 0.00ms, p95 0.00ms, max 0.00ms
[MEM-EVENT] preview.audio.stage8.render.decode | source=app.audio.source.imported:531F4D44-3E03-4BAF-AC42-E5B4D308A7F2 sourceStart=142933/16000 frameCount=48000 intersectionFrames=48000 elapsedMs=30.83
[MEM-EVENT] preview.audio.stage8.render.decode | source=app.audio.source.videoLayer:scene-1-8CEC99DF-E1B3-4C0C-8280-7A2D63061E32:block_01 sourceStart=18533/8000 frameCount=48000 intersectionFrames=48000 elapsedMs=25.30
[MEM-EVENT] preview.audio.stage8.render.decode | source=app.audio.source.videoLayer:scene-1-8CEC99DF-E1B3-4C0C-8280-7A2D63061E32:block_02 sourceStart=18533/8000 frameCount=48000 intersectionFrames=48000 elapsedMs=23.30
[MEM-EVENT] preview.audio.stage8.render.total | range=428799..<476799 segments=5 sources=3 elapsedMs=100.09
[MEM-EVENT] preview.audio.stage8.cache.store | range=428799..<476799 revision=ProjectRevision(raw: 2) epoch=PlaybackEpoch(raw: 2) planIdLen=2830
[MEM-EVENT] preview.audio.canonical.render.end | sources=3
[MEM-EVENT] preview.audio.canonical.nextChunk.render.end | range=428799..<476799 sourceCount=3
[MEM-EVENT] preview.audio.canonical.nextChunk.schedule.begin | range=428799..<476799 sources=3
[MEM-EVENT] preview.audio.canonical.nextChunk.schedule.end | range=428799..<476799 scheduled=1
[MEM-EVENT] preview.audio.canonical.nextChunk.requested | range=476799..<524799 gen=6 inFlight=1
[MEM-EVENT] preview.audio.canonical.nextChunk.render.begin | range=476799..<524799 gen=6
[MEM-EVENT] preview.audio.canonical.render.begin | segments=5 range=476799..<524799
[MEM-EVENT] preview.audio.stage8.cache.miss | range=476799..<524799 revision=ProjectRevision(raw: 2) epoch=PlaybackEpoch(raw: 2) planIdLen=2830
[MEM-EVENT] preview.audio.stage8.render.decode | source=app.audio.source.imported:531F4D44-3E03-4BAF-AC42-E5B4D308A7F2 sourceStart=158933/16000 frameCount=48000 intersectionFrames=48000 elapsedMs=30.16
[MEM-EVENT] preview.audio.stage8.render.decode | source=app.audio.source.videoLayer:scene-1-8CEC99DF-E1B3-4C0C-8280-7A2D63061E32:block_01 sourceStart=26533/8000 frameCount=48000 intersectionFrames=48000 elapsedMs=24.38
[MEM-EVENT] playback.audio.stop.begin
[MEM-EVENT] displayLink.invalidate | obj=5629661128383082850
[MEM-EVENT] VideoFrameProvider.stopPlayback | obj=-7762711661355797744 flush=false hasPlaybackTex=true hasStillTex=true hasInteractiveTex=true hasHoldTex=false
[MEM-EVENT] playback.idleReclaim.skip | reason=scrubActive
[SCRUB-DIAG] FINAL - scroll: 0.0/s | scrubChanged: 0.0/s | playhead: 0.0/s (elapsed: 1.32s)
[MEM-EVENT] preview.audio.stage8.render.decode | source=app.audio.source.videoLayer:scene-1-8CEC99DF-E1B3-4C0C-8280-7A2D63061E32:block_02 sourceStart=26533/8000 frameCount=48000 intersectionFrames=48000 elapsedMs=81.00
[MEM-EVENT] preview.audio.stage8.render.total | range=476799..<524799 segments=5 sources=3 elapsedMs=156.10
[MEM-EVENT] preview.audio.stage8.cache.store | range=476799..<524799 revision=ProjectRevision(raw: 2) epoch=PlaybackEpoch(raw: 2) planIdLen=2830
[MEM-EVENT] preview.audio.canonical.render.end | sources=3
[MEM-EVENT] preview.audio.canonical.nextChunk.dropped | gen=6 current=8 reason=staleOrStopped
[MEM-EVENT] VideoFrameProvider.stopPlayback | obj=-7762711661355797744 flush=true hasPlaybackTex=true hasStillTex=true hasInteractiveTex=true hasHoldTex=false
[MEM-EVENT] CVTextureCache.flush | owner=UserMediaTextureFactory
[TimelineCompositionEngine] TT-03: Evicted non-resident runtime: 1B27C22C-A3AC-4480-9EF0-810D6EB7B169
[MEM-EVENT] SceneInstanceRuntime.deinit | obj=-1084197415555512854 id=1B27C22C-A3AC-4480-9EF0-810D6EB7B169
[MEM-EVENT] UserMediaService.deinit | obj=1527476845733806415 videoProviders=1
[MEM-EVENT] VideoFrameProvider.release | obj=-7762711661355797744 hasPlaybackTex=false hasStillTex=true hasInteractiveTex=true
[MEM-EVENT] VideoFrameProvider.stopPlayback | obj=-7762711661355797744 flush=true hasPlaybackTex=false hasStillTex=true hasInteractiveTex=true hasHoldTex=false
[MEM-EVENT] CVTextureCache.flush | owner=UserMediaTextureFactory
[MEM-EVENT] CVTextureCache.flush | owner=UserMediaTextureFactory
[MEM-EVENT] VideoFrameProvider.deinit | obj=-7762711661355797744
[MEM-EVENT] Runtime.create.start | id=3304AAF6-462C-48E7-B553-C8D414899AA7 sceneType=polaroid_shared_demo
[MEM-EVENT] SceneTypeCache.preload.start | id=polaroid_shared_demo cached=2
[MEM-EVENT] Runtime.create.join | id=3304AAF6-462C-48E7-B553-C8D414899AA7
[MEM-EVENT] compiledPackage.load.summary | file=compiled.tve bytes=14848 read=0.005s validate=0.000s decode=0.001s total=0.006s assets=6
[MEM-EVENT] sceneTypeLoad.summary | id=polaroid_shared_demo package=0.006s localIndex=0.000s sharedIndex=0.000s resolver=0.000s total=0.007s
[MEM-EVENT] Runtime.create.join | id=3304AAF6-462C-48E7-B553-C8D414899AA7
[MEM-EVENT] Runtime.create.join | id=3304AAF6-462C-48E7-B553-C8D414899AA7
[MEM-EVENT] Runtime.create.join | id=3304AAF6-462C-48E7-B553-C8D414899AA7
[MEM-EVENT] Runtime.create.join | id=3304AAF6-462C-48E7-B553-C8D414899AA7
[MEM-EVENT] Runtime.create.join | id=3304AAF6-462C-48E7-B553-C8D414899AA7
[MEM-EVENT] SceneTypeCache.preload.summary | id=polaroid_shared_demo source=cold io=0.01s provider=0.00s textures=0.08s total=0.09s
[MEM-EVENT] SceneTypeCache.preload.stored | id=polaroid_shared_demo total=3 ids=full_image,polaroid_shared_demo,polaroid_2
[MEM-EVENT] UserMediaService.init | obj=-8872215125082163023
[MEM-EVENT] SceneInstanceRuntime.init | obj=5926301777833994760 id=3304AAF6-462C-48E7-B553-C8D414899AA7 type=polaroid_shared_demo
[MEM-EVENT] UMS.cleanupVideo | obj=-8872215125082163023 blockId=block_01
[MEM-EVENT] CVTextureCache.create | owner=UserMediaTextureFactory
[MEM-EVENT] VideoFrameProvider.init | obj=82976852201078427
[MediaRestoreCoordinator] Restored video for block_01: presentOnReady=true, success
[MEM-EVENT] SceneInstanceRuntime.applyState | obj=5926301777833994760 id=3304AAF6-462C-48E7-B553-C8D414899AA7 restored=1
[MEM-EVENT] Runtime.create.complete | id=3304AAF6-462C-48E7-B553-C8D414899AA7 outcome=success total=2
[MEM-EVENT] SceneInstanceRuntime.prepare | obj=5926301777833994760 id=3304AAF6-462C-48E7-B553-C8D414899AA7 frame=47
[VideoFrameProvider] READY: 3304AAF6-462C-48E7-B553-C8D414899AA7_block_01_517771B0-CF4D-4FAC-A696-1861F38005BB.mp4 | dur=13.70s | sceneFPS=30.0 | trackFPS=30.00 | size=720x1280 | transform=[1.0,0.0,0.0,1.0,0.0,0.0]
[SceneInstanceRuntime] Ready for presentation at frame 47: 3304AAF6-462C-48E7-B553-C8D414899AA7
[SCRUB-DIAG] FINAL - scroll: 0.0/s | scrubChanged: 0.0/s | playhead: 0.0/s (elapsed: 0.43s)
[MEM-EVENT] audio.session.activate.begin
[MEM-EVENT] audio.session.activate.end | ok=1
[MEM-EVENT] playback.audio.start.begin | compressedFrame=426 projectTimeUs=14200000 state=timelinePreview isPlayingBefore=0
[MEM-EVENT] displayLink.create | obj=5629661128383082850
[MEM-DIAG] playback.start | footprint: 185MB | resident: 137MB | available: 2886MB | metal: 128MB | SceneInstanceRuntime: 2 | UserMediaService: 3 | VideoFrameProvider: 3
[MEM-EVENT] playback.audio.previewStart.call | projectTimeUs=14200000 hostTime=206093.79186600004
[MEM-EVENT] preview.audio.select | toggle=ON controller=Canonical
[MEM-EVENT] preview.audio.start | dirty=0 hasPipeline=1 readiness=primed
[MEM-EVENT] preview.audio.canonical.legacyGateBypassed | seconds=14.2 hostTime=206093.79186600004
[MEM-EVENT] preview.audio.canonical.startPlayback.call | seconds=14.2
[MEM-EVENT] preview.audio.stage8.startPlayback.call | sinceStartMs=0.01 fromSeconds=14.2
[MEM-EVENT] preview.audio.stage8.plan.eval | sinceStartMs=3.65 elapsedMs=3.54 segments=5
[MEM-EVENT] preview.audio.canonical.plan | segments=5 fromSeconds=14.2
[MEM-EVENT] preview.audio.stage8.setup.end | sinceStartMs=10.14 graph+session+output+anchor done
[MEM-EVENT] preview.audio.canonical.preroll.build.begin | planSegments=5 range=681600..<691200 gen=8
[MEM-EVENT] preview.audio.stage8.preroll.begin | sinceStartMs=10.26 range=681600..<691200 sampleCount=9600 initialPrerollSamples=9600 maxChunkSamples=48000
[MEM-EVENT] preview.audio.canonical.render.begin | segments=5 range=681600..<691200
[MEM-EVENT] preview.audio.stage8.cache.miss | range=681600..<691200 revision=ProjectRevision(raw: 3) epoch=PlaybackEpoch(raw: 3) planIdLen=2830
[VideoFrameProvider] playback: 1 OK, 0 nil (0.0%) | itemTime=1.621s | lastExtracted=1.653s | active=true
[MEM-EVENT] preview.audio.canonical.firstFrameSignal | delivered=1
[MEM-EVENT] preview.audio.stage8.firstFrameSignal | sinceStartMs=29.07 barrierReason=firstFrameArrivedPrerollNotReady
[MEM-EVENT] preview.audio.stage8.render.decode | source=app.audio.source.imported:531F4D44-3E03-4BAF-AC42-E5B4D308A7F2 sourceStart=71/5 frameCount=9600 intersectionFrames=9600 elapsedMs=69.68
[MEM-EVENT] preview.audio.stage8.render.decode | source=app.audio.source.videoLayer:scene-2-3304AAF6-462C-48E7-B553-C8D414899AA7:block_01 sourceStart=25333/16000 frameCount=9600 intersectionFrames=9600 elapsedMs=29.66
[MEM-EVENT] preview.audio.stage8.render.total | range=681600..<691200 segments=5 sources=2 elapsedMs=103.23
[MEM-EVENT] preview.audio.stage8.cache.store | range=681600..<691200 revision=ProjectRevision(raw: 3) epoch=PlaybackEpoch(raw: 3) planIdLen=2830
[MEM-EVENT] preview.audio.canonical.render.end | sources=2
[MEM-EVENT] preview.audio.canonical.preroll.build.end | sourceCount=2 bufferCount=2
[MEM-EVENT] preview.audio.stage8.preroll.end | sinceStartMs=117.38 renderElapsedMs=107.13 sourceCount=2
[MEM-EVENT] preview.audio.stage8.barrier.cross | sinceStartMs=117.39
[MEM-EVENT] preview.audio.canonical.graph.schedule.begin | sources=2
[MEM-EVENT] preview.audio.canonical.graph.schedule.end | scheduled=1
[MEM-EVENT] preview.audio.stage8.graph.schedule.end | sinceStartMs=155.22 scheduleMs=37.82
[MEM-EVENT] preview.audio.canonical.engine.start.begin
[MEM-EVENT] preview.audio.canonical.player.play.begin
[MEM-EVENT] preview.audio.canonical.player.play.end
[MEM-EVENT] preview.audio.canonical.engine.start.end
[MEM-EVENT] preview.audio.stage8.player.play.end | sinceStartMs=155.24 playStartMs=0.01
[MEM-EVENT] preview.audio.canonical.scheduled | scheduled=1 sources=2 started=1
[MEM-EVENT] preview.audio.stage8.scheduled.total | sinceStartMs=155.25 totalStartToScheduledMs=155.25
[MEM-EVENT] preview.audio.canonical.nextChunk.requested | range=691200..<739200 gen=10 inFlight=1
[MEM-EVENT] preview.audio.canonical.nextChunk.render.begin | range=691200..<739200 gen=10
[MEM-EVENT] preview.audio.canonical.render.begin | segments=5 range=691200..<739200
[MEM-EVENT] preview.audio.stage8.cache.miss | range=691200..<739200 revision=ProjectRevision(raw: 3) epoch=PlaybackEpoch(raw: 3) planIdLen=2830
[MEM-EVENT] preview.audio.stage8.render.decode | source=app.audio.source.imported:531F4D44-3E03-4BAF-AC42-E5B4D308A7F2 sourceStart=72/5 frameCount=48000 intersectionFrames=48000 elapsedMs=30.84
[MEM-EVENT] preview.audio.stage8.render.decode | source=app.audio.source.videoLayer:scene-2-3304AAF6-462C-48E7-B553-C8D414899AA7:block_01 sourceStart=28533/16000 frameCount=48000 intersectionFrames=48000 elapsedMs=25.52
[MEM-EVENT] preview.audio.stage8.render.total | range=691200..<739200 segments=5 sources=2 elapsedMs=70.12
[MEM-EVENT] preview.audio.stage8.cache.store | range=691200..<739200 revision=ProjectRevision(raw: 3) epoch=PlaybackEpoch(raw: 3) planIdLen=2830
[MEM-EVENT] preview.audio.canonical.render.end | sources=2
[MEM-EVENT] preview.audio.canonical.nextChunk.render.end | range=691200..<739200 sourceCount=2
[MEM-EVENT] preview.audio.canonical.nextChunk.schedule.begin | range=691200..<739200 sources=2
[MEM-EVENT] preview.audio.canonical.nextChunk.schedule.end | range=691200..<739200 scheduled=1
[MEM-EVENT] preview.audio.canonical.nextChunk.requested | range=739200..<787200 gen=10 inFlight=1
[MEM-EVENT] preview.audio.canonical.nextChunk.render.begin | range=739200..<787200 gen=10
[MEM-EVENT] preview.audio.canonical.render.begin | segments=5 range=739200..<787200
[MEM-EVENT] preview.audio.stage8.cache.miss | range=739200..<787200 revision=ProjectRevision(raw: 3) epoch=PlaybackEpoch(raw: 3) planIdLen=2830
[MEM-EVENT] preview.audio.stage8.render.decode | source=app.audio.source.imported:531F4D44-3E03-4BAF-AC42-E5B4D308A7F2 sourceStart=77/5 frameCount=48000 intersectionFrames=48000 elapsedMs=29.91
[MEM-EVENT] preview.audio.stage8.render.decode | source=app.audio.source.videoLayer:scene-2-3304AAF6-462C-48E7-B553-C8D414899AA7:block_01 sourceStart=44533/16000 frameCount=48000 intersectionFrames=48000 elapsedMs=26.43
[MEM-EVENT] preview.audio.stage8.render.total | range=739200..<787200 segments=5 sources=2 elapsedMs=70.45
[MEM-EVENT] preview.audio.stage8.cache.store | range=739200..<787200 revision=ProjectRevision(raw: 3) epoch=PlaybackEpoch(raw: 3) planIdLen=2830
[MEM-EVENT] preview.audio.canonical.render.end | sources=2
[MEM-EVENT] preview.audio.canonical.nextChunk.render.end | range=739200..<787200 sourceCount=2
[MEM-EVENT] preview.audio.canonical.nextChunk.schedule.begin | range=739200..<787200 sources=2
[MEM-EVENT] preview.audio.canonical.nextChunk.schedule.end | range=739200..<787200 scheduled=1
[MEM-EVENT] preview.audio.canonical.nextChunk.requested | range=787200..<835200 gen=10 inFlight=1
[MEM-EVENT] preview.audio.canonical.nextChunk.render.begin | range=787200..<835200 gen=10
[MEM-EVENT] preview.audio.canonical.render.begin | segments=5 range=787200..<835200
[MEM-EVENT] preview.audio.stage8.cache.miss | range=787200..<835200 revision=ProjectRevision(raw: 3) epoch=PlaybackEpoch(raw: 3) planIdLen=2830
[MEM-EVENT] preview.audio.stage8.render.decode | source=app.audio.source.imported:531F4D44-3E03-4BAF-AC42-E5B4D308A7F2 sourceStart=82/5 frameCount=48000 intersectionFrames=48000 elapsedMs=30.50
[MEM-EVENT] preview.audio.stage8.render.decode | source=app.audio.source.videoLayer:scene-2-3304AAF6-462C-48E7-B553-C8D414899AA7:block_01 sourceStart=60533/16000 frameCount=48000 intersectionFrames=48000 elapsedMs=24.54
[MEM-EVENT] preview.audio.stage8.render.total | range=787200..<835200 segments=5 sources=2 elapsedMs=69.41
[MEM-EVENT] preview.audio.stage8.cache.store | range=787200..<835200 revision=ProjectRevision(raw: 3) epoch=PlaybackEpoch(raw: 3) planIdLen=2830
[MEM-EVENT] preview.audio.canonical.render.end | sources=2
[MEM-EVENT] preview.audio.canonical.nextChunk.render.end | range=787200..<835200 sourceCount=2
[MEM-EVENT] preview.audio.canonical.nextChunk.schedule.begin | range=787200..<835200 sources=2
[MEM-EVENT] preview.audio.canonical.nextChunk.schedule.end | range=787200..<835200 scheduled=1
[MEM-EVENT] preview.audio.canonical.nextChunk.requested | range=835200..<883200 gen=10 inFlight=1
[MEM-EVENT] preview.audio.canonical.nextChunk.render.begin | range=835200..<883200 gen=10
[MEM-EVENT] preview.audio.canonical.render.begin | segments=5 range=835200..<883200
[MEM-EVENT] preview.audio.stage8.cache.miss | range=835200..<883200 revision=ProjectRevision(raw: 3) epoch=PlaybackEpoch(raw: 3) planIdLen=2830
[MEM-EVENT] preview.audio.stage8.render.decode | source=app.audio.source.imported:531F4D44-3E03-4BAF-AC42-E5B4D308A7F2 sourceStart=87/5 frameCount=48000 intersectionFrames=48000 elapsedMs=31.15
[MEM-EVENT] preview.audio.stage8.render.decode | source=app.audio.source.videoLayer:scene-2-3304AAF6-462C-48E7-B553-C8D414899AA7:block_01 sourceStart=76533/16000 frameCount=48000 intersectionFrames=48000 elapsedMs=25.46
[MEM-EVENT] preview.audio.stage8.render.total | range=835200..<883200 segments=5 sources=2 elapsedMs=70.40
[MEM-EVENT] preview.audio.stage8.cache.store | range=835200..<883200 revision=ProjectRevision(raw: 3) epoch=PlaybackEpoch(raw: 3) planIdLen=2830
[MEM-EVENT] preview.audio.canonical.render.end | sources=2
[MEM-EVENT] preview.audio.canonical.nextChunk.render.end | range=835200..<883200 sourceCount=2
[MEM-EVENT] preview.audio.canonical.nextChunk.schedule.begin | range=835200..<883200 sources=2
[MEM-EVENT] preview.audio.canonical.nextChunk.schedule.end | range=835200..<883200 scheduled=1
[MEM-EVENT] preview.audio.canonical.nextChunk.requested | range=883200..<931200 gen=10 inFlight=1
[MEM-EVENT] preview.audio.canonical.nextChunk.render.begin | range=883200..<931200 gen=10
[MEM-EVENT] preview.audio.canonical.render.begin | segments=5 range=883200..<931200
[MEM-EVENT] preview.audio.stage8.cache.miss | range=883200..<931200 revision=ProjectRevision(raw: 3) epoch=PlaybackEpoch(raw: 3) planIdLen=2830
[MEM-EVENT] preview.audio.stage8.render.decode | source=app.audio.source.imported:531F4D44-3E03-4BAF-AC42-E5B4D308A7F2 sourceStart=92/5 frameCount=48000 intersectionFrames=48000 elapsedMs=30.27
[MEM-EVENT] preview.audio.stage8.render.decode | source=app.audio.source.videoLayer:scene-2-3304AAF6-462C-48E7-B553-C8D414899AA7:block_01 sourceStart=92533/16000 frameCount=48000 intersectionFrames=48000 elapsedMs=24.31
[MEM-EVENT] preview.audio.stage8.render.total | range=883200..<931200 segments=5 sources=2 elapsedMs=68.31
[MEM-EVENT] preview.audio.stage8.cache.store | range=883200..<931200 revision=ProjectRevision(raw: 3) epoch=PlaybackEpoch(raw: 3) planIdLen=2830
[MEM-EVENT] preview.audio.canonical.render.end | sources=2
[MEM-EVENT] preview.audio.canonical.nextChunk.render.end | range=883200..<931200 sourceCount=2
[MEM-EVENT] preview.audio.canonical.nextChunk.schedule.begin | range=883200..<931200 sources=2
[MEM-EVENT] preview.audio.canonical.nextChunk.schedule.end | range=883200..<931200 scheduled=1
[MEM-EVENT] preview.audio.canonical.nextChunk.requested | range=931200..<979200 gen=10 inFlight=1
[MEM-EVENT] preview.audio.canonical.nextChunk.render.begin | range=931200..<979200 gen=10
[MEM-EVENT] preview.audio.canonical.render.begin | segments=5 range=931200..<979200
[MEM-EVENT] preview.audio.stage8.cache.miss | range=931200..<979200 revision=ProjectRevision(raw: 3) epoch=PlaybackEpoch(raw: 3) planIdLen=2830
[MEM-EVENT] preview.audio.stage8.render.decode | source=app.audio.source.imported:531F4D44-3E03-4BAF-AC42-E5B4D308A7F2 sourceStart=97/5 frameCount=48000 intersectionFrames=48000 elapsedMs=29.41
[MEM-EVENT] preview.audio.stage8.render.decode | source=app.audio.source.videoLayer:scene-2-3304AAF6-462C-48E7-B553-C8D414899AA7:block_01 sourceStart=108533/16000 frameCount=48000 intersectionFrames=48000 elapsedMs=23.97
[MEM-EVENT] preview.audio.stage8.render.total | range=931200..<979200 segments=5 sources=2 elapsedMs=67.13
[MEM-EVENT] preview.audio.stage8.cache.store | range=931200..<979200 revision=ProjectRevision(raw: 3) epoch=PlaybackEpoch(raw: 3) planIdLen=2830
[MEM-EVENT] preview.audio.canonical.render.end | sources=2
[MEM-EVENT] preview.audio.canonical.nextChunk.render.end | range=931200..<979200 sourceCount=2
[MEM-EVENT] preview.audio.canonical.nextChunk.schedule.begin | range=931200..<979200 sources=2
[MEM-EVENT] preview.audio.canonical.nextChunk.schedule.end | range=931200..<979200 scheduled=1
[MEM-EVENT] preview.audio.canonical.nextChunk.requested | range=979200..<1027200 gen=10 inFlight=1
[MEM-EVENT] preview.audio.canonical.nextChunk.render.begin | range=979200..<1027200 gen=10
[MEM-EVENT] preview.audio.canonical.render.begin | segments=5 range=979200..<1027200
[MEM-EVENT] preview.audio.stage8.cache.miss | range=979200..<1027200 revision=ProjectRevision(raw: 3) epoch=PlaybackEpoch(raw: 3) planIdLen=2830
[MEM-EVENT] preview.audio.stage8.render.decode | source=app.audio.source.imported:531F4D44-3E03-4BAF-AC42-E5B4D308A7F2 sourceStart=102/5 frameCount=48000 intersectionFrames=48000 elapsedMs=30.73
[MEM-EVENT] preview.audio.stage8.render.decode | source=app.audio.source.videoLayer:scene-2-3304AAF6-462C-48E7-B553-C8D414899AA7:block_01 sourceStart=124533/16000 frameCount=48000 intersectionFrames=48000 elapsedMs=25.76
[MEM-EVENT] preview.audio.stage8.render.total | range=979200..<1027200 segments=5 sources=2 elapsedMs=69.96
[MEM-EVENT] preview.audio.stage8.cache.store | range=979200..<1027200 revision=ProjectRevision(raw: 3) epoch=PlaybackEpoch(raw: 3) planIdLen=2830
[MEM-EVENT] preview.audio.canonical.render.end | sources=2
[MEM-EVENT] preview.audio.canonical.nextChunk.render.end | range=979200..<1027200 sourceCount=2
[MEM-EVENT] preview.audio.canonical.nextChunk.schedule.begin | range=979200..<1027200 sources=2
[MEM-EVENT] preview.audio.canonical.nextChunk.schedule.end | range=979200..<1027200 scheduled=1
[MEM-EVENT] preview.audio.canonical.nextChunk.requested | range=1027200..<1067201 gen=10 inFlight=1
[MEM-EVENT] preview.audio.canonical.nextChunk.render.begin | range=1027200..<1067201 gen=10
[MEM-EVENT] preview.audio.canonical.render.begin | segments=5 range=1027200..<1067201
[MEM-EVENT] preview.audio.stage8.cache.miss | range=1027200..<1067201 revision=ProjectRevision(raw: 3) epoch=PlaybackEpoch(raw: 3) planIdLen=2830
[MEM-EVENT] preview.audio.stage8.render.decode | source=app.audio.source.imported:531F4D44-3E03-4BAF-AC42-E5B4D308A7F2 sourceStart=107/5 frameCount=40000 intersectionFrames=40001 elapsedMs=29.89
[MEM-EVENT] preview.audio.stage8.render.decode | source=app.audio.source.videoLayer:scene-2-3304AAF6-462C-48E7-B553-C8D414899AA7:block_01 sourceStart=140533/16000 frameCount=40001 intersectionFrames=40001 elapsedMs=24.08
[MEM-EVENT] preview.audio.stage8.render.total | range=1027200..<1067201 segments=5 sources=2 elapsedMs=65.78
[MEM-EVENT] preview.audio.stage8.cache.store | range=1027200..<1067201 revision=ProjectRevision(raw: 3) epoch=PlaybackEpoch(raw: 3) planIdLen=2830
[MEM-EVENT] preview.audio.canonical.render.end | sources=2
[MEM-EVENT] preview.audio.canonical.nextChunk.render.end | range=1027200..<1067201 sourceCount=2
[MEM-EVENT] preview.audio.canonical.nextChunk.schedule.begin | range=1027200..<1067201 sources=2
[MEM-EVENT] preview.audio.canonical.nextChunk.schedule.end | range=1027200..<1067201 scheduled=1
[MEM-EVENT] preview.audio.canonical.nextChunk.endOfPlan | planEnd=1067201
[PERF] FPS: 24.5 | CPU: 46.2% (1core), 7.7% (all) | MEM: 137MB res, 226MB foot | GPU: n/a | DRAW: avg 0.00ms, p95 0.00ms, max 0.00ms
[MEM-EVENT] playback.audio.stop.begin
[MEM-EVENT] displayLink.invalidate | obj=5629661128383082850
[MEM-EVENT] VideoFrameProvider.stopPlayback | obj=82976852201078427 flush=false hasPlaybackTex=true hasStillTex=true hasInteractiveTex=true hasHoldTex=false
[MEM-EVENT] playback.idleReclaim.skip | reason=scrubActive
[SCRUB-DIAG] FINAL - scroll: 0.0/s | scrubChanged: 0.0/s | playhead: 0.0/s (elapsed: 1.96s)
[MEM-EVENT] audio.session.activate.begin
[MEM-EVENT] audio.session.activate.end | ok=1
[MEM-EVENT] playback.audio.start.begin | compressedFrame=572 projectTimeUs=19066666 state=timelinePreview isPlayingBefore=0
[MEM-EVENT] displayLink.create | obj=5629661128383082850
[MEM-DIAG] playback.start | footprint: 220MB | resident: 134MB | available: 2852MB | metal: 169MB | SceneInstanceRuntime: 2 | UserMediaService: 3 | VideoFrameProvider: 3
[MEM-EVENT] playback.audio.previewStart.call | projectTimeUs=19066666 hostTime=206095.7962449167
[MEM-EVENT] preview.audio.select | toggle=ON controller=Canonical
[MEM-EVENT] preview.audio.start | dirty=0 hasPipeline=1 readiness=primed
[MEM-EVENT] preview.audio.canonical.legacyGateBypassed | seconds=19.066666 hostTime=206095.7962449167
[MEM-EVENT] preview.audio.canonical.startPlayback.call | seconds=19.066666
[MEM-EVENT] preview.audio.stage8.startPlayback.call | sinceStartMs=0.01 fromSeconds=19.066666
[MEM-EVENT] preview.audio.stage8.plan.eval | sinceStartMs=3.92 elapsedMs=3.80 segments=5
[MEM-EVENT] preview.audio.canonical.plan | segments=5 fromSeconds=19.066666
[MEM-EVENT] preview.audio.stage8.setup.end | sinceStartMs=7.74 graph+session+output+anchor done
[MEM-EVENT] preview.audio.canonical.preroll.build.begin | planSegments=5 range=915199..<924799 gen=11
[MEM-EVENT] preview.audio.stage8.preroll.begin | sinceStartMs=7.86 range=915199..<924799 sampleCount=9600 initialPrerollSamples=9600 maxChunkSamples=48000
[MEM-EVENT] preview.audio.canonical.render.begin | segments=5 range=915199..<924799
[MEM-EVENT] preview.audio.stage8.cache.miss | range=915199..<924799 revision=ProjectRevision(raw: 4) epoch=PlaybackEpoch(raw: 4) planIdLen=2830
[MEM-EVENT] preview.audio.canonical.firstFrameSignal | delivered=1
[MEM-EVENT] preview.audio.stage8.firstFrameSignal | sinceStartMs=12.85 barrierReason=firstFrameArrivedPrerollNotReady
[VideoFrameProvider] playback: 37 OK, 0 nil (0.0%) | itemTime=6.503s | lastExtracted=6.537s | active=true
[MEM-EVENT] preview.audio.stage8.render.decode | source=app.audio.source.imported:531F4D44-3E03-4BAF-AC42-E5B4D308A7F2 sourceStart=915199/48000 frameCount=9600 intersectionFrames=9600 elapsedMs=47.39
[MEM-EVENT] preview.audio.stage8.render.decode | source=app.audio.source.videoLayer:scene-2-3304AAF6-462C-48E7-B553-C8D414899AA7:block_01 sourceStart=154799/24000 frameCount=9600 intersectionFrames=9600 elapsedMs=28.78
[MEM-EVENT] preview.audio.stage8.render.total | range=915199..<924799 segments=5 sources=2 elapsedMs=80.23
[MEM-EVENT] preview.audio.stage8.cache.store | range=915199..<924799 revision=ProjectRevision(raw: 4) epoch=PlaybackEpoch(raw: 4) planIdLen=2830
[MEM-EVENT] preview.audio.canonical.render.end | sources=2
[MEM-EVENT] preview.audio.canonical.preroll.build.end | sourceCount=2 bufferCount=2
[MEM-EVENT] preview.audio.stage8.preroll.end | sinceStartMs=88.81 renderElapsedMs=80.96 sourceCount=2
[MEM-EVENT] preview.audio.stage8.barrier.cross | sinceStartMs=88.82
[MEM-EVENT] preview.audio.canonical.graph.schedule.begin | sources=2
[MEM-EVENT] preview.audio.canonical.graph.schedule.end | scheduled=1
[MEM-EVENT] preview.audio.stage8.graph.schedule.end | sinceStartMs=134.79 scheduleMs=45.96
[MEM-EVENT] preview.audio.canonical.engine.start.begin
[MEM-EVENT] preview.audio.canonical.player.play.begin
[MEM-EVENT] preview.audio.canonical.player.play.end
[MEM-EVENT] preview.audio.canonical.engine.start.end
[MEM-EVENT] preview.audio.stage8.player.play.end | sinceStartMs=134.82 playStartMs=0.02
[MEM-EVENT] preview.audio.canonical.scheduled | scheduled=1 sources=2 started=1
[MEM-EVENT] preview.audio.stage8.scheduled.total | sinceStartMs=134.83 totalStartToScheduledMs=134.83
[MEM-EVENT] preview.audio.canonical.nextChunk.requested | range=924799..<972799 gen=14 inFlight=1
[MEM-EVENT] preview.audio.canonical.nextChunk.render.begin | range=924799..<972799 gen=14
[MEM-EVENT] preview.audio.canonical.render.begin | segments=5 range=924799..<972799
[MEM-EVENT] preview.audio.stage8.cache.miss | range=924799..<972799 revision=ProjectRevision(raw: 4) epoch=PlaybackEpoch(raw: 4) planIdLen=2830
[MEM-EVENT] preview.audio.stage8.render.decode | source=app.audio.source.imported:531F4D44-3E03-4BAF-AC42-E5B4D308A7F2 sourceStart=924799/48000 frameCount=48000 intersectionFrames=48000 elapsedMs=29.56
[MEM-EVENT] preview.audio.stage8.render.decode | source=app.audio.source.videoLayer:scene-2-3304AAF6-462C-48E7-B553-C8D414899AA7:block_01 sourceStart=159599/24000 frameCount=48000 intersectionFrames=48000 elapsedMs=26.39
[MEM-EVENT] preview.audio.stage8.render.total | range=924799..<972799 segments=5 sources=2 elapsedMs=69.66
[MEM-EVENT] preview.audio.stage8.cache.store | range=924799..<972799 revision=ProjectRevision(raw: 4) epoch=PlaybackEpoch(raw: 4) planIdLen=2830
[MEM-EVENT] preview.audio.canonical.render.end | sources=2
[MEM-EVENT] preview.audio.canonical.nextChunk.render.end | range=924799..<972799 sourceCount=2
[MEM-EVENT] preview.audio.canonical.nextChunk.schedule.begin | range=924799..<972799 sources=2
[MEM-EVENT] preview.audio.canonical.nextChunk.schedule.end | range=924799..<972799 scheduled=1
[MEM-EVENT] preview.audio.canonical.nextChunk.requested | range=972799..<1020799 gen=14 inFlight=1
[MEM-EVENT] preview.audio.canonical.nextChunk.render.begin | range=972799..<1020799 gen=14
[MEM-EVENT] preview.audio.canonical.render.begin | segments=5 range=972799..<1020799
[MEM-EVENT] preview.audio.stage8.cache.miss | range=972799..<1020799 revision=ProjectRevision(raw: 4) epoch=PlaybackEpoch(raw: 4) planIdLen=2830
[MEM-EVENT] preview.audio.stage8.render.decode | source=app.audio.source.imported:531F4D44-3E03-4BAF-AC42-E5B4D308A7F2 sourceStart=972799/48000 frameCount=48000 intersectionFrames=48000 elapsedMs=29.69
[MEM-EVENT] preview.audio.stage8.render.decode | source=app.audio.source.videoLayer:scene-2-3304AAF6-462C-48E7-B553-C8D414899AA7:block_01 sourceStart=183599/24000 frameCount=48000 intersectionFrames=48000 elapsedMs=24.92
[MEM-EVENT] preview.audio.stage8.render.total | range=972799..<1020799 segments=5 sources=2 elapsedMs=69.11
[MEM-EVENT] preview.audio.stage8.cache.store | range=972799..<1020799 revision=ProjectRevision(raw: 4) epoch=PlaybackEpoch(raw: 4) planIdLen=2830
[MEM-EVENT] preview.audio.canonical.render.end | sources=2
[MEM-EVENT] preview.audio.canonical.nextChunk.render.end | range=972799..<1020799 sourceCount=2
[MEM-EVENT] preview.audio.canonical.nextChunk.schedule.begin | range=972799..<1020799 sources=2
[MEM-EVENT] preview.audio.canonical.nextChunk.schedule.end | range=972799..<1020799 scheduled=1
[MEM-EVENT] preview.audio.canonical.nextChunk.requested | range=1020799..<1067201 gen=14 inFlight=1
[MEM-EVENT] preview.audio.canonical.nextChunk.render.begin | range=1020799..<1067201 gen=14
[MEM-EVENT] preview.audio.canonical.render.begin | segments=5 range=1020799..<1067201
[MEM-EVENT] preview.audio.stage8.cache.miss | range=1020799..<1067201 revision=ProjectRevision(raw: 4) epoch=PlaybackEpoch(raw: 4) planIdLen=2830
[MEM-EVENT] preview.audio.stage8.render.decode | source=app.audio.source.imported:531F4D44-3E03-4BAF-AC42-E5B4D308A7F2 sourceStart=1020799/48000 frameCount=46401 intersectionFrames=46402 elapsedMs=29.65
[MEM-EVENT] preview.audio.stage8.render.decode | source=app.audio.source.videoLayer:scene-2-3304AAF6-462C-48E7-B553-C8D414899AA7:block_01 sourceStart=207599/24000 frameCount=46402 intersectionFrames=46402 elapsedMs=24.81
[MEM-EVENT] preview.audio.stage8.render.total | range=1020799..<1067201 segments=5 sources=2 elapsedMs=67.72
[MEM-EVENT] preview.audio.stage8.cache.store | range=1020799..<1067201 revision=ProjectRevision(raw: 4) epoch=PlaybackEpoch(raw: 4) planIdLen=2830
[MEM-EVENT] preview.audio.canonical.render.end | sources=2
[MEM-EVENT] preview.audio.canonical.nextChunk.render.end | range=1020799..<1067201 sourceCount=2
[MEM-EVENT] preview.audio.canonical.nextChunk.schedule.begin | range=1020799..<1067201 sources=2
[MEM-EVENT] preview.audio.canonical.nextChunk.schedule.end | range=1020799..<1067201 scheduled=1
[MEM-EVENT] preview.audio.canonical.nextChunk.endOfPlan | planEnd=1067201
[MEM-EVENT] playback.audio.stop.begin
[MEM-EVENT] displayLink.invalidate | obj=5629661128383082850
[MEM-EVENT] VideoFrameProvider.stopPlayback | obj=82976852201078427 flush=false hasPlaybackTex=true hasStillTex=true hasInteractiveTex=true hasHoldTex=false
[MEM-EVENT] playback.idleReclaim.skip | reason=scrubActive
[SCRUB-DIAG] FINAL - scroll: 0.0/s | scrubChanged: 0.0/s | playhead: 0.0/s (elapsed: 1.09s)
[PERF] FPS: 32.0 | CPU: 21.6% (1core), 3.6% (all) | MEM: 147MB res, 246MB foot | GPU: n/a | DRAW: avg 0.00ms, p95 0.00ms, max 0.00ms
[SCRUB-DIAG] FINAL - scroll: 0.0/s | scrubChanged: 0.0/s | playhead: 0.0/s (elapsed: 0.30s)
[PerfCounter] applySnapshot(scene): 69
[PerfCounter] applySnapshot(scene): 70
[PerfCounter] applySnapshot(scene): 71
[PerfCounter] applySnapshot(scene): 72
[PerfCounter] applySnapshot(scene): 73
[PerfCounter] applySnapshot(scene): 74
[PerfCounter] applySnapshot(scene): 75
[PerfCounter] applySnapshot(scene): 76
[PerfCounter] applySnapshot(scene): 77
[PerfCounter] applySnapshot(scene): 78
[PerfCounter] applySnapshot(scene): 79
[PerfCounter] applySnapshot(scene): 80
[PerfCounter] applySnapshot(scene): 81
[PerfCounter] applySnapshot(scene): 82
[PerfCounter] applySnapshot(scene): 83
[PerfCounter] applySnapshot(scene): 84
[PerfCounter] applySnapshot(scene): 85
[PerfCounter] applySnapshot(scene): 86
[PerfCounter] applySnapshot(scene): 87
[PerfCounter] applySnapshot(scene): 88
[PerfCounter] layout(scene): 60
[PerfCounter] applySnapshot(scene): 89
[PerfCounter] applySnapshot(scene): 90
[PerfCounter] applySnapshot(scene): 91
[PerfCounter] applySnapshot(scene): 92
[PerfCounter] applySnapshot(scene): 93
[PerfCounter] applySnapshot(scene): 94
[PerfCounter] applySnapshot(scene): 95
[PerfCounter] applySnapshot(scene): 96
[PerfCounter] applySnapshot(scene): 97
[PerfCounter] applySnapshot(scene): 98
[PerfCounter] applySnapshot(scene): 99
[PerfCounter] applySnapshot(scene): 100
[PerfCounter] applySnapshot(scene): 101
[PerfCounter] applySnapshot(scene): 102
[PerfCounter] applySnapshot(scene): 103
[PerfCounter] applySnapshot(scene): 104
[PerfCounter] applySnapshot(scene): 105
[PerfCounter] applySnapshot(scene): 106
[PerfCounter] applySnapshot(scene): 107
[PerfCounter] applySnapshot(scene): 108
[PerfCounter] layout(scene): 70
[PerfCounter] applySnapshot(scene): 109
[PerfCounter] applySnapshot(scene): 110
[PerfCounter] applySnapshot(scene): 111
[PerfCounter] applySnapshot(scene): 112
[PerfCounter] applySnapshot(scene): 113
[PerfCounter] applySnapshot(scene): 114
[PerfCounter] applySnapshot(scene): 115
[PerfCounter] applySnapshot(scene): 116
[PerfCounter] applySnapshot(scene): 117
[PerfCounter] applySnapshot(scene): 118
[PerfCounter] applySnapshot(scene): 119
[PerfCounter] applySnapshot(scene): 120
[PerfCounter] applySnapshot(scene): 121
[PerfCounter] applySnapshot(scene): 122
[PerfCounter] applySnapshot(scene): 123
[PerfCounter] applySnapshot(scene): 124
[MEM-EVENT] preview.audio.markDirty | generation=1 playing=0 state=timelinePreview
[MEM-EVENT] preview.audio.select | toggle=ON controller=Canonical
[MEM-EVENT] preview.audio.prepare | canonicalIdlePrepareSkipped=1
[SCRUB-DIAG] FINAL - scroll: 0.0/s | scrubChanged: 0.0/s | playhead: 0.0/s (elapsed: 1.64s)
[PERF] FPS: 12.5 | CPU: 16.3% (1core), 2.7% (all) | MEM: 129MB res, 218MB foot | GPU: n/a | DRAW: avg 0.00ms, p95 0.00ms, max 0.00ms
[MEM-EVENT] audio.session.activate.begin
[MEM-EVENT] audio.session.activate.end | ok=1
[MEM-EVENT] Runtime.create.start | id=1B27C22C-A3AC-4480-9EF0-810D6EB7B169 sceneType=full_image
[MEM-EVENT] UserMediaService.init | obj=-5107675458486994129
[MEM-EVENT] SceneInstanceRuntime.init | obj=-793852845036587699 id=1B27C22C-A3AC-4480-9EF0-810D6EB7B169 type=full_image
[MEM-EVENT] UMS.cleanupVideo | obj=-5107675458486994129 blockId=block_01
[MEM-EVENT] CVTextureCache.create | owner=UserMediaTextureFactory
[MEM-EVENT] VideoFrameProvider.init | obj=-6224975397815414287
[MediaRestoreCoordinator] Restored video for block_01: presentOnReady=true, success
[MEM-EVENT] SceneInstanceRuntime.applyState | obj=-793852845036587699 id=1B27C22C-A3AC-4480-9EF0-810D6EB7B169 restored=1
[MEM-EVENT] Runtime.create.complete | id=1B27C22C-A3AC-4480-9EF0-810D6EB7B169 outcome=success total=3
[MEM-EVENT] SceneInstanceRuntime.prepare | obj=-793852845036587699 id=1B27C22C-A3AC-4480-9EF0-810D6EB7B169 frame=197
[VideoFrameProvider] READY: 1B27C22C-A3AC-4480-9EF0-810D6EB7B169_block_01_D6CA418E-C918-4CD3-8816-B0D31A2FD7B9.mov | dur=46.64s | sceneFPS=30.0 | trackFPS=25.00 | size=1920x1080 | transform=[0.0,1.0,-1.0,0.0,1080.0,0.0]
[SceneInstanceRuntime] Ready for presentation at frame 149: 1B27C22C-A3AC-4480-9EF0-810D6EB7B169
[MEM-EVENT] playback.audio.start.begin | compressedFrame=427 projectTimeUs=14233333 state=timelinePreview isPlayingBefore=0
[MEM-EVENT] displayLink.create | obj=5629661128383082850
[MEM-DIAG] playback.start | footprint: 209MB | resident: 121MB | available: 2863MB | metal: 173MB | SceneInstanceRuntime: 3 | UserMediaService: 4 | VideoFrameProvider: 4
[MEM-EVENT] playback.audio.previewStart.call | projectTimeUs=14233333 hostTime=206099.00244658338
[MEM-EVENT] preview.audio.select | toggle=ON controller=Canonical
[MEM-EVENT] preview.audio.start | dirty=1 hasPipeline=1 readiness=primed
[MEM-EVENT] preview.audio.canonical.legacyGateBypassed | seconds=14.233333 hostTime=206099.00244658338
[MEM-EVENT] preview.audio.canonical.startPlayback.call | seconds=14.233333
[MEM-EVENT] preview.audio.stage8.startPlayback.call | sinceStartMs=0.00 fromSeconds=14.233333
[MEM-EVENT] preview.audio.stage8.plan.eval | sinceStartMs=0.79 elapsedMs=0.77 segments=5
[MEM-EVENT] preview.audio.canonical.plan | segments=5 fromSeconds=14.233333
[MEM-EVENT] preview.audio.stage8.setup.end | sinceStartMs=2.51 graph+session+output+anchor done
[MEM-EVENT] preview.audio.canonical.preroll.build.begin | planSegments=5 range=683199..<692799 gen=14
[MEM-EVENT] preview.audio.stage8.preroll.begin | sinceStartMs=2.54 range=683199..<692799 sampleCount=9600 initialPrerollSamples=9600 maxChunkSamples=48000
[MEM-EVENT] preview.audio.canonical.render.begin | segments=5 range=683199..<692799
[MEM-EVENT] preview.audio.stage8.cache.miss | range=683199..<692799 revision=ProjectRevision(raw: 5) epoch=PlaybackEpoch(raw: 5) planIdLen=2876
[VideoFrameProvider] playback: 1 OK, 0 nil (0.0%) | itemTime=7.639s | lastExtracted=7.672s | active=true
[VideoFrameProvider] playback: 1 OK, 0 nil (0.0%) | itemTime=0.000s | lastExtracted=0.000s | active=true
[MEM-EVENT] preview.audio.canonical.firstFrameSignal | delivered=1
[MEM-EVENT] preview.audio.stage8.firstFrameSignal | sinceStartMs=14.50 barrierReason=firstFrameArrivedPrerollNotReady
[MEM-EVENT] preview.audio.stage8.render.decode | source=app.audio.source.imported:531F4D44-3E03-4BAF-AC42-E5B4D308A7F2 sourceStart=227733/16000 frameCount=9600 intersectionFrames=9600 elapsedMs=53.20
[MEM-EVENT] preview.audio.stage8.render.decode | source=app.audio.source.videoLayer:scene-1-8CEC99DF-E1B3-4C0C-8280-7A2D63061E32:block_01 sourceStart=60933/8000 frameCount=9600 intersectionFrames=9600 elapsedMs=77.17
[MEM-EVENT] preview.audio.stage8.render.decode | source=app.audio.source.videoLayer:scene-1-8CEC99DF-E1B3-4C0C-8280-7A2D63061E32:block_02 sourceStart=60933/8000 frameCount=5282 intersectionFrames=5282 elapsedMs=28.42
[MEM-EVENT] preview.audio.stage8.render.total | range=683199..<692799 segments=5 sources=3 elapsedMs=163.64
[MEM-EVENT] preview.audio.stage8.cache.store | range=683199..<692799 revision=ProjectRevision(raw: 5) epoch=PlaybackEpoch(raw: 5) planIdLen=2876
[MEM-EVENT] preview.audio.canonical.render.end | sources=3
[MEM-EVENT] preview.audio.canonical.preroll.build.end | sourceCount=3 bufferCount=3
[MEM-EVENT] preview.audio.stage8.preroll.end | sinceStartMs=166.49 renderElapsedMs=163.96 sourceCount=3
[MEM-EVENT] preview.audio.stage8.barrier.cross | sinceStartMs=166.50
[MEM-EVENT] preview.audio.canonical.graph.schedule.begin | sources=3
[MEM-EVENT] preview.audio.canonical.graph.schedule.end | scheduled=1
[MEM-EVENT] preview.audio.stage8.graph.schedule.end | sinceStartMs=214.96 scheduleMs=48.45
[MEM-EVENT] preview.audio.canonical.engine.start.begin
[MEM-EVENT] preview.audio.canonical.player.play.begin
[MEM-EVENT] preview.audio.canonical.player.play.end
[MEM-EVENT] preview.audio.canonical.engine.start.end
[MEM-EVENT] preview.audio.stage8.player.play.end | sinceStartMs=214.99 playStartMs=0.02
[MEM-EVENT] preview.audio.canonical.scheduled | scheduled=1 sources=3 started=1
[MEM-EVENT] preview.audio.stage8.scheduled.total | sinceStartMs=215.00 totalStartToScheduledMs=215.00
[MEM-EVENT] preview.audio.canonical.nextChunk.requested | range=692799..<740799 gen=18 inFlight=1
[MEM-EVENT] preview.audio.canonical.nextChunk.render.begin | range=692799..<740799 gen=18
[MEM-EVENT] preview.audio.canonical.render.begin | segments=5 range=692799..<740799
[MEM-EVENT] preview.audio.stage8.cache.miss | range=692799..<740799 revision=ProjectRevision(raw: 5) epoch=PlaybackEpoch(raw: 5) planIdLen=2876
[MEM-EVENT] preview.audio.stage8.render.decode | source=app.audio.source.imported:531F4D44-3E03-4BAF-AC42-E5B4D308A7F2 sourceStart=230933/16000 frameCount=48000 intersectionFrames=48000 elapsedMs=30.23
[MEM-EVENT] preview.audio.stage8.render.decode | source=app.audio.source.videoLayer:scene-1-8CEC99DF-E1B3-4C0C-8280-7A2D63061E32:block_01 sourceStart=62533/8000 frameCount=48000 intersectionFrames=48000 elapsedMs=24.26
[MEM-EVENT] preview.audio.stage8.render.total | range=692799..<740799 segments=5 sources=2 elapsedMs=69.06
[MEM-EVENT] preview.audio.stage8.cache.store | range=692799..<740799 revision=ProjectRevision(raw: 5) epoch=PlaybackEpoch(raw: 5) planIdLen=2876
[MEM-EVENT] preview.audio.canonical.render.end | sources=2
[MEM-EVENT] preview.audio.canonical.nextChunk.render.end | range=692799..<740799 sourceCount=2
[MEM-EVENT] preview.audio.canonical.nextChunk.schedule.begin | range=692799..<740799 sources=2
[MEM-EVENT] preview.audio.canonical.nextChunk.schedule.end | range=692799..<740799 scheduled=1
[MEM-EVENT] preview.audio.canonical.nextChunk.requested | range=740799..<788799 gen=18 inFlight=1
[MEM-EVENT] preview.audio.canonical.nextChunk.render.begin | range=740799..<788799 gen=18
[MEM-EVENT] preview.audio.canonical.render.begin | segments=5 range=740799..<788799
[MEM-EVENT] preview.audio.stage8.cache.miss | range=740799..<788799 revision=ProjectRevision(raw: 5) epoch=PlaybackEpoch(raw: 5) planIdLen=2876
[MEM-EVENT] preview.audio.stage8.render.decode | source=app.audio.source.imported:531F4D44-3E03-4BAF-AC42-E5B4D308A7F2 sourceStart=246933/16000 frameCount=48000 intersectionFrames=48000 elapsedMs=32.35
[MEM-EVENT] preview.audio.stage8.render.decode | source=app.audio.source.videoLayer:scene-1-8CEC99DF-E1B3-4C0C-8280-7A2D63061E32:block_01 sourceStart=70533/8000 frameCount=48000 intersectionFrames=48000 elapsedMs=24.80
[MEM-EVENT] preview.audio.stage8.render.total | range=740799..<788799 segments=5 sources=2 elapsedMs=70.71
[MEM-EVENT] preview.audio.stage8.cache.store | range=740799..<788799 revision=ProjectRevision(raw: 5) epoch=PlaybackEpoch(raw: 5) planIdLen=2876
[MEM-EVENT] preview.audio.canonical.render.end | sources=2
[MEM-EVENT] preview.audio.canonical.nextChunk.render.end | range=740799..<788799 sourceCount=2
[MEM-EVENT] preview.audio.canonical.nextChunk.schedule.begin | range=740799..<788799 sources=2
[MEM-EVENT] preview.audio.canonical.nextChunk.schedule.end | range=740799..<788799 scheduled=1
[MEM-EVENT] preview.audio.canonical.nextChunk.requested | range=788799..<836799 gen=18 inFlight=1
[MEM-EVENT] preview.audio.canonical.nextChunk.render.begin | range=788799..<836799 gen=18
[MEM-EVENT] preview.audio.canonical.render.begin | segments=5 range=788799..<836799
[MEM-EVENT] preview.audio.stage8.cache.miss | range=788799..<836799 revision=ProjectRevision(raw: 5) epoch=PlaybackEpoch(raw: 5) planIdLen=2876
[MEM-EVENT] preview.audio.stage8.render.decode | source=app.audio.source.imported:531F4D44-3E03-4BAF-AC42-E5B4D308A7F2 sourceStart=262933/16000 frameCount=48000 intersectionFrames=48000 elapsedMs=30.14
[MEM-EVENT] preview.audio.stage8.render.decode | source=app.audio.source.videoLayer:scene-1-8CEC99DF-E1B3-4C0C-8280-7A2D63061E32:block_01 sourceStart=78533/8000 frameCount=48000 intersectionFrames=48000 elapsedMs=24.62
[MEM-EVENT] preview.audio.stage8.render.total | range=788799..<836799 segments=5 sources=2 elapsedMs=68.29
[MEM-EVENT] preview.audio.stage8.cache.store | range=788799..<836799 revision=ProjectRevision(raw: 5) epoch=PlaybackEpoch(raw: 5) planIdLen=2876
[MEM-EVENT] preview.audio.canonical.render.end | sources=2
[MEM-EVENT] preview.audio.canonical.nextChunk.render.end | range=788799..<836799 sourceCount=2
[MEM-EVENT] preview.audio.canonical.nextChunk.schedule.begin | range=788799..<836799 sources=2
[MEM-EVENT] preview.audio.canonical.nextChunk.schedule.end | range=788799..<836799 scheduled=1
[MEM-EVENT] preview.audio.canonical.nextChunk.requested | range=836799..<884799 gen=18 inFlight=1
[MEM-EVENT] preview.audio.canonical.nextChunk.render.begin | range=836799..<884799 gen=18
[MEM-EVENT] preview.audio.canonical.render.begin | segments=5 range=836799..<884799
[MEM-EVENT] preview.audio.stage8.cache.miss | range=836799..<884799 revision=ProjectRevision(raw: 5) epoch=PlaybackEpoch(raw: 5) planIdLen=2876
[MEM-EVENT] preview.audio.stage8.render.decode | source=app.audio.source.imported:531F4D44-3E03-4BAF-AC42-E5B4D308A7F2 sourceStart=278933/16000 frameCount=48000 intersectionFrames=48000 elapsedMs=29.11
[MEM-EVENT] preview.audio.stage8.render.decode | source=app.audio.source.videoLayer:scene-1-8CEC99DF-E1B3-4C0C-8280-7A2D63061E32:block_01 sourceStart=86533/8000 frameCount=12722 intersectionFrames=12722 elapsedMs=24.34
[MEM-EVENT] preview.audio.stage8.render.total | range=836799..<884799 segments=5 sources=2 elapsedMs=62.19
[MEM-EVENT] preview.audio.stage8.cache.store | range=836799..<884799 revision=ProjectRevision(raw: 5) epoch=PlaybackEpoch(raw: 5) planIdLen=2876
[MEM-EVENT] preview.audio.canonical.render.end | sources=2
[MEM-EVENT] preview.audio.canonical.nextChunk.render.end | range=836799..<884799 sourceCount=2
[MEM-EVENT] preview.audio.canonical.nextChunk.schedule.begin | range=836799..<884799 sources=2
[MEM-EVENT] preview.audio.canonical.nextChunk.schedule.end | range=836799..<884799 scheduled=1
[MEM-EVENT] preview.audio.canonical.nextChunk.requested | range=884799..<932799 gen=18 inFlight=1
[MEM-EVENT] preview.audio.canonical.nextChunk.render.begin | range=884799..<932799 gen=18
[MEM-EVENT] preview.audio.canonical.render.begin | segments=5 range=884799..<932799
[MEM-EVENT] preview.audio.stage8.cache.miss | range=884799..<932799 revision=ProjectRevision(raw: 5) epoch=PlaybackEpoch(raw: 5) planIdLen=2876
[MEM-EVENT] preview.audio.stage8.render.decode | source=app.audio.source.imported:531F4D44-3E03-4BAF-AC42-E5B4D308A7F2 sourceStart=294933/16000 frameCount=48000 intersectionFrames=48000 elapsedMs=30.40
[MEM-EVENT] preview.audio.stage8.render.decode | source=app.audio.source.videoLayer:scene-2-3304AAF6-462C-48E7-B553-C8D414899AA7:block_01 sourceStart=0/1 frameCount=2398 intersectionFrames=2398 elapsedMs=24.25
[MEM-EVENT] preview.audio.stage8.render.total | range=884799..<932799 segments=5 sources=2 elapsedMs=62.91
[MEM-EVENT] preview.audio.stage8.cache.store | range=884799..<932799 revision=ProjectRevision(raw: 5) epoch=PlaybackEpoch(raw: 5) planIdLen=2876
[MEM-EVENT] preview.audio.canonical.render.end | sources=2
[MEM-EVENT] preview.audio.canonical.nextChunk.render.end | range=884799..<932799 sourceCount=2
[MEM-EVENT] preview.audio.canonical.nextChunk.schedule.begin | range=884799..<932799 sources=2
[MEM-EVENT] preview.audio.canonical.nextChunk.schedule.end | range=884799..<932799 scheduled=1
[MEM-EVENT] preview.audio.canonical.nextChunk.requested | range=932799..<980799 gen=18 inFlight=1
[MEM-EVENT] preview.audio.canonical.nextChunk.render.begin | range=932799..<980799 gen=18
[MEM-EVENT] preview.audio.canonical.render.begin | segments=5 range=932799..<980799
[MEM-EVENT] preview.audio.stage8.cache.miss | range=932799..<980799 revision=ProjectRevision(raw: 5) epoch=PlaybackEpoch(raw: 5) planIdLen=2876
[MEM-EVENT] preview.audio.stage8.render.decode | source=app.audio.source.imported:531F4D44-3E03-4BAF-AC42-E5B4D308A7F2 sourceStart=310933/16000 frameCount=48000 intersectionFrames=48000 elapsedMs=29.69
[MEM-EVENT] preview.audio.stage8.render.decode | source=app.audio.source.videoLayer:scene-2-3304AAF6-462C-48E7-B553-C8D414899AA7:block_01 sourceStart=1199/24000 frameCount=48000 intersectionFrames=48000 elapsedMs=25.99
[MEM-EVENT] preview.audio.stage8.render.total | range=932799..<980799 segments=5 sources=2 elapsedMs=69.50
[MEM-EVENT] preview.audio.stage8.cache.store | range=932799..<980799 revision=ProjectRevision(raw: 5) epoch=PlaybackEpoch(raw: 5) planIdLen=2876
[MEM-EVENT] preview.audio.canonical.render.end | sources=2
[MEM-EVENT] preview.audio.canonical.nextChunk.render.end | range=932799..<980799 sourceCount=2
[MEM-EVENT] preview.audio.canonical.nextChunk.schedule.begin | range=932799..<980799 sources=2
[MEM-EVENT] preview.audio.canonical.nextChunk.schedule.end | range=932799..<980799 scheduled=1
[MEM-EVENT] preview.audio.canonical.nextChunk.requested | range=980799..<1028799 gen=18 inFlight=1
[MEM-EVENT] preview.audio.canonical.nextChunk.render.begin | range=980799..<1028799 gen=18
[MEM-EVENT] preview.audio.canonical.render.begin | segments=5 range=980799..<1028799
[MEM-EVENT] preview.audio.stage8.cache.miss | range=980799..<1028799 revision=ProjectRevision(raw: 5) epoch=PlaybackEpoch(raw: 5) planIdLen=2876
[MEM-EVENT] preview.audio.stage8.render.decode | source=app.audio.source.imported:531F4D44-3E03-4BAF-AC42-E5B4D308A7F2 sourceStart=326933/16000 frameCount=48000 intersectionFrames=48000 elapsedMs=30.31
[MEM-EVENT] preview.audio.stage8.render.decode | source=app.audio.source.videoLayer:scene-2-3304AAF6-462C-48E7-B553-C8D414899AA7:block_01 sourceStart=25199/24000 frameCount=48000 intersectionFrames=48000 elapsedMs=24.26
[MEM-EVENT] preview.audio.stage8.render.total | range=980799..<1028799 segments=5 sources=2 elapsedMs=68.57
[MEM-EVENT] preview.audio.stage8.cache.store | range=980799..<1028799 revision=ProjectRevision(raw: 5) epoch=PlaybackEpoch(raw: 5) planIdLen=2876
[MEM-EVENT] preview.audio.canonical.render.end | sources=2
[MEM-EVENT] preview.audio.canonical.nextChunk.render.end | range=980799..<1028799 sourceCount=2
[MEM-EVENT] preview.audio.canonical.nextChunk.schedule.begin | range=980799..<1028799 sources=2
[MEM-EVENT] preview.audio.canonical.nextChunk.schedule.end | range=980799..<1028799 scheduled=1
[MEM-EVENT] preview.audio.canonical.nextChunk.requested | range=1028799..<1076799 gen=18 inFlight=1
[MEM-EVENT] preview.audio.canonical.nextChunk.render.begin | range=1028799..<1076799 gen=18
[MEM-EVENT] preview.audio.canonical.render.begin | segments=5 range=1028799..<1076799
[MEM-EVENT] preview.audio.stage8.cache.miss | range=1028799..<1076799 revision=ProjectRevision(raw: 5) epoch=PlaybackEpoch(raw: 5) planIdLen=2876
[MEM-EVENT] preview.audio.stage8.render.decode | source=app.audio.source.imported:531F4D44-3E03-4BAF-AC42-E5B4D308A7F2 sourceStart=342933/16000 frameCount=48000 intersectionFrames=48000 elapsedMs=30.97
[MEM-EVENT] preview.audio.stage8.render.decode | source=app.audio.source.videoLayer:scene-2-3304AAF6-462C-48E7-B553-C8D414899AA7:block_01 sourceStart=49199/24000 frameCount=48000 intersectionFrames=48000 elapsedMs=25.41
[MEM-EVENT] preview.audio.stage8.render.total | range=1028799..<1076799 segments=5 sources=2 elapsedMs=70.67
[MEM-EVENT] preview.audio.stage8.cache.store | range=1028799..<1076799 revision=ProjectRevision(raw: 5) epoch=PlaybackEpoch(raw: 5) planIdLen=2876
[MEM-EVENT] preview.audio.canonical.render.end | sources=2
[MEM-EVENT] preview.audio.canonical.nextChunk.render.end | range=1028799..<1076799 sourceCount=2
[MEM-EVENT] preview.audio.canonical.nextChunk.schedule.begin | range=1028799..<1076799 sources=2
[MEM-EVENT] preview.audio.canonical.nextChunk.schedule.end | range=1028799..<1076799 scheduled=1
[MEM-EVENT] preview.audio.canonical.nextChunk.requested | range=1076799..<1124799 gen=18 inFlight=1
[MEM-EVENT] preview.audio.canonical.nextChunk.render.begin | range=1076799..<1124799 gen=18
[MEM-EVENT] preview.audio.canonical.render.begin | segments=5 range=1076799..<1124799
[MEM-EVENT] preview.audio.stage8.cache.miss | range=1076799..<1124799 revision=ProjectRevision(raw: 5) epoch=PlaybackEpoch(raw: 5) planIdLen=2876
[MEM-EVENT] preview.audio.stage8.render.decode | source=app.audio.source.imported:531F4D44-3E03-4BAF-AC42-E5B4D308A7F2 sourceStart=358933/16000 frameCount=48000 intersectionFrames=48000 elapsedMs=30.08
[MEM-EVENT] preview.audio.stage8.render.decode | source=app.audio.source.videoLayer:scene-2-3304AAF6-462C-48E7-B553-C8D414899AA7:block_01 sourceStart=73199/24000 frameCount=48000 intersectionFrames=48000 elapsedMs=25.23
[MEM-EVENT] preview.audio.stage8.render.total | range=1076799..<1124799 segments=5 sources=2 elapsedMs=69.75
[MEM-EVENT] preview.audio.stage8.cache.store | range=1076799..<1124799 revision=ProjectRevision(raw: 5) epoch=PlaybackEpoch(raw: 5) planIdLen=2876
[MEM-EVENT] preview.audio.canonical.render.end | sources=2
[MEM-EVENT] preview.audio.canonical.nextChunk.render.end | range=1076799..<1124799 sourceCount=2
[MEM-EVENT] preview.audio.canonical.nextChunk.schedule.begin | range=1076799..<1124799 sources=2
[MEM-EVENT] preview.audio.canonical.nextChunk.schedule.end | range=1076799..<1124799 scheduled=1
[MEM-EVENT] preview.audio.canonical.nextChunk.requested | range=1124799..<1172799 gen=18 inFlight=1
[MEM-EVENT] preview.audio.canonical.nextChunk.render.begin | range=1124799..<1172799 gen=18
[MEM-EVENT] preview.audio.canonical.render.begin | segments=5 range=1124799..<1172799
[MEM-EVENT] preview.audio.stage8.cache.miss | range=1124799..<1172799 revision=ProjectRevision(raw: 5) epoch=PlaybackEpoch(raw: 5) planIdLen=2876
[MEM-EVENT] preview.audio.stage8.render.decode | source=app.audio.source.imported:531F4D44-3E03-4BAF-AC42-E5B4D308A7F2 sourceStart=374933/16000 frameCount=48000 intersectionFrames=48000 elapsedMs=30.27
[MEM-EVENT] preview.audio.stage8.render.decode | source=app.audio.source.videoLayer:scene-2-3304AAF6-462C-48E7-B553-C8D414899AA7:block_01 sourceStart=97199/24000 frameCount=48000 intersectionFrames=48000 elapsedMs=25.83
[MEM-EVENT] preview.audio.stage8.render.total | range=1124799..<1172799 segments=5 sources=2 elapsedMs=69.92
[MEM-EVENT] preview.audio.stage8.cache.store | range=1124799..<1172799 revision=ProjectRevision(raw: 5) epoch=PlaybackEpoch(raw: 5) planIdLen=2876
[MEM-EVENT] preview.audio.canonical.render.end | sources=2
[MEM-EVENT] preview.audio.canonical.nextChunk.render.end | range=1124799..<1172799 sourceCount=2
[MEM-EVENT] preview.audio.canonical.nextChunk.schedule.begin | range=1124799..<1172799 sources=2
[MEM-EVENT] preview.audio.canonical.nextChunk.schedule.end | range=1124799..<1172799 scheduled=1
[MEM-EVENT] preview.audio.canonical.nextChunk.requested | range=1172799..<1220799 gen=18 inFlight=1
[MEM-EVENT] preview.audio.canonical.nextChunk.render.begin | range=1172799..<1220799 gen=18
[MEM-EVENT] preview.audio.canonical.render.begin | segments=5 range=1172799..<1220799
[MEM-EVENT] preview.audio.stage8.cache.miss | range=1172799..<1220799 revision=ProjectRevision(raw: 5) epoch=PlaybackEpoch(raw: 5) planIdLen=2876
[MEM-EVENT] preview.audio.stage8.render.decode | source=app.audio.source.imported:531F4D44-3E03-4BAF-AC42-E5B4D308A7F2 sourceStart=390933/16000 frameCount=48000 intersectionFrames=48000 elapsedMs=30.66
[MEM-EVENT] preview.audio.stage8.render.decode | source=app.audio.source.videoLayer:scene-2-3304AAF6-462C-48E7-B553-C8D414899AA7:block_01 sourceStart=121199/24000 frameCount=48000 intersectionFrames=48000 elapsedMs=26.03
[MEM-EVENT] preview.audio.stage8.render.total | range=1172799..<1220799 segments=5 sources=2 elapsedMs=70.42
[MEM-EVENT] preview.audio.stage8.cache.store | range=1172799..<1220799 revision=ProjectRevision(raw: 5) epoch=PlaybackEpoch(raw: 5) planIdLen=2876
[MEM-EVENT] preview.audio.canonical.render.end | sources=2
[MEM-EVENT] preview.audio.canonical.nextChunk.render.end | range=1172799..<1220799 sourceCount=2
[MEM-EVENT] preview.audio.canonical.nextChunk.schedule.begin | range=1172799..<1220799 sources=2
[MEM-EVENT] preview.audio.canonical.nextChunk.schedule.end | range=1172799..<1220799 scheduled=1
[MEM-EVENT] preview.audio.canonical.nextChunk.requested | range=1220799..<1268799 gen=18 inFlight=1
[MEM-EVENT] preview.audio.canonical.nextChunk.render.begin | range=1220799..<1268799 gen=18
[MEM-EVENT] preview.audio.canonical.render.begin | segments=5 range=1220799..<1268799
[MEM-EVENT] preview.audio.stage8.cache.miss | range=1220799..<1268799 revision=ProjectRevision(raw: 5) epoch=PlaybackEpoch(raw: 5) planIdLen=2876
[MEM-EVENT] preview.audio.stage8.render.decode | source=app.audio.source.imported:531F4D44-3E03-4BAF-AC42-E5B4D308A7F2 sourceStart=406933/16000 frameCount=48000 intersectionFrames=48000 elapsedMs=30.42
[MEM-EVENT] preview.audio.stage8.render.decode | source=app.audio.source.videoLayer:scene-2-3304AAF6-462C-48E7-B553-C8D414899AA7:block_01 sourceStart=145199/24000 frameCount=48000 intersectionFrames=48000 elapsedMs=24.57
[MEM-EVENT] preview.audio.stage8.render.total | range=1220799..<1268799 segments=5 sources=2 elapsedMs=69.32
[MEM-EVENT] preview.audio.stage8.cache.store | range=1220799..<1268799 revision=ProjectRevision(raw: 5) epoch=PlaybackEpoch(raw: 5) planIdLen=2876
[MEM-EVENT] preview.audio.canonical.render.end | sources=2
[MEM-EVENT] preview.audio.canonical.nextChunk.render.end | range=1220799..<1268799 sourceCount=2
[MEM-EVENT] preview.audio.canonical.nextChunk.schedule.begin | range=1220799..<1268799 sources=2
[MEM-EVENT] preview.audio.canonical.nextChunk.schedule.end | range=1220799..<1268799 scheduled=1
[MEM-EVENT] preview.audio.canonical.nextChunk.requested | range=1268799..<1316799 gen=18 inFlight=1
[MEM-EVENT] preview.audio.canonical.nextChunk.render.begin | range=1268799..<1316799 gen=18
[MEM-EVENT] preview.audio.canonical.render.begin | segments=5 range=1268799..<1316799
[MEM-EVENT] preview.audio.stage8.cache.miss | range=1268799..<1316799 revision=ProjectRevision(raw: 5) epoch=PlaybackEpoch(raw: 5) planIdLen=2876
[MEM-EVENT] preview.audio.stage8.render.decode | source=app.audio.source.imported:531F4D44-3E03-4BAF-AC42-E5B4D308A7F2 sourceStart=422933/16000 frameCount=48000 intersectionFrames=48000 elapsedMs=30.49
[MEM-EVENT] preview.audio.stage8.render.decode | source=app.audio.source.videoLayer:scene-2-3304AAF6-462C-48E7-B553-C8D414899AA7:block_01 sourceStart=169199/24000 frameCount=48000 intersectionFrames=48000 elapsedMs=26.46
[MEM-EVENT] preview.audio.stage8.render.total | range=1268799..<1316799 segments=5 sources=2 elapsedMs=70.68
[MEM-EVENT] preview.audio.stage8.cache.store | range=1268799..<1316799 revision=ProjectRevision(raw: 5) epoch=PlaybackEpoch(raw: 5) planIdLen=2876
[MEM-EVENT] preview.audio.canonical.render.end | sources=2
[MEM-EVENT] preview.audio.canonical.nextChunk.render.end | range=1268799..<1316799 sourceCount=2
[MEM-EVENT] preview.audio.canonical.nextChunk.schedule.begin | range=1268799..<1316799 sources=2
[MEM-EVENT] preview.audio.canonical.nextChunk.schedule.end | range=1268799..<1316799 scheduled=1
[MEM-EVENT] preview.audio.canonical.nextChunk.requested | range=1316799..<1364799 gen=18 inFlight=1
[MEM-EVENT] preview.audio.canonical.nextChunk.render.begin | range=1316799..<1364799 gen=18
[MEM-EVENT] preview.audio.canonical.render.begin | segments=5 range=1316799..<1364799
[MEM-EVENT] preview.audio.stage8.cache.miss | range=1316799..<1364799 revision=ProjectRevision(raw: 5) epoch=PlaybackEpoch(raw: 5) planIdLen=2876
[MEM-EVENT] preview.audio.stage8.render.decode | source=app.audio.source.imported:531F4D44-3E03-4BAF-AC42-E5B4D308A7F2 sourceStart=438933/16000 frameCount=48000 intersectionFrames=48000 elapsedMs=30.31
[MEM-EVENT] preview.audio.stage8.render.decode | source=app.audio.source.videoLayer:scene-2-3304AAF6-462C-48E7-B553-C8D414899AA7:block_01 sourceStart=193199/24000 frameCount=48000 intersectionFrames=48000 elapsedMs=25.20
[MEM-EVENT] preview.audio.stage8.render.total | range=1316799..<1364799 segments=5 sources=2 elapsedMs=69.62
[MEM-EVENT] preview.audio.stage8.cache.store | range=1316799..<1364799 revision=ProjectRevision(raw: 5) epoch=PlaybackEpoch(raw: 5) planIdLen=2876
[MEM-EVENT] preview.audio.canonical.render.end | sources=2
[MEM-EVENT] preview.audio.canonical.nextChunk.render.end | range=1316799..<1364799 sourceCount=2
[MEM-EVENT] preview.audio.canonical.nextChunk.schedule.begin | range=1316799..<1364799 sources=2
[MEM-EVENT] preview.audio.canonical.nextChunk.schedule.end | range=1316799..<1364799 scheduled=1
[MEM-EVENT] preview.audio.canonical.nextChunk.requested | range=1364799..<1392001 gen=18 inFlight=1
[MEM-EVENT] preview.audio.canonical.nextChunk.render.begin | range=1364799..<1392001 gen=18
[MEM-EVENT] preview.audio.canonical.render.begin | segments=5 range=1364799..<1392001
[MEM-EVENT] preview.audio.stage8.cache.miss | range=1364799..<1392001 revision=ProjectRevision(raw: 5) epoch=PlaybackEpoch(raw: 5) planIdLen=2876
[MEM-EVENT] preview.audio.stage8.render.decode | source=app.audio.source.imported:531F4D44-3E03-4BAF-AC42-E5B4D308A7F2 sourceStart=454933/16000 frameCount=27201 intersectionFrames=27202 elapsedMs=29.01
[MEM-EVENT] preview.audio.stage8.render.decode | source=app.audio.source.videoLayer:scene-2-3304AAF6-462C-48E7-B553-C8D414899AA7:block_01 sourceStart=217199/24000 frameCount=27202 intersectionFrames=27202 elapsedMs=25.36
[MEM-EVENT] preview.audio.stage8.render.total | range=1364799..<1392001 segments=5 sources=2 elapsedMs=62.20
[MEM-EVENT] preview.audio.stage8.cache.store | range=1364799..<1392001 revision=ProjectRevision(raw: 5) epoch=PlaybackEpoch(raw: 5) planIdLen=2876
[MEM-EVENT] preview.audio.canonical.render.end | sources=2
[MEM-EVENT] preview.audio.canonical.nextChunk.render.end | range=1364799..<1392001 sourceCount=2
[MEM-EVENT] preview.audio.canonical.nextChunk.schedule.begin | range=1364799..<1392001 sources=2
[MEM-EVENT] preview.audio.canonical.nextChunk.schedule.end | range=1364799..<1392001 scheduled=1
[MEM-EVENT] preview.audio.canonical.nextChunk.endOfPlan | planEnd=1392001
[PERF] FPS: 26.5 | CPU: 40.8% (1core), 6.8% (all) | MEM: 121MB res, 305MB foot | GPU: n/a | DRAW: avg 0.00ms, p95 0.00ms, max 0.00ms
[MEM-EVENT] playback.audio.stop.begin
[MEM-EVENT] displayLink.invalidate | obj=5629661128383082850
[MEM-EVENT] VideoFrameProvider.stopPlayback | obj=2879593938934169324 flush=false hasPlaybackTex=true hasStillTex=true hasInteractiveTex=true hasHoldTex=false
[MEM-EVENT] VideoFrameProvider.stopPlayback | obj=-61160894969377755 flush=false hasPlaybackTex=true hasStillTex=true hasInteractiveTex=true hasHoldTex=false
[MEM-EVENT] playback.idleReclaim.skip | reason=scrubActive
[SCRUB-DIAG] FINAL - scroll: 0.0/s | scrubChanged: 0.0/s | playhead: 0.0/s (elapsed: 2.65s)
[MEM-EVENT] VideoFrameProvider.stopPlayback | obj=82976852201078427 flush=true hasPlaybackTex=true hasStillTex=true hasInteractiveTex=true hasHoldTex=false
[MEM-EVENT] CVTextureCache.flush | owner=UserMediaTextureFactory
[TimelineCompositionEngine] TT-03: Evicted non-resident runtime: 3304AAF6-462C-48E7-B553-C8D414899AA7
[MEM-EVENT] SceneInstanceRuntime.deinit | obj=5926301777833994760 id=3304AAF6-462C-48E7-B553-C8D414899AA7
[MEM-EVENT] UserMediaService.deinit | obj=-8872215125082163023 videoProviders=1
[MEM-EVENT] VideoFrameProvider.release | obj=82976852201078427 hasPlaybackTex=false hasStillTex=true hasInteractiveTex=true
[MEM-EVENT] VideoFrameProvider.stopPlayback | obj=82976852201078427 flush=true hasPlaybackTex=false hasStillTex=true hasInteractiveTex=true hasHoldTex=false
[MEM-EVENT] CVTextureCache.flush | owner=UserMediaTextureFactory
[MEM-EVENT] CVTextureCache.flush | owner=UserMediaTextureFactory
[MEM-EVENT] VideoFrameProvider.deinit | obj=82976852201078427
[SCRUB-DIAG] FINAL - scroll: 0.0/s | scrubChanged: 0.0/s | playhead: 0.0/s (elapsed: 0.37s)
[MEM-EVENT] audio.session.activate.begin
[MEM-EVENT] audio.session.activate.end | ok=1
[MEM-EVENT] playback.audio.start.begin | compressedFrame=172 projectTimeUs=5733333 state=timelinePreview isPlayingBefore=0
[MEM-EVENT] displayLink.create | obj=5629661128383082850
[MEM-DIAG] playback.start | footprint: 269MB | resident: 120MB | available: 2802MB | metal: 234MB | SceneInstanceRuntime: 2 | UserMediaService: 3 | VideoFrameProvider: 3
[MEM-EVENT] playback.audio.previewStart.call | projectTimeUs=5733333 hostTime=206102.49676041672
[MEM-EVENT] preview.audio.select | toggle=ON controller=Canonical
[MEM-EVENT] preview.audio.start | dirty=0 hasPipeline=1 readiness=primed
[MEM-EVENT] preview.audio.canonical.legacyGateBypassed | seconds=5.733333 hostTime=206102.49676041672
[MEM-EVENT] preview.audio.canonical.startPlayback.call | seconds=5.733333
[MEM-EVENT] preview.audio.stage8.startPlayback.call | sinceStartMs=0.01 fromSeconds=5.733333
[MEM-EVENT] preview.audio.stage8.plan.eval | sinceStartMs=4.06 elapsedMs=3.90 segments=5
[MEM-EVENT] preview.audio.canonical.plan | segments=5 fromSeconds=5.733333
[MEM-EVENT] preview.audio.stage8.setup.end | sinceStartMs=8.59 graph+session+output+anchor done
[MEM-EVENT] preview.audio.canonical.preroll.build.begin | planSegments=5 range=275199..<284799 gen=17
[MEM-EVENT] preview.audio.stage8.preroll.begin | sinceStartMs=8.70 range=275199..<284799 sampleCount=9600 initialPrerollSamples=9600 maxChunkSamples=48000
[MEM-EVENT] preview.audio.canonical.render.begin | segments=5 range=275199..<284799
[MEM-EVENT] preview.audio.stage8.cache.miss | range=275199..<284799 revision=ProjectRevision(raw: 6) epoch=PlaybackEpoch(raw: 6) planIdLen=2876
[VideoFrameProvider] playback: 1 OK, 0 nil (0.0%) | itemTime=0.000s | lastExtracted=0.000s | active=true
[MEM-EVENT] preview.audio.canonical.firstFrameSignal | delivered=1
[MEM-EVENT] preview.audio.stage8.firstFrameSignal | sinceStartMs=14.81 barrierReason=firstFrameArrivedPrerollNotReady
[MEM-EVENT] preview.audio.stage8.render.decode | source=app.audio.source.imported:531F4D44-3E03-4BAF-AC42-E5B4D308A7F2 sourceStart=91733/16000 frameCount=9600 intersectionFrames=9600 elapsedMs=43.36
[MEM-EVENT] preview.audio.stage8.render.decode | source=app.audio.source.videoLayer:scene-0-1B27C22C-A3AC-4480-9EF0-810D6EB7B169:block_01 sourceStart=91733/16000 frameCount=9600 intersectionFrames=9600 elapsedMs=30.58
[MEM-EVENT] preview.audio.stage8.render.total | range=275199..<284799 segments=5 sources=2 elapsedMs=78.26
[MEM-EVENT] preview.audio.stage8.cache.store | range=275199..<284799 revision=ProjectRevision(raw: 6) epoch=PlaybackEpoch(raw: 6) planIdLen=2876
[MEM-EVENT] preview.audio.canonical.render.end | sources=2
[MEM-EVENT] preview.audio.canonical.preroll.build.end | sourceCount=2 bufferCount=2
[MEM-EVENT] preview.audio.stage8.preroll.end | sinceStartMs=87.94 renderElapsedMs=79.22 sourceCount=2
[MEM-EVENT] preview.audio.stage8.barrier.cross | sinceStartMs=87.97
[MEM-EVENT] preview.audio.canonical.graph.schedule.begin | sources=2
[MEM-EVENT] preview.audio.canonical.graph.schedule.end | scheduled=1
[MEM-EVENT] preview.audio.stage8.graph.schedule.end | sinceStartMs=132.67 scheduleMs=44.68
[MEM-EVENT] preview.audio.canonical.engine.start.begin
[MEM-EVENT] preview.audio.canonical.player.play.begin
[MEM-EVENT] preview.audio.canonical.player.play.end
[MEM-EVENT] preview.audio.canonical.engine.start.end
[MEM-EVENT] preview.audio.stage8.player.play.end | sinceStartMs=132.70 playStartMs=0.02
[MEM-EVENT] preview.audio.canonical.scheduled | scheduled=1 sources=2 started=1
[MEM-EVENT] preview.audio.stage8.scheduled.total | sinceStartMs=132.71 totalStartToScheduledMs=132.71
[MEM-EVENT] preview.audio.canonical.nextChunk.requested | range=284799..<332799 gen=22 inFlight=1
[MEM-EVENT] preview.audio.canonical.nextChunk.render.begin | range=284799..<332799 gen=22
[MEM-EVENT] preview.audio.canonical.render.begin | segments=5 range=284799..<332799
[MEM-EVENT] preview.audio.stage8.cache.miss | range=284799..<332799 revision=ProjectRevision(raw: 6) epoch=PlaybackEpoch(raw: 6) planIdLen=2876
[MEM-EVENT] preview.audio.stage8.render.decode | source=app.audio.source.imported:531F4D44-3E03-4BAF-AC42-E5B4D308A7F2 sourceStart=94933/16000 frameCount=48000 intersectionFrames=48000 elapsedMs=30.30
[MEM-EVENT] preview.audio.stage8.render.decode | source=app.audio.source.videoLayer:scene-0-1B27C22C-A3AC-4480-9EF0-810D6EB7B169:block_01 sourceStart=94933/16000 frameCount=32801 intersectionFrames=32802 elapsedMs=23.90
[PERF] FPS: 15.5 | CPU: 13.4% (1core), 2.2% (all) | MEM: 120MB res, 302MB foot | GPU: n/a | DRAW: avg 0.00ms, p95 0.00ms, max 0.00ms
[MEM-EVENT] preview.audio.stage8.render.decode | source=app.audio.source.videoLayer:scene-1-8CEC99DF-E1B3-4C0C-8280-7A2D63061E32:block_01 sourceStart=0/1 frameCount=15198 intersectionFrames=15198 elapsedMs=22.81
[MEM-EVENT] preview.audio.stage8.render.decode | source=app.audio.source.videoLayer:scene-1-8CEC99DF-E1B3-4C0C-8280-7A2D63061E32:block_02 sourceStart=0/1 frameCount=15198 intersectionFrames=15198 elapsedMs=24.10
[MEM-EVENT] preview.audio.stage8.render.total | range=284799..<332799 segments=5 sources=4 elapsedMs=117.69
[MEM-EVENT] preview.audio.stage8.cache.store | range=284799..<332799 revision=ProjectRevision(raw: 6) epoch=PlaybackEpoch(raw: 6) planIdLen=2876
[MEM-EVENT] preview.audio.canonical.render.end | sources=4
[MEM-EVENT] preview.audio.canonical.nextChunk.render.end | range=284799..<332799 sourceCount=4
[MEM-EVENT] preview.audio.canonical.nextChunk.schedule.begin | range=284799..<332799 sources=4
[MEM-EVENT] preview.audio.canonical.nextChunk.schedule.end | range=284799..<332799 scheduled=1
[MEM-EVENT] preview.audio.canonical.nextChunk.requested | range=332799..<380799 gen=22 inFlight=1
[MEM-EVENT] preview.audio.canonical.nextChunk.render.begin | range=332799..<380799 gen=22
[MEM-EVENT] preview.audio.canonical.render.begin | segments=5 range=332799..<380799
[MEM-EVENT] preview.audio.stage8.cache.miss | range=332799..<380799 revision=ProjectRevision(raw: 6) epoch=PlaybackEpoch(raw: 6) planIdLen=2876
[MEM-EVENT] preview.audio.stage8.render.decode | source=app.audio.source.imported:531F4D44-3E03-4BAF-AC42-E5B4D308A7F2 sourceStart=110933/16000 frameCount=48000 intersectionFrames=48000 elapsedMs=30.89
[MEM-EVENT] preview.audio.stage8.render.decode | source=app.audio.source.videoLayer:scene-1-8CEC99DF-E1B3-4C0C-8280-7A2D63061E32:block_01 sourceStart=2533/8000 frameCount=48000 intersectionFrames=48000 elapsedMs=24.27
[MEM-EVENT] preview.audio.stage8.render.decode | source=app.audio.source.videoLayer:scene-1-8CEC99DF-E1B3-4C0C-8280-7A2D63061E32:block_02 sourceStart=2533/8000 frameCount=48000 intersectionFrames=48000 elapsedMs=24.55
[MEM-EVENT] preview.audio.stage8.render.total | range=332799..<380799 segments=5 sources=3 elapsedMs=100.26
[MEM-EVENT] preview.audio.stage8.cache.store | range=332799..<380799 revision=ProjectRevision(raw: 6) epoch=PlaybackEpoch(raw: 6) planIdLen=2876
[MEM-EVENT] preview.audio.canonical.render.end | sources=3
[MEM-EVENT] preview.audio.canonical.nextChunk.render.end | range=332799..<380799 sourceCount=3
[MEM-EVENT] preview.audio.canonical.nextChunk.schedule.begin | range=332799..<380799 sources=3
[MEM-EVENT] preview.audio.canonical.nextChunk.schedule.end | range=332799..<380799 scheduled=1
[MEM-EVENT] preview.audio.canonical.nextChunk.requested | range=380799..<428799 gen=22 inFlight=1
[MEM-EVENT] preview.audio.canonical.nextChunk.render.begin | range=380799..<428799 gen=22
[MEM-EVENT] preview.audio.canonical.render.begin | segments=5 range=380799..<428799
[MEM-EVENT] preview.audio.stage8.cache.miss | range=380799..<428799 revision=ProjectRevision(raw: 6) epoch=PlaybackEpoch(raw: 6) planIdLen=2876
[MEM-EVENT] preview.audio.stage8.render.decode | source=app.audio.source.imported:531F4D44-3E03-4BAF-AC42-E5B4D308A7F2 sourceStart=126933/16000 frameCount=48000 intersectionFrames=48000 elapsedMs=29.38
[MEM-EVENT] preview.audio.stage8.render.decode | source=app.audio.source.videoLayer:scene-1-8CEC99DF-E1B3-4C0C-8280-7A2D63061E32:block_01 sourceStart=10533/8000 frameCount=48000 intersectionFrames=48000 elapsedMs=25.12
[MEM-EVENT] preview.audio.stage8.render.decode | source=app.audio.source.videoLayer:scene-1-8CEC99DF-E1B3-4C0C-8280-7A2D63061E32:block_02 sourceStart=10533/8000 frameCount=48000 intersectionFrames=48000 elapsedMs=26.18
[MEM-EVENT] preview.audio.stage8.render.total | range=380799..<428799 segments=5 sources=3 elapsedMs=101.39
[MEM-EVENT] preview.audio.stage8.cache.store | range=380799..<428799 revision=ProjectRevision(raw: 6) epoch=PlaybackEpoch(raw: 6) planIdLen=2876
[MEM-EVENT] preview.audio.canonical.render.end | sources=3
[MEM-EVENT] preview.audio.canonical.nextChunk.render.end | range=380799..<428799 sourceCount=3
[MEM-EVENT] preview.audio.canonical.nextChunk.schedule.begin | range=380799..<428799 sources=3
[MEM-EVENT] preview.audio.canonical.nextChunk.schedule.end | range=380799..<428799 scheduled=1
[MEM-EVENT] preview.audio.canonical.nextChunk.requested | range=428799..<476799 gen=22 inFlight=1
[MEM-EVENT] preview.audio.canonical.nextChunk.render.begin | range=428799..<476799 gen=22
[MEM-EVENT] preview.audio.canonical.render.begin | segments=5 range=428799..<476799
[MEM-EVENT] preview.audio.stage8.cache.miss | range=428799..<476799 revision=ProjectRevision(raw: 6) epoch=PlaybackEpoch(raw: 6) planIdLen=2876
[MEM-EVENT] preview.audio.stage8.render.decode | source=app.audio.source.imported:531F4D44-3E03-4BAF-AC42-E5B4D308A7F2 sourceStart=142933/16000 frameCount=48000 intersectionFrames=48000 elapsedMs=30.99
[MEM-EVENT] preview.audio.stage8.render.decode | source=app.audio.source.videoLayer:scene-1-8CEC99DF-E1B3-4C0C-8280-7A2D63061E32:block_01 sourceStart=18533/8000 frameCount=48000 intersectionFrames=48000 elapsedMs=24.85
[MEM-EVENT] preview.audio.stage8.render.decode | source=app.audio.source.videoLayer:scene-1-8CEC99DF-E1B3-4C0C-8280-7A2D63061E32:block_02 sourceStart=18533/8000 frameCount=48000 intersectionFrames=48000 elapsedMs=25.24
[MEM-EVENT] preview.audio.stage8.render.total | range=428799..<476799 segments=5 sources=3 elapsedMs=101.60
[MEM-EVENT] preview.audio.stage8.cache.store | range=428799..<476799 revision=ProjectRevision(raw: 6) epoch=PlaybackEpoch(raw: 6) planIdLen=2876
[MEM-EVENT] preview.audio.canonical.render.end | sources=3
[MEM-EVENT] preview.audio.canonical.nextChunk.render.end | range=428799..<476799 sourceCount=3
[MEM-EVENT] preview.audio.canonical.nextChunk.schedule.begin | range=428799..<476799 sources=3
[MEM-EVENT] preview.audio.canonical.nextChunk.schedule.end | range=428799..<476799 scheduled=1
[MEM-EVENT] preview.audio.canonical.nextChunk.requested | range=476799..<524799 gen=22 inFlight=1
[MEM-EVENT] preview.audio.canonical.nextChunk.render.begin | range=476799..<524799 gen=22
[MEM-EVENT] preview.audio.canonical.render.begin | segments=5 range=476799..<524799
[MEM-EVENT] preview.audio.stage8.cache.miss | range=476799..<524799 revision=ProjectRevision(raw: 6) epoch=PlaybackEpoch(raw: 6) planIdLen=2876
[MEM-EVENT] preview.audio.stage8.render.decode | source=app.audio.source.imported:531F4D44-3E03-4BAF-AC42-E5B4D308A7F2 sourceStart=158933/16000 frameCount=48000 intersectionFrames=48000 elapsedMs=28.90
[MEM-EVENT] preview.audio.stage8.render.decode | source=app.audio.source.videoLayer:scene-1-8CEC99DF-E1B3-4C0C-8280-7A2D63061E32:block_01 sourceStart=26533/8000 frameCount=48000 intersectionFrames=48000 elapsedMs=26.69
[MEM-EVENT] preview.audio.stage8.render.decode | source=app.audio.source.videoLayer:scene-1-8CEC99DF-E1B3-4C0C-8280-7A2D63061E32:block_02 sourceStart=26533/8000 frameCount=48000 intersectionFrames=48000 elapsedMs=25.69
[MEM-EVENT] preview.audio.stage8.render.total | range=476799..<524799 segments=5 sources=3 elapsedMs=102.10
[MEM-EVENT] preview.audio.stage8.cache.store | range=476799..<524799 revision=ProjectRevision(raw: 6) epoch=PlaybackEpoch(raw: 6) planIdLen=2876
[MEM-EVENT] preview.audio.canonical.render.end | sources=3
[MEM-EVENT] preview.audio.canonical.nextChunk.render.end | range=476799..<524799 sourceCount=3
[MEM-EVENT] preview.audio.canonical.nextChunk.schedule.begin | range=476799..<524799 sources=3
[MEM-EVENT] preview.audio.canonical.nextChunk.schedule.end | range=476799..<524799 scheduled=1
[MEM-EVENT] preview.audio.canonical.nextChunk.requested | range=524799..<572799 gen=22 inFlight=1
[MEM-EVENT] preview.audio.canonical.nextChunk.render.begin | range=524799..<572799 gen=22
[MEM-EVENT] preview.audio.canonical.render.begin | segments=5 range=524799..<572799
[MEM-EVENT] preview.audio.stage8.cache.miss | range=524799..<572799 revision=ProjectRevision(raw: 6) epoch=PlaybackEpoch(raw: 6) planIdLen=2876
[VideoFrameProvider] playback: 2 OK, 0 nil (0.0%) | itemTime=7.707s | lastExtracted=7.707s | active=true
[VideoFrameProvider] playback: 58 OK, 0 nil (0.0%) | itemTime=9.612s | lastExtracted=9.612s | active=true
[MEM-EVENT] VideoFrameProvider.stopPlayback | obj=-6224975397815414287 flush=false hasPlaybackTex=true hasStillTex=true hasInteractiveTex=true hasHoldTex=false
[MEM-EVENT] preview.audio.stage8.render.decode | source=app.audio.source.imported:531F4D44-3E03-4BAF-AC42-E5B4D308A7F2 sourceStart=174933/16000 frameCount=48000 intersectionFrames=48000 elapsedMs=31.41
[MEM-EVENT] preview.audio.stage8.render.decode | source=app.audio.source.videoLayer:scene-1-8CEC99DF-E1B3-4C0C-8280-7A2D63061E32:block_01 sourceStart=34533/8000 frameCount=48000 intersectionFrames=48000 elapsedMs=97.64
[MEM-EVENT] preview.audio.stage8.render.decode | source=app.audio.source.videoLayer:scene-1-8CEC99DF-E1B3-4C0C-8280-7A2D63061E32:block_02 sourceStart=34533/8000 frameCount=48000 intersectionFrames=48000 elapsedMs=25.47
[MEM-EVENT] preview.audio.stage8.render.total | range=524799..<572799 segments=5 sources=3 elapsedMs=177.11
[MEM-EVENT] preview.audio.stage8.cache.store | range=524799..<572799 revision=ProjectRevision(raw: 6) epoch=PlaybackEpoch(raw: 6) planIdLen=2876
[MEM-EVENT] preview.audio.canonical.render.end | sources=3
[MEM-EVENT] preview.audio.canonical.nextChunk.render.end | range=524799..<572799 sourceCount=3
[MEM-EVENT] preview.audio.canonical.nextChunk.schedule.begin | range=524799..<572799 sources=3
[MEM-EVENT] preview.audio.canonical.nextChunk.schedule.end | range=524799..<572799 scheduled=1
[MEM-EVENT] preview.audio.canonical.nextChunk.requested | range=572799..<620799 gen=22 inFlight=1
[MEM-EVENT] preview.audio.canonical.nextChunk.render.begin | range=572799..<620799 gen=22
[MEM-EVENT] preview.audio.canonical.render.begin | segments=5 range=572799..<620799
[MEM-EVENT] preview.audio.stage8.cache.miss | range=572799..<620799 revision=ProjectRevision(raw: 6) epoch=PlaybackEpoch(raw: 6) planIdLen=2876
[MEM-EVENT] playback.audio.stop.begin
[MEM-EVENT] displayLink.invalidate | obj=5629661128383082850
[MEM-EVENT] VideoFrameProvider.stopPlayback | obj=2879593938934169324 flush=false hasPlaybackTex=true hasStillTex=true hasInteractiveTex=true hasHoldTex=false
[MEM-EVENT] VideoFrameProvider.stopPlayback | obj=-61160894969377755 flush=false hasPlaybackTex=true hasStillTex=true hasInteractiveTex=true hasHoldTex=false
[MEM-EVENT] playback.idleReclaim.skip | reason=scrubActive
[MEM-EVENT] preview.audio.stage8.render.decode | source=app.audio.source.imported:531F4D44-3E03-4BAF-AC42-E5B4D308A7F2 sourceStart=190933/16000 frameCount=48000 intersectionFrames=48000 elapsedMs=111.42
[MEM-EVENT] preview.audio.stage8.render.decode | source=app.audio.source.videoLayer:scene-1-8CEC99DF-E1B3-4C0C-8280-7A2D63061E32:block_01 sourceStart=42533/8000 frameCount=48000 intersectionFrames=48000 elapsedMs=33.85
[MEM-EVENT] preview.audio.stage8.render.decode | source=app.audio.source.videoLayer:scene-1-8CEC99DF-E1B3-4C0C-8280-7A2D63061E32:block_02 sourceStart=42533/8000 frameCount=48000 intersectionFrames=48000 elapsedMs=26.95
[MEM-EVENT] preview.audio.stage8.render.total | range=572799..<620799 segments=5 sources=3 elapsedMs=193.67
[MEM-EVENT] preview.audio.stage8.cache.store | range=572799..<620799 revision=ProjectRevision(raw: 6) epoch=PlaybackEpoch(raw: 6) planIdLen=2876
[MEM-EVENT] preview.audio.canonical.render.end | sources=3
[MEM-EVENT] preview.audio.canonical.nextChunk.dropped | gen=22 current=24 reason=staleOrStopped
[SCRUB-DIAG] FINAL - scroll: 0.0/s | scrubChanged: 0.0/s | playhead: 0.0/s (elapsed: 2.44s)
[MEM-EVENT] audio.session.activate.begin
[MEM-EVENT] audio.session.activate.end | ok=1
[MEM-EVENT] playback.audio.start.begin | compressedFrame=74 projectTimeUs=2466666 state=timelinePreview isPlayingBefore=0
[MEM-EVENT] displayLink.create | obj=5629661128383082850
[MEM-DIAG] playback.start | footprint: 326MB | resident: 120MB | available: 2745MB | metal: 289MB | SceneInstanceRuntime: 2 | UserMediaService: 3 | VideoFrameProvider: 3
[MEM-EVENT] playback.audio.previewStart.call | projectTimeUs=2466666 hostTime=206104.31281350006
[MEM-EVENT] preview.audio.select | toggle=ON controller=Canonical
[MEM-EVENT] preview.audio.start | dirty=0 hasPipeline=1 readiness=primed
[MEM-EVENT] preview.audio.canonical.legacyGateBypassed | seconds=2.466666 hostTime=206104.31281350006
[MEM-EVENT] preview.audio.canonical.startPlayback.call | seconds=2.466666
[MEM-EVENT] preview.audio.stage8.startPlayback.call | sinceStartMs=0.01 fromSeconds=2.466666
[MEM-EVENT] preview.audio.stage8.plan.eval | sinceStartMs=4.33 elapsedMs=4.18 segments=5
[MEM-EVENT] preview.audio.canonical.plan | segments=5 fromSeconds=2.466666
[MEM-EVENT] preview.audio.stage8.setup.end | sinceStartMs=8.86 graph+session+output+anchor done
[MEM-EVENT] preview.audio.canonical.preroll.build.begin | planSegments=5 range=118399..<127999 gen=20
[MEM-EVENT] preview.audio.stage8.preroll.begin | sinceStartMs=8.97 range=118399..<127999 sampleCount=9600 initialPrerollSamples=9600 maxChunkSamples=48000
[MEM-EVENT] preview.audio.canonical.render.begin | segments=5 range=118399..<127999
[MEM-EVENT] preview.audio.stage8.cache.miss | range=118399..<127999 revision=ProjectRevision(raw: 7) epoch=PlaybackEpoch(raw: 7) planIdLen=2876
[MEM-EVENT] preview.audio.canonical.firstFrameSignal | delivered=1
[MEM-EVENT] preview.audio.stage8.firstFrameSignal | sinceStartMs=13.40 barrierReason=firstFrameArrivedPrerollNotReady
[MEM-EVENT] preview.audio.stage8.render.decode | source=app.audio.source.imported:531F4D44-3E03-4BAF-AC42-E5B4D308A7F2 sourceStart=118399/48000 frameCount=9600 intersectionFrames=9600 elapsedMs=63.74
[MEM-EVENT] preview.audio.stage8.render.decode | source=app.audio.source.videoLayer:scene-0-1B27C22C-A3AC-4480-9EF0-810D6EB7B169:block_01 sourceStart=118399/48000 frameCount=9600 intersectionFrames=9600 elapsedMs=29.47
[MEM-EVENT] preview.audio.stage8.render.total | range=118399..<127999 segments=5 sources=2 elapsedMs=97.70
[MEM-EVENT] preview.audio.stage8.cache.store | range=118399..<127999 revision=ProjectRevision(raw: 7) epoch=PlaybackEpoch(raw: 7) planIdLen=2876
[MEM-EVENT] preview.audio.canonical.render.end | sources=2
[MEM-EVENT] preview.audio.canonical.preroll.build.end | sourceCount=2 bufferCount=2
[MEM-EVENT] preview.audio.stage8.preroll.end | sinceStartMs=107.39 renderElapsedMs=98.42 sourceCount=2
[MEM-EVENT] preview.audio.stage8.barrier.cross | sinceStartMs=107.41
[MEM-EVENT] preview.audio.canonical.graph.schedule.begin | sources=2
[MEM-EVENT] preview.audio.canonical.graph.schedule.end | scheduled=1
[MEM-EVENT] preview.audio.stage8.graph.schedule.end | sinceStartMs=151.39 scheduleMs=43.97
[MEM-EVENT] preview.audio.canonical.engine.start.begin
[MEM-EVENT] preview.audio.canonical.player.play.begin
[MEM-EVENT] preview.audio.canonical.player.play.end
[MEM-EVENT] preview.audio.canonical.engine.start.end
[MEM-EVENT] preview.audio.stage8.player.play.end | sinceStartMs=151.42 playStartMs=0.02
[MEM-EVENT] preview.audio.canonical.scheduled | scheduled=1 sources=2 started=1
[MEM-EVENT] preview.audio.stage8.scheduled.total | sinceStartMs=151.43 totalStartToScheduledMs=151.42
[MEM-EVENT] preview.audio.canonical.nextChunk.requested | range=127999..<175999 gen=26 inFlight=1
[MEM-EVENT] preview.audio.canonical.nextChunk.render.begin | range=127999..<175999 gen=26
[MEM-EVENT] preview.audio.canonical.render.begin | segments=5 range=127999..<175999
[MEM-EVENT] preview.audio.stage8.cache.miss | range=127999..<175999 revision=ProjectRevision(raw: 7) epoch=PlaybackEpoch(raw: 7) planIdLen=2876
[MEM-EVENT] preview.audio.stage8.render.decode | source=app.audio.source.imported:531F4D44-3E03-4BAF-AC42-E5B4D308A7F2 sourceStart=127999/48000 frameCount=48000 intersectionFrames=48000 elapsedMs=28.19
[MEM-EVENT] preview.audio.stage8.render.decode | source=app.audio.source.videoLayer:scene-0-1B27C22C-A3AC-4480-9EF0-810D6EB7B169:block_01 sourceStart=127999/48000 frameCount=48000 intersectionFrames=48000 elapsedMs=24.04
[VideoFrameProvider] playback: 29 OK, 1 nil (3.3%) | itemTime=2.670s | lastExtracted=2.703s | active=true
[MEM-EVENT] preview.audio.stage8.render.total | range=127999..<175999 segments=5 sources=2 elapsedMs=66.52
[MEM-EVENT] preview.audio.stage8.cache.store | range=127999..<175999 revision=ProjectRevision(raw: 7) epoch=PlaybackEpoch(raw: 7) planIdLen=2876
[MEM-EVENT] preview.audio.canonical.render.end | sources=2
[MEM-EVENT] preview.audio.canonical.nextChunk.render.end | range=127999..<175999 sourceCount=2
[MEM-EVENT] preview.audio.canonical.nextChunk.schedule.begin | range=127999..<175999 sources=2
[MEM-EVENT] preview.audio.canonical.nextChunk.schedule.end | range=127999..<175999 scheduled=1
[MEM-EVENT] preview.audio.canonical.nextChunk.requested | range=175999..<223999 gen=26 inFlight=1
[MEM-EVENT] preview.audio.canonical.nextChunk.render.begin | range=175999..<223999 gen=26
[MEM-EVENT] preview.audio.canonical.render.begin | segments=5 range=175999..<223999
[MEM-EVENT] preview.audio.stage8.cache.miss | range=175999..<223999 revision=ProjectRevision(raw: 7) epoch=PlaybackEpoch(raw: 7) planIdLen=2876
[MEM-EVENT] preview.audio.stage8.render.decode | source=app.audio.source.imported:531F4D44-3E03-4BAF-AC42-E5B4D308A7F2 sourceStart=175999/48000 frameCount=48000 intersectionFrames=48000 elapsedMs=32.70
[MEM-EVENT] preview.audio.stage8.render.decode | source=app.audio.source.videoLayer:scene-0-1B27C22C-A3AC-4480-9EF0-810D6EB7B169:block_01 sourceStart=175999/48000 frameCount=48000 intersectionFrames=48000 elapsedMs=23.88
[MEM-EVENT] preview.audio.stage8.render.total | range=175999..<223999 segments=5 sources=2 elapsedMs=71.82
[MEM-EVENT] preview.audio.stage8.cache.store | range=175999..<223999 revision=ProjectRevision(raw: 7) epoch=PlaybackEpoch(raw: 7) planIdLen=2876
[MEM-EVENT] preview.audio.canonical.render.end | sources=2
[MEM-EVENT] preview.audio.canonical.nextChunk.render.end | range=175999..<223999 sourceCount=2
[MEM-EVENT] preview.audio.canonical.nextChunk.schedule.begin | range=175999..<223999 sources=2
[MEM-EVENT] preview.audio.canonical.nextChunk.schedule.end | range=175999..<223999 scheduled=1
[MEM-EVENT] preview.audio.canonical.nextChunk.requested | range=223999..<271999 gen=26 inFlight=1
[MEM-EVENT] preview.audio.canonical.nextChunk.render.begin | range=223999..<271999 gen=26
[MEM-EVENT] preview.audio.canonical.render.begin | segments=5 range=223999..<271999
[MEM-EVENT] preview.audio.stage8.cache.miss | range=223999..<271999 revision=ProjectRevision(raw: 7) epoch=PlaybackEpoch(raw: 7) planIdLen=2876
[MEM-EVENT] preview.audio.stage8.render.decode | source=app.audio.source.imported:531F4D44-3E03-4BAF-AC42-E5B4D308A7F2 sourceStart=223999/48000 frameCount=48000 intersectionFrames=48000 elapsedMs=29.90
[PERF] FPS: 24.0 | CPU: 30.5% (1core), 5.1% (all) | MEM: 120MB res, 302MB foot | GPU: n/a | DRAW: avg 0.00ms, p95 0.00ms, max 0.00ms
[MEM-EVENT] preview.audio.stage8.render.decode | source=app.audio.source.videoLayer:scene-0-1B27C22C-A3AC-4480-9EF0-810D6EB7B169:block_01 sourceStart=223999/48000 frameCount=48000 intersectionFrames=48000 elapsedMs=25.48
[MEM-EVENT] preview.audio.stage8.render.total | range=223999..<271999 segments=5 sources=2 elapsedMs=69.66
[MEM-EVENT] preview.audio.stage8.cache.store | range=223999..<271999 revision=ProjectRevision(raw: 7) epoch=PlaybackEpoch(raw: 7) planIdLen=2876
[MEM-EVENT] preview.audio.canonical.render.end | sources=2
[MEM-EVENT] preview.audio.canonical.nextChunk.render.end | range=223999..<271999 sourceCount=2
[MEM-EVENT] preview.audio.canonical.nextChunk.schedule.begin | range=223999..<271999 sources=2
[MEM-EVENT] preview.audio.canonical.nextChunk.schedule.end | range=223999..<271999 scheduled=1
[MEM-EVENT] preview.audio.canonical.nextChunk.requested | range=271999..<319999 gen=26 inFlight=1
[MEM-EVENT] preview.audio.canonical.nextChunk.render.begin | range=271999..<319999 gen=26
[MEM-EVENT] preview.audio.canonical.render.begin | segments=5 range=271999..<319999
[MEM-EVENT] preview.audio.stage8.cache.miss | range=271999..<319999 revision=ProjectRevision(raw: 7) epoch=PlaybackEpoch(raw: 7) planIdLen=2876
[MEM-EVENT] preview.audio.stage8.render.decode | source=app.audio.source.imported:531F4D44-3E03-4BAF-AC42-E5B4D308A7F2 sourceStart=271999/48000 frameCount=48000 intersectionFrames=48000 elapsedMs=29.44
[MEM-EVENT] preview.audio.stage8.render.decode | source=app.audio.source.videoLayer:scene-0-1B27C22C-A3AC-4480-9EF0-810D6EB7B169:block_01 sourceStart=271999/48000 frameCount=45601 intersectionFrames=45602 elapsedMs=23.07
[MEM-EVENT] preview.audio.stage8.render.decode | source=app.audio.source.videoLayer:scene-1-8CEC99DF-E1B3-4C0C-8280-7A2D63061E32:block_01 sourceStart=0/1 frameCount=2398 intersectionFrames=2398 elapsedMs=23.22
[MEM-EVENT] preview.audio.stage8.render.decode | source=app.audio.source.videoLayer:scene-1-8CEC99DF-E1B3-4C0C-8280-7A2D63061E32:block_02 sourceStart=0/1 frameCount=2398 intersectionFrames=2398 elapsedMs=24.63
[MEM-EVENT] preview.audio.stage8.render.total | range=271999..<319999 segments=5 sources=4 elapsedMs=115.27
[MEM-EVENT] preview.audio.stage8.cache.store | range=271999..<319999 revision=ProjectRevision(raw: 7) epoch=PlaybackEpoch(raw: 7) planIdLen=2876
[MEM-EVENT] preview.audio.canonical.render.end | sources=4
[MEM-EVENT] preview.audio.canonical.nextChunk.render.end | range=271999..<319999 sourceCount=4
[MEM-EVENT] preview.audio.canonical.nextChunk.schedule.begin | range=271999..<319999 sources=4
[MEM-EVENT] preview.audio.canonical.nextChunk.schedule.end | range=271999..<319999 scheduled=1
[MEM-EVENT] preview.audio.canonical.nextChunk.requested | range=319999..<367999 gen=26 inFlight=1
[MEM-EVENT] preview.audio.canonical.nextChunk.render.begin | range=319999..<367999 gen=26
[MEM-EVENT] preview.audio.canonical.render.begin | segments=5 range=319999..<367999
[MEM-EVENT] preview.audio.stage8.cache.miss | range=319999..<367999 revision=ProjectRevision(raw: 7) epoch=PlaybackEpoch(raw: 7) planIdLen=2876
[MEM-EVENT] preview.audio.stage8.render.decode | source=app.audio.source.imported:531F4D44-3E03-4BAF-AC42-E5B4D308A7F2 sourceStart=319999/48000 frameCount=48000 intersectionFrames=48000 elapsedMs=30.19
[MEM-EVENT] preview.audio.stage8.render.decode | source=app.audio.source.videoLayer:scene-1-8CEC99DF-E1B3-4C0C-8280-7A2D63061E32:block_01 sourceStart=1199/24000 frameCount=48000 intersectionFrames=48000 elapsedMs=25.25
[MEM-EVENT] preview.audio.stage8.render.decode | source=app.audio.source.videoLayer:scene-1-8CEC99DF-E1B3-4C0C-8280-7A2D63061E32:block_02 sourceStart=1199/24000 frameCount=48000 intersectionFrames=48000 elapsedMs=24.57
[MEM-EVENT] preview.audio.stage8.render.total | range=319999..<367999 segments=5 sources=3 elapsedMs=101.33
[MEM-EVENT] preview.audio.stage8.cache.store | range=319999..<367999 revision=ProjectRevision(raw: 7) epoch=PlaybackEpoch(raw: 7) planIdLen=2876
[MEM-EVENT] preview.audio.canonical.render.end | sources=3
[MEM-EVENT] preview.audio.canonical.nextChunk.render.end | range=319999..<367999 sourceCount=3
[MEM-EVENT] preview.audio.canonical.nextChunk.schedule.begin | range=319999..<367999 sources=3
[MEM-EVENT] preview.audio.canonical.nextChunk.schedule.end | range=319999..<367999 scheduled=1
[MEM-EVENT] preview.audio.canonical.nextChunk.requested | range=367999..<415999 gen=26 inFlight=1
[MEM-EVENT] preview.audio.canonical.nextChunk.render.begin | range=367999..<415999 gen=26
[MEM-EVENT] preview.audio.canonical.render.begin | segments=5 range=367999..<415999
[MEM-EVENT] preview.audio.stage8.cache.miss | range=367999..<415999 revision=ProjectRevision(raw: 7) epoch=PlaybackEpoch(raw: 7) planIdLen=2876
[MEM-EVENT] preview.audio.stage8.render.decode | source=app.audio.source.imported:531F4D44-3E03-4BAF-AC42-E5B4D308A7F2 sourceStart=367999/48000 frameCount=48000 intersectionFrames=48000 elapsedMs=31.17
[MEM-EVENT] preview.audio.stage8.render.decode | source=app.audio.source.videoLayer:scene-1-8CEC99DF-E1B3-4C0C-8280-7A2D63061E32:block_01 sourceStart=25199/24000 frameCount=48000 intersectionFrames=48000 elapsedMs=26.33
[MEM-EVENT] preview.audio.stage8.render.decode | source=app.audio.source.videoLayer:scene-1-8CEC99DF-E1B3-4C0C-8280-7A2D63061E32:block_02 sourceStart=25199/24000 frameCount=48000 intersectionFrames=48000 elapsedMs=24.97
[MEM-EVENT] preview.audio.stage8.render.total | range=367999..<415999 segments=5 sources=3 elapsedMs=102.89
[MEM-EVENT] preview.audio.stage8.cache.store | range=367999..<415999 revision=ProjectRevision(raw: 7) epoch=PlaybackEpoch(raw: 7) planIdLen=2876
[MEM-EVENT] preview.audio.canonical.render.end | sources=3
[MEM-EVENT] preview.audio.canonical.nextChunk.render.end | range=367999..<415999 sourceCount=3
[MEM-EVENT] preview.audio.canonical.nextChunk.schedule.begin | range=367999..<415999 sources=3
[MEM-EVENT] preview.audio.canonical.nextChunk.schedule.end | range=367999..<415999 scheduled=1
[MEM-EVENT] preview.audio.canonical.nextChunk.requested | range=415999..<463999 gen=26 inFlight=1
[MEM-EVENT] preview.audio.canonical.nextChunk.render.begin | range=415999..<463999 gen=26
[MEM-EVENT] preview.audio.canonical.render.begin | segments=5 range=415999..<463999
[MEM-EVENT] preview.audio.stage8.cache.miss | range=415999..<463999 revision=ProjectRevision(raw: 7) epoch=PlaybackEpoch(raw: 7) planIdLen=2876
[MEM-EVENT] preview.audio.stage8.render.decode | source=app.audio.source.imported:531F4D44-3E03-4BAF-AC42-E5B4D308A7F2 sourceStart=415999/48000 frameCount=48000 intersectionFrames=48000 elapsedMs=30.59
[MEM-EVENT] preview.audio.stage8.render.decode | source=app.audio.source.videoLayer:scene-1-8CEC99DF-E1B3-4C0C-8280-7A2D63061E32:block_01 sourceStart=49199/24000 frameCount=48000 intersectionFrames=48000 elapsedMs=25.59
[MEM-EVENT] preview.audio.stage8.render.decode | source=app.audio.source.videoLayer:scene-1-8CEC99DF-E1B3-4C0C-8280-7A2D63061E32:block_02 sourceStart=49199/24000 frameCount=48000 intersectionFrames=48000 elapsedMs=24.24
[MEM-EVENT] preview.audio.stage8.render.total | range=415999..<463999 segments=5 sources=3 elapsedMs=101.72
[MEM-EVENT] preview.audio.stage8.cache.store | range=415999..<463999 revision=ProjectRevision(raw: 7) epoch=PlaybackEpoch(raw: 7) planIdLen=2876
[MEM-EVENT] preview.audio.canonical.render.end | sources=3
[MEM-EVENT] preview.audio.canonical.nextChunk.render.end | range=415999..<463999 sourceCount=3
[MEM-EVENT] preview.audio.canonical.nextChunk.schedule.begin | range=415999..<463999 sources=3
[MEM-EVENT] preview.audio.canonical.nextChunk.schedule.end | range=415999..<463999 scheduled=1
[MEM-EVENT] preview.audio.canonical.nextChunk.requested | range=463999..<511999 gen=26 inFlight=1
[MEM-EVENT] preview.audio.canonical.nextChunk.render.begin | range=463999..<511999 gen=26
[MEM-EVENT] preview.audio.canonical.render.begin | segments=5 range=463999..<511999
[MEM-EVENT] preview.audio.stage8.cache.miss | range=463999..<511999 revision=ProjectRevision(raw: 7) epoch=PlaybackEpoch(raw: 7) planIdLen=2876
[MEM-EVENT] preview.audio.stage8.render.decode | source=app.audio.source.imported:531F4D44-3E03-4BAF-AC42-E5B4D308A7F2 sourceStart=463999/48000 frameCount=48000 intersectionFrames=48000 elapsedMs=30.75
[MEM-EVENT] preview.audio.stage8.render.decode | source=app.audio.source.videoLayer:scene-1-8CEC99DF-E1B3-4C0C-8280-7A2D63061E32:block_01 sourceStart=73199/24000 frameCount=48000 intersectionFrames=48000 elapsedMs=25.61
[MEM-EVENT] preview.audio.stage8.render.decode | source=app.audio.source.videoLayer:scene-1-8CEC99DF-E1B3-4C0C-8280-7A2D63061E32:block_02 sourceStart=73199/24000 frameCount=48000 intersectionFrames=48000 elapsedMs=25.61
[MEM-EVENT] preview.audio.stage8.render.total | range=463999..<511999 segments=5 sources=3 elapsedMs=102.60
[MEM-EVENT] preview.audio.stage8.cache.store | range=463999..<511999 revision=ProjectRevision(raw: 7) epoch=PlaybackEpoch(raw: 7) planIdLen=2876
[MEM-EVENT] preview.audio.canonical.render.end | sources=3
[MEM-EVENT] preview.audio.canonical.nextChunk.render.end | range=463999..<511999 sourceCount=3
[MEM-EVENT] preview.audio.canonical.nextChunk.schedule.begin | range=463999..<511999 sources=3
[MEM-EVENT] preview.audio.canonical.nextChunk.schedule.end | range=463999..<511999 scheduled=1
[MEM-EVENT] preview.audio.canonical.nextChunk.requested | range=511999..<559999 gen=26 inFlight=1
[MEM-EVENT] preview.audio.canonical.nextChunk.render.begin | range=511999..<559999 gen=26
[MEM-EVENT] preview.audio.canonical.render.begin | segments=5 range=511999..<559999
[MEM-EVENT] preview.audio.stage8.cache.miss | range=511999..<559999 revision=ProjectRevision(raw: 7) epoch=PlaybackEpoch(raw: 7) planIdLen=2876
[MEM-EVENT] preview.audio.stage8.render.decode | source=app.audio.source.imported:531F4D44-3E03-4BAF-AC42-E5B4D308A7F2 sourceStart=511999/48000 frameCount=48000 intersectionFrames=48000 elapsedMs=30.00
[MEM-EVENT] preview.audio.stage8.render.decode | source=app.audio.source.videoLayer:scene-1-8CEC99DF-E1B3-4C0C-8280-7A2D63061E32:block_01 sourceStart=97199/24000 frameCount=48000 intersectionFrames=48000 elapsedMs=26.43
[MEM-EVENT] preview.audio.stage8.render.decode | source=app.audio.source.videoLayer:scene-1-8CEC99DF-E1B3-4C0C-8280-7A2D63061E32:block_02 sourceStart=97199/24000 frameCount=48000 intersectionFrames=48000 elapsedMs=25.61
[MEM-EVENT] preview.audio.stage8.render.total | range=511999..<559999 segments=5 sources=3 elapsedMs=103.61
[MEM-EVENT] preview.audio.stage8.cache.store | range=511999..<559999 revision=ProjectRevision(raw: 7) epoch=PlaybackEpoch(raw: 7) planIdLen=2876
[MEM-EVENT] preview.audio.canonical.render.end | sources=3
[MEM-EVENT] preview.audio.canonical.nextChunk.render.end | range=511999..<559999 sourceCount=3
[MEM-EVENT] preview.audio.canonical.nextChunk.schedule.begin | range=511999..<559999 sources=3
[MEM-EVENT] preview.audio.canonical.nextChunk.schedule.end | range=511999..<559999 scheduled=1
[MEM-EVENT] preview.audio.canonical.nextChunk.requested | range=559999..<607999 gen=26 inFlight=1
[MEM-EVENT] preview.audio.canonical.nextChunk.render.begin | range=559999..<607999 gen=26
[MEM-EVENT] preview.audio.canonical.render.begin | segments=5 range=559999..<607999
[MEM-EVENT] preview.audio.stage8.cache.miss | range=559999..<607999 revision=ProjectRevision(raw: 7) epoch=PlaybackEpoch(raw: 7) planIdLen=2876
[MEM-EVENT] playback.audio.stop.begin
[MEM-EVENT] displayLink.invalidate | obj=5629661128383082850
[MEM-EVENT] VideoFrameProvider.stopPlayback | obj=-6224975397815414287 flush=false hasPlaybackTex=true hasStillTex=true hasInteractiveTex=true hasHoldTex=false
[MEM-EVENT] playback.idleReclaim.skip | reason=scrubActive
[SCRUB-DIAG] FINAL - scroll: 0.0/s | scrubChanged: 0.0/s | playhead: 0.0/s (elapsed: 1.79s)
[MEM-EVENT] preview.audio.stage8.render.decode | source=app.audio.source.imported:531F4D44-3E03-4BAF-AC42-E5B4D308A7F2 sourceStart=559999/48000 frameCount=48000 intersectionFrames=48000 elapsedMs=79.63
[MEM-EVENT] preview.audio.stage8.render.decode | source=app.audio.source.videoLayer:scene-1-8CEC99DF-E1B3-4C0C-8280-7A2D63061E32:block_01 sourceStart=121199/24000 frameCount=48000 intersectionFrames=48000 elapsedMs=32.29
[MEM-EVENT] preview.audio.stage8.render.decode | source=app.audio.source.videoLayer:scene-1-8CEC99DF-E1B3-4C0C-8280-7A2D63061E32:block_02 sourceStart=121199/24000 frameCount=48000 intersectionFrames=48000 elapsedMs=33.64
[MEM-EVENT] preview.audio.stage8.render.total | range=559999..<607999 segments=5 sources=3 elapsedMs=178.20
[MEM-EVENT] preview.audio.stage8.cache.store | range=559999..<607999 revision=ProjectRevision(raw: 7) epoch=PlaybackEpoch(raw: 7) planIdLen=2876
[MEM-EVENT] preview.audio.canonical.render.end | sources=3
[MEM-EVENT] preview.audio.canonical.nextChunk.dropped | gen=26 current=28 reason=staleOrStopped
[MEM-EVENT] VideoFrameProvider.stopPlayback | obj=-6224975397815414287 flush=true hasPlaybackTex=true hasStillTex=true hasInteractiveTex=true hasHoldTex=false
[MEM-EVENT] CVTextureCache.flush | owner=UserMediaTextureFactory
[TimelineCompositionEngine] TT-03: Evicted non-resident runtime: 1B27C22C-A3AC-4480-9EF0-810D6EB7B169
[MEM-EVENT] SceneInstanceRuntime.deinit | obj=-793852845036587699 id=1B27C22C-A3AC-4480-9EF0-810D6EB7B169
[MEM-EVENT] UserMediaService.deinit | obj=-5107675458486994129 videoProviders=1
[MEM-EVENT] VideoFrameProvider.release | obj=-6224975397815414287 hasPlaybackTex=false hasStillTex=true hasInteractiveTex=true
[MEM-EVENT] VideoFrameProvider.stopPlayback | obj=-6224975397815414287 flush=true hasPlaybackTex=false hasStillTex=true hasInteractiveTex=true hasHoldTex=false
[MEM-EVENT] CVTextureCache.flush | owner=UserMediaTextureFactory
[MEM-EVENT] CVTextureCache.flush | owner=UserMediaTextureFactory
[MEM-EVENT] VideoFrameProvider.deinit | obj=-6224975397815414287
[MEM-EVENT] Runtime.create.start | id=3304AAF6-462C-48E7-B553-C8D414899AA7 sceneType=polaroid_shared_demo
[MEM-EVENT] UserMediaService.init | obj=-5107675458486994129
[MEM-EVENT] SceneInstanceRuntime.init | obj=-793852845036587699 id=3304AAF6-462C-48E7-B553-C8D414899AA7 type=polaroid_shared_demo
[MEM-EVENT] Runtime.create.join | id=3304AAF6-462C-48E7-B553-C8D414899AA7
[MEM-EVENT] UMS.cleanupVideo | obj=-5107675458486994129 blockId=block_01
[MEM-EVENT] CVTextureCache.create | owner=UserMediaTextureFactory
[MEM-EVENT] VideoFrameProvider.init | obj=-6224975397815414287
[MediaRestoreCoordinator] Restored video for block_01: presentOnReady=true, success
[MEM-EVENT] SceneInstanceRuntime.applyState | obj=-793852845036587699 id=3304AAF6-462C-48E7-B553-C8D414899AA7 restored=1
[MEM-EVENT] Runtime.create.complete | id=3304AAF6-462C-48E7-B553-C8D414899AA7 outcome=success total=2
[MEM-EVENT] SceneInstanceRuntime.prepare | obj=-793852845036587699 id=3304AAF6-462C-48E7-B553-C8D414899AA7 frame=52
[VideoFrameProvider] READY: 3304AAF6-462C-48E7-B553-C8D414899AA7_block_01_517771B0-CF4D-4FAC-A696-1861F38005BB.mp4 | dur=13.70s | sceneFPS=30.0 | trackFPS=30.00 | size=720x1280 | transform=[1.0,0.0,0.0,1.0,0.0,0.0]
[SceneInstanceRuntime] Ready for presentation at frame 52: 3304AAF6-462C-48E7-B553-C8D414899AA7
[SCRUB-DIAG] FINAL - scroll: 0.0/s | scrubChanged: 0.0/s | playhead: 0.0/s (elapsed: 0.78s)
[PERF] FPS: 30.0 | CPU: 7.5% (1core), 1.2% (all) | MEM: 114MB res, 233MB foot | GPU: n/a | DRAW: avg 0.00ms, p95 0.00ms, max 0.00ms
[PerfCounter] applySnapshot(scene): 125
[PerfCounter] applySnapshot(scene): 126
[PerfCounter] applySnapshot(scene): 127
[PerfCounter] applySnapshot(scene): 128
[MEM-EVENT] preview.audio.markDirty | generation=2 playing=0 state=timelinePreview
[MEM-EVENT] preview.audio.select | toggle=ON controller=Canonical
[MEM-EVENT] preview.audio.prepare | canonicalIdlePrepareSkipped=1
[PERF] FPS: 0.5 | CPU: 0.5% (1core), 0.1% (all) | MEM: 114MB res, 227MB foot | GPU: n/a | DRAW: avg 0.00ms, p95 0.00ms, max 0.00ms
[PERF] FPS: 0.0 | CPU: 0.4% (1core), 0.1% (all) | MEM: 118MB res, 229MB foot | GPU: n/a | DRAW: avg 0.00ms, p95 0.00ms, max 0.00ms
[PerfCounter] applySnapshot(scene): 129
[PerfCounter] applySnapshot(scene): 130
[PerfCounter] applySnapshot(scene): 131
[PerfCounter] applySnapshot(scene): 132
[MEM-EVENT] preview.audio.markDirty | generation=3 playing=0 state=timelinePreview
[MEM-EVENT] preview.audio.select | toggle=ON controller=Canonical
[MEM-EVENT] preview.audio.prepare | canonicalIdlePrepareSkipped=1
[PERF] FPS: 0.5 | CPU: 10.8% (1core), 1.8% (all) | MEM: 119MB res, 235MB foot | GPU: n/a | DRAW: avg 0.00ms, p95 0.00ms, max 0.00ms
[MEM-EVENT] audio.session.activate.begin
[MEM-EVENT] audio.session.activate.end | ok=1
[MEM-EVENT] playback.audio.start.begin | compressedFrame=710 projectTimeUs=23666666 state=timelinePreview isPlayingBefore=0
[MEM-EVENT] displayLink.create | obj=5629661128383082850
[MEM-DIAG] playback.start | footprint: 235MB | resident: 119MB | available: 2837MB | metal: 191MB | SceneInstanceRuntime: 2 | UserMediaService: 3 | VideoFrameProvider: 3
[MEM-EVENT] playback.audio.previewStart.call | projectTimeUs=23666666 hostTime=206113.00577316672
[MEM-EVENT] preview.audio.select | toggle=ON controller=Canonical
[MEM-EVENT] preview.audio.start | dirty=1 hasPipeline=1 readiness=primed
[MEM-EVENT] preview.audio.canonical.legacyGateBypassed | seconds=23.666666 hostTime=206113.00577316672
[MEM-EVENT] preview.audio.canonical.startPlayback.call | seconds=23.666666
[MEM-EVENT] preview.audio.stage8.startPlayback.call | sinceStartMs=0.01 fromSeconds=23.666666
[MEM-EVENT] preview.audio.stage8.plan.eval | sinceStartMs=3.48 elapsedMs=3.37 segments=5
[MEM-EVENT] preview.audio.canonical.plan | segments=5 fromSeconds=23.666666
[MEM-EVENT] preview.audio.stage8.setup.end | sinceStartMs=8.08 graph+session+output+anchor done
[MEM-EVENT] preview.audio.canonical.preroll.build.begin | planSegments=5 range=1135999..<1145599 gen=23
[MEM-EVENT] preview.audio.stage8.preroll.begin | sinceStartMs=8.19 range=1135999..<1145599 sampleCount=9600 initialPrerollSamples=9600 maxChunkSamples=48000
[MEM-EVENT] preview.audio.canonical.render.begin | segments=5 range=1135999..<1145599
[MEM-EVENT] preview.audio.stage8.cache.miss | range=1135999..<1145599 revision=ProjectRevision(raw: 8) epoch=PlaybackEpoch(raw: 8) planIdLen=2876
[VideoFrameProvider] playback: 1 OK, 0 nil (0.0%) | itemTime=0.000s | lastExtracted=0.000s | active=true
[MEM-EVENT] preview.audio.canonical.firstFrameSignal | delivered=1
[MEM-EVENT] preview.audio.stage8.firstFrameSignal | sinceStartMs=13.95 barrierReason=firstFrameArrivedPrerollNotReady
[MEM-EVENT] preview.audio.stage8.render.decode | source=app.audio.source.imported:DF8B8D86-80DD-406F-81F9-ACD36F5E9C2D sourceStart=1135999/48000 frameCount=9600 intersectionFrames=9600 elapsedMs=181.94
[MEM-EVENT] preview.audio.stage8.render.decode | source=app.audio.source.videoLayer:scene-2-3304AAF6-462C-48E7-B553-C8D414899AA7:block_01 sourceStart=102799/24000 frameCount=9600 intersectionFrames=9600 elapsedMs=38.65
[MEM-EVENT] preview.audio.stage8.render.total | range=1135999..<1145599 segments=5 sources=2 elapsedMs=226.72
[MEM-EVENT] preview.audio.stage8.cache.store | range=1135999..<1145599 revision=ProjectRevision(raw: 8) epoch=PlaybackEpoch(raw: 8) planIdLen=2876
[MEM-EVENT] preview.audio.canonical.render.end | sources=2
[MEM-EVENT] preview.audio.canonical.preroll.build.end | sourceCount=2 bufferCount=2
[MEM-EVENT] preview.audio.stage8.preroll.end | sinceStartMs=235.69 renderElapsedMs=227.50 sourceCount=2
[MEM-EVENT] preview.audio.stage8.barrier.cross | sinceStartMs=235.70
[MEM-EVENT] preview.audio.canonical.graph.schedule.begin | sources=2
[MEM-EVENT] preview.audio.canonical.graph.schedule.end | scheduled=1
[MEM-EVENT] preview.audio.stage8.graph.schedule.end | sinceStartMs=273.13 scheduleMs=37.42
[MEM-EVENT] preview.audio.canonical.engine.start.begin
[MEM-EVENT] preview.audio.canonical.player.play.begin
[MEM-EVENT] preview.audio.canonical.player.play.end
[MEM-EVENT] preview.audio.canonical.engine.start.end
[MEM-EVENT] preview.audio.stage8.player.play.end | sinceStartMs=273.16 playStartMs=0.02
[MEM-EVENT] preview.audio.canonical.scheduled | scheduled=1 sources=2 started=1
[MEM-EVENT] preview.audio.stage8.scheduled.total | sinceStartMs=273.17 totalStartToScheduledMs=273.17
[MEM-EVENT] preview.audio.canonical.nextChunk.requested | range=1145599..<1193599 gen=30 inFlight=1
[MEM-EVENT] preview.audio.canonical.nextChunk.render.begin | range=1145599..<1193599 gen=30
[MEM-EVENT] preview.audio.canonical.render.begin | segments=5 range=1145599..<1193599
[MEM-EVENT] preview.audio.stage8.cache.miss | range=1145599..<1193599 revision=ProjectRevision(raw: 8) epoch=PlaybackEpoch(raw: 8) planIdLen=2876
[MEM-EVENT] preview.audio.stage8.render.decode | source=app.audio.source.imported:DF8B8D86-80DD-406F-81F9-ACD36F5E9C2D sourceStart=1145599/48000 frameCount=48000 intersectionFrames=48000 elapsedMs=31.78
[MEM-EVENT] preview.audio.stage8.render.decode | source=app.audio.source.videoLayer:scene-2-3304AAF6-462C-48E7-B553-C8D414899AA7:block_01 sourceStart=107599/24000 frameCount=48000 intersectionFrames=48000 elapsedMs=24.60
[MEM-EVENT] preview.audio.stage8.render.total | range=1145599..<1193599 segments=5 sources=2 elapsedMs=70.59
[MEM-EVENT] preview.audio.stage8.cache.store | range=1145599..<1193599 revision=ProjectRevision(raw: 8) epoch=PlaybackEpoch(raw: 8) planIdLen=2876
[MEM-EVENT] preview.audio.canonical.render.end | sources=2
[MEM-EVENT] preview.audio.canonical.nextChunk.render.end | range=1145599..<1193599 sourceCount=2
[MEM-EVENT] preview.audio.canonical.nextChunk.schedule.begin | range=1145599..<1193599 sources=2
[MEM-EVENT] preview.audio.canonical.nextChunk.schedule.end | range=1145599..<1193599 scheduled=1
[MEM-EVENT] preview.audio.canonical.nextChunk.requested | range=1193599..<1241599 gen=30 inFlight=1
[MEM-EVENT] preview.audio.canonical.nextChunk.render.begin | range=1193599..<1241599 gen=30
[MEM-EVENT] preview.audio.canonical.render.begin | segments=5 range=1193599..<1241599
[MEM-EVENT] preview.audio.stage8.cache.miss | range=1193599..<1241599 revision=ProjectRevision(raw: 8) epoch=PlaybackEpoch(raw: 8) planIdLen=2876
[MEM-EVENT] preview.audio.stage8.render.decode | source=app.audio.source.imported:DF8B8D86-80DD-406F-81F9-ACD36F5E9C2D sourceStart=1193599/48000 frameCount=48000 intersectionFrames=48000 elapsedMs=28.77
[MEM-EVENT] preview.audio.stage8.render.decode | source=app.audio.source.videoLayer:scene-2-3304AAF6-462C-48E7-B553-C8D414899AA7:block_01 sourceStart=131599/24000 frameCount=48000 intersectionFrames=48000 elapsedMs=24.93
[MEM-EVENT] preview.audio.stage8.render.total | range=1193599..<1241599 segments=5 sources=2 elapsedMs=67.41
[MEM-EVENT] preview.audio.stage8.cache.store | range=1193599..<1241599 revision=ProjectRevision(raw: 8) epoch=PlaybackEpoch(raw: 8) planIdLen=2876
[MEM-EVENT] preview.audio.canonical.render.end | sources=2
[MEM-EVENT] preview.audio.canonical.nextChunk.render.end | range=1193599..<1241599 sourceCount=2
[MEM-EVENT] preview.audio.canonical.nextChunk.schedule.begin | range=1193599..<1241599 sources=2
[MEM-EVENT] preview.audio.canonical.nextChunk.schedule.end | range=1193599..<1241599 scheduled=1
[MEM-EVENT] preview.audio.canonical.nextChunk.requested | range=1241599..<1289599 gen=30 inFlight=1
[MEM-EVENT] preview.audio.canonical.nextChunk.render.begin | range=1241599..<1289599 gen=30
[MEM-EVENT] preview.audio.canonical.render.begin | segments=5 range=1241599..<1289599
[MEM-EVENT] preview.audio.stage8.cache.miss | range=1241599..<1289599 revision=ProjectRevision(raw: 8) epoch=PlaybackEpoch(raw: 8) planIdLen=2876
[MEM-EVENT] preview.audio.stage8.render.decode | source=app.audio.source.imported:DF8B8D86-80DD-406F-81F9-ACD36F5E9C2D sourceStart=1241599/48000 frameCount=48000 intersectionFrames=48000 elapsedMs=29.16
[MEM-EVENT] preview.audio.stage8.render.decode | source=app.audio.source.videoLayer:scene-2-3304AAF6-462C-48E7-B553-C8D414899AA7:block_01 sourceStart=155599/24000 frameCount=48000 intersectionFrames=48000 elapsedMs=24.47
[MEM-EVENT] preview.audio.stage8.render.total | range=1241599..<1289599 segments=5 sources=2 elapsedMs=67.50
[MEM-EVENT] preview.audio.stage8.cache.store | range=1241599..<1289599 revision=ProjectRevision(raw: 8) epoch=PlaybackEpoch(raw: 8) planIdLen=2876
[MEM-EVENT] preview.audio.canonical.render.end | sources=2
[MEM-EVENT] preview.audio.canonical.nextChunk.render.end | range=1241599..<1289599 sourceCount=2
[MEM-EVENT] preview.audio.canonical.nextChunk.schedule.begin | range=1241599..<1289599 sources=2
[MEM-EVENT] preview.audio.canonical.nextChunk.schedule.end | range=1241599..<1289599 scheduled=1
[MEM-EVENT] preview.audio.canonical.nextChunk.requested | range=1289599..<1337599 gen=30 inFlight=1
[MEM-EVENT] preview.audio.canonical.nextChunk.render.begin | range=1289599..<1337599 gen=30
[MEM-EVENT] preview.audio.canonical.render.begin | segments=5 range=1289599..<1337599
[MEM-EVENT] preview.audio.stage8.cache.miss | range=1289599..<1337599 revision=ProjectRevision(raw: 8) epoch=PlaybackEpoch(raw: 8) planIdLen=2876
[MEM-EVENT] preview.audio.stage8.render.decode | source=app.audio.source.imported:DF8B8D86-80DD-406F-81F9-ACD36F5E9C2D sourceStart=1289599/48000 frameCount=48000 intersectionFrames=48000 elapsedMs=30.28
[MEM-EVENT] preview.audio.stage8.render.decode | source=app.audio.source.videoLayer:scene-2-3304AAF6-462C-48E7-B553-C8D414899AA7:block_01 sourceStart=179599/24000 frameCount=48000 intersectionFrames=48000 elapsedMs=24.93
[MEM-EVENT] preview.audio.stage8.render.total | range=1289599..<1337599 segments=5 sources=2 elapsedMs=68.89
[MEM-EVENT] preview.audio.stage8.cache.store | range=1289599..<1337599 revision=ProjectRevision(raw: 8) epoch=PlaybackEpoch(raw: 8) planIdLen=2876
[MEM-EVENT] preview.audio.canonical.render.end | sources=2
[MEM-EVENT] preview.audio.canonical.nextChunk.render.end | range=1289599..<1337599 sourceCount=2
[MEM-EVENT] preview.audio.canonical.nextChunk.schedule.begin | range=1289599..<1337599 sources=2
[MEM-EVENT] preview.audio.canonical.nextChunk.schedule.end | range=1289599..<1337599 scheduled=1
[MEM-EVENT] preview.audio.canonical.nextChunk.requested | range=1337599..<1385599 gen=30 inFlight=1
[MEM-EVENT] preview.audio.canonical.nextChunk.render.begin | range=1337599..<1385599 gen=30
[MEM-EVENT] preview.audio.canonical.render.begin | segments=5 range=1337599..<1385599
[MEM-EVENT] preview.audio.stage8.cache.miss | range=1337599..<1385599 revision=ProjectRevision(raw: 8) epoch=PlaybackEpoch(raw: 8) planIdLen=2876
[MEM-EVENT] preview.audio.stage8.render.decode | source=app.audio.source.imported:DF8B8D86-80DD-406F-81F9-ACD36F5E9C2D sourceStart=1337599/48000 frameCount=48000 intersectionFrames=48000 elapsedMs=28.62
[MEM-EVENT] preview.audio.stage8.render.decode | source=app.audio.source.videoLayer:scene-2-3304AAF6-462C-48E7-B553-C8D414899AA7:block_01 sourceStart=203599/24000 frameCount=48000 intersectionFrames=48000 elapsedMs=24.17
[MEM-EVENT] preview.audio.stage8.render.total | range=1337599..<1385599 segments=5 sources=2 elapsedMs=66.51
[MEM-EVENT] preview.audio.stage8.cache.store | range=1337599..<1385599 revision=ProjectRevision(raw: 8) epoch=PlaybackEpoch(raw: 8) planIdLen=2876
[MEM-EVENT] preview.audio.canonical.render.end | sources=2
[MEM-EVENT] preview.audio.canonical.nextChunk.render.end | range=1337599..<1385599 sourceCount=2
[MEM-EVENT] preview.audio.canonical.nextChunk.schedule.begin | range=1337599..<1385599 sources=2
[MEM-EVENT] preview.audio.canonical.nextChunk.schedule.end | range=1337599..<1385599 scheduled=1
[MEM-EVENT] preview.audio.canonical.nextChunk.requested | range=1385599..<1392001 gen=30 inFlight=1
[MEM-EVENT] preview.audio.canonical.nextChunk.render.begin | range=1385599..<1392001 gen=30
[MEM-EVENT] preview.audio.canonical.render.begin | segments=5 range=1385599..<1392001
[MEM-EVENT] preview.audio.stage8.cache.miss | range=1385599..<1392001 revision=ProjectRevision(raw: 8) epoch=PlaybackEpoch(raw: 8) planIdLen=2876
[MEM-EVENT] preview.audio.stage8.render.decode | source=app.audio.source.imported:DF8B8D86-80DD-406F-81F9-ACD36F5E9C2D sourceStart=1385599/48000 frameCount=6401 intersectionFrames=6402 elapsedMs=26.58
[MEM-EVENT] preview.audio.stage8.render.decode | source=app.audio.source.videoLayer:scene-2-3304AAF6-462C-48E7-B553-C8D414899AA7:block_01 sourceStart=227599/24000 frameCount=6402 intersectionFrames=6402 elapsedMs=24.35
[MEM-EVENT] preview.audio.stage8.render.total | range=1385599..<1392001 segments=5 sources=2 elapsedMs=52.93
[MEM-EVENT] preview.audio.stage8.cache.store | range=1385599..<1392001 revision=ProjectRevision(raw: 8) epoch=PlaybackEpoch(raw: 8) planIdLen=2876
[MEM-EVENT] preview.audio.canonical.render.end | sources=2
[MEM-EVENT] preview.audio.canonical.nextChunk.render.end | range=1385599..<1392001 sourceCount=2
[MEM-EVENT] preview.audio.canonical.nextChunk.schedule.begin | range=1385599..<1392001 sources=2
[MEM-EVENT] preview.audio.canonical.nextChunk.schedule.end | range=1385599..<1392001 scheduled=1
[MEM-EVENT] preview.audio.canonical.nextChunk.endOfPlan | planEnd=1392001
[PERF] FPS: 25.0 | CPU: 33.9% (1core), 5.6% (all) | MEM: 119MB res, 273MB foot | GPU: n/a | DRAW: avg 0.00ms, p95 0.00ms, max 0.00ms
[MEM-EVENT] playback.audio.stop.begin
[MEM-EVENT] displayLink.invalidate | obj=5629661128383082850
[MEM-EVENT] VideoFrameProvider.stopPlayback | obj=-6224975397815414287 flush=false hasPlaybackTex=true hasStillTex=true hasInteractiveTex=true hasHoldTex=false
[MEM-EVENT] playback.idleReclaim.skip | reason=scrubActive
[SCRUB-DIAG] FINAL - scroll: 0.0/s | scrubChanged: 0.0/s | playhead: 0.0/s (elapsed: 8.34s)
[SCRUB-DIAG] FINAL - scroll: 0.0/s | scrubChanged: 0.0/s | playhead: 0.0/s (elapsed: 0.40s)
[MEM-EVENT] audio.session.activate.begin
[MEM-EVENT] audio.session.activate.end | ok=1
[MEM-EVENT] Runtime.create.start | id=1B27C22C-A3AC-4480-9EF0-810D6EB7B169 sceneType=full_image
[MEM-EVENT] UserMediaService.init | obj=-8115184588804931398
[MEM-EVENT] SceneInstanceRuntime.init | obj=5926301777833994760 id=1B27C22C-A3AC-4480-9EF0-810D6EB7B169 type=full_image
[MEM-EVENT] UMS.cleanupVideo | obj=-8115184588804931398 blockId=block_01
[MEM-EVENT] CVTextureCache.create | owner=UserMediaTextureFactory
[MEM-EVENT] VideoFrameProvider.init | obj=-6430967479985409174
[MediaRestoreCoordinator] Restored video for block_01: presentOnReady=true, success
[MEM-EVENT] SceneInstanceRuntime.applyState | obj=5926301777833994760 id=1B27C22C-A3AC-4480-9EF0-810D6EB7B169 restored=1
[MEM-EVENT] Runtime.create.complete | id=1B27C22C-A3AC-4480-9EF0-810D6EB7B169 outcome=success total=3
[MEM-EVENT] SceneInstanceRuntime.prepare | obj=5926301777833994760 id=1B27C22C-A3AC-4480-9EF0-810D6EB7B169 frame=197
[VideoFrameProvider] READY: 1B27C22C-A3AC-4480-9EF0-810D6EB7B169_block_01_D6CA418E-C918-4CD3-8816-B0D31A2FD7B9.mov | dur=46.64s | sceneFPS=30.0 | trackFPS=25.00 | size=1920x1080 | transform=[0.0,1.0,-1.0,0.0,1080.0,0.0]
[SceneInstanceRuntime] Ready for presentation at frame 149: 1B27C22C-A3AC-4480-9EF0-810D6EB7B169
[MEM-EVENT] playback.audio.start.begin | compressedFrame=461 projectTimeUs=15366666 state=timelinePreview isPlayingBefore=0
[MEM-EVENT] displayLink.create | obj=5629661128383082850
[MEM-DIAG] playback.start | footprint: 297MB | resident: 128MB | available: 2775MB | metal: 236MB | SceneInstanceRuntime: 3 | UserMediaService: 4 | VideoFrameProvider: 4
[MEM-EVENT] playback.audio.previewStart.call | projectTimeUs=15366666 hostTime=206115.81885395836
[MEM-EVENT] preview.audio.select | toggle=ON controller=Canonical
[MEM-EVENT] preview.audio.start | dirty=0 hasPipeline=1 readiness=primed
[MEM-EVENT] preview.audio.canonical.legacyGateBypassed | seconds=15.366666 hostTime=206115.81885395836
[MEM-EVENT] preview.audio.canonical.startPlayback.call | seconds=15.366666
[MEM-EVENT] preview.audio.stage8.startPlayback.call | sinceStartMs=0.00 fromSeconds=15.366666
[MEM-EVENT] preview.audio.stage8.plan.eval | sinceStartMs=0.98 elapsedMs=0.95 segments=5
[MEM-EVENT] preview.audio.canonical.plan | segments=5 fromSeconds=15.366666
[MEM-EVENT] preview.audio.stage8.setup.end | sinceStartMs=2.72 graph+session+output+anchor done
[MEM-EVENT] preview.audio.canonical.preroll.build.begin | planSegments=5 range=737599..<747199 gen=26
[MEM-EVENT] preview.audio.stage8.preroll.begin | sinceStartMs=2.75 range=737599..<747199 sampleCount=9600 initialPrerollSamples=9600 maxChunkSamples=48000
[MEM-EVENT] preview.audio.canonical.render.begin | segments=5 range=737599..<747199
[MEM-EVENT] preview.audio.stage8.cache.miss | range=737599..<747199 revision=ProjectRevision(raw: 9) epoch=PlaybackEpoch(raw: 9) planIdLen=2876
[VideoFrameProvider] playback: 5 OK, 0 nil (0.0%) | itemTime=8.791s | lastExtracted=8.823s | active=true
[MEM-EVENT] preview.audio.canonical.firstFrameSignal | delivered=1
[MEM-EVENT] preview.audio.stage8.firstFrameSignal | sinceStartMs=32.40 barrierReason=firstFrameArrivedPrerollNotReady
[MEM-EVENT] preview.audio.stage8.render.decode | source=app.audio.source.imported:DF8B8D86-80DD-406F-81F9-ACD36F5E9C2D sourceStart=737599/48000 frameCount=9600 intersectionFrames=9600 elapsedMs=39.91
[MEM-EVENT] preview.audio.stage8.render.decode | source=app.audio.source.videoLayer:scene-1-8CEC99DF-E1B3-4C0C-8280-7A2D63061E32:block_01 sourceStart=209999/24000 frameCount=9600 intersectionFrames=9600 elapsedMs=25.06
[MEM-EVENT] preview.audio.stage8.render.total | range=737599..<747199 segments=5 sources=2 elapsedMs=68.26
[MEM-EVENT] preview.audio.stage8.cache.store | range=737599..<747199 revision=ProjectRevision(raw: 9) epoch=PlaybackEpoch(raw: 9) planIdLen=2876
[MEM-EVENT] preview.audio.canonical.render.end | sources=2
[MEM-EVENT] preview.audio.canonical.preroll.build.end | sourceCount=2 bufferCount=2
[MEM-EVENT] preview.audio.stage8.preroll.end | sinceStartMs=71.51 renderElapsedMs=68.75 sourceCount=2
[MEM-EVENT] preview.audio.stage8.barrier.cross | sinceStartMs=71.51
[MEM-EVENT] preview.audio.canonical.graph.schedule.begin | sources=2
[MEM-EVENT] preview.audio.canonical.graph.schedule.end | scheduled=1
[MEM-EVENT] preview.audio.stage8.graph.schedule.end | sinceStartMs=106.31 scheduleMs=34.79
[MEM-EVENT] preview.audio.canonical.engine.start.begin
[MEM-EVENT] preview.audio.canonical.player.play.begin
[MEM-EVENT] preview.audio.canonical.player.play.end
[MEM-EVENT] preview.audio.canonical.engine.start.end
[MEM-EVENT] preview.audio.stage8.player.play.end | sinceStartMs=106.33 playStartMs=0.02
[MEM-EVENT] preview.audio.canonical.scheduled | scheduled=1 sources=2 started=1
[MEM-EVENT] preview.audio.stage8.scheduled.total | sinceStartMs=106.34 totalStartToScheduledMs=106.34
[MEM-EVENT] preview.audio.canonical.nextChunk.requested | range=747199..<795199 gen=34 inFlight=1
[MEM-EVENT] preview.audio.canonical.nextChunk.render.begin | range=747199..<795199 gen=34
[MEM-EVENT] preview.audio.canonical.render.begin | segments=5 range=747199..<795199
[MEM-EVENT] preview.audio.stage8.cache.miss | range=747199..<795199 revision=ProjectRevision(raw: 9) epoch=PlaybackEpoch(raw: 9) planIdLen=2876
[MEM-EVENT] preview.audio.stage8.render.decode | source=app.audio.source.imported:DF8B8D86-80DD-406F-81F9-ACD36F5E9C2D sourceStart=747199/48000 frameCount=48000 intersectionFrames=48000 elapsedMs=29.50
[MEM-EVENT] preview.audio.stage8.render.decode | source=app.audio.source.videoLayer:scene-1-8CEC99DF-E1B3-4C0C-8280-7A2D63061E32:block_01 sourceStart=214799/24000 frameCount=48000 intersectionFrames=48000 elapsedMs=24.65
[MEM-EVENT] preview.audio.stage8.render.total | range=747199..<795199 segments=5 sources=2 elapsedMs=67.72
[MEM-EVENT] preview.audio.stage8.cache.store | range=747199..<795199 revision=ProjectRevision(raw: 9) epoch=PlaybackEpoch(raw: 9) planIdLen=2876
[MEM-EVENT] preview.audio.canonical.render.end | sources=2
[MEM-EVENT] preview.audio.canonical.nextChunk.render.end | range=747199..<795199 sourceCount=2
[MEM-EVENT] preview.audio.canonical.nextChunk.schedule.begin | range=747199..<795199 sources=2
[MEM-EVENT] preview.audio.canonical.nextChunk.schedule.end | range=747199..<795199 scheduled=1
[MEM-EVENT] preview.audio.canonical.nextChunk.requested | range=795199..<843199 gen=34 inFlight=1
[MEM-EVENT] preview.audio.canonical.nextChunk.render.begin | range=795199..<843199 gen=34
[MEM-EVENT] preview.audio.canonical.render.begin | segments=5 range=795199..<843199
[MEM-EVENT] preview.audio.stage8.cache.miss | range=795199..<843199 revision=ProjectRevision(raw: 9) epoch=PlaybackEpoch(raw: 9) planIdLen=2876
[MEM-EVENT] preview.audio.stage8.render.decode | source=app.audio.source.imported:DF8B8D86-80DD-406F-81F9-ACD36F5E9C2D sourceStart=795199/48000 frameCount=48000 intersectionFrames=48000 elapsedMs=29.21
[MEM-EVENT] preview.audio.stage8.render.decode | source=app.audio.source.videoLayer:scene-1-8CEC99DF-E1B3-4C0C-8280-7A2D63061E32:block_01 sourceStart=238799/24000 frameCount=48000 intersectionFrames=48000 elapsedMs=25.46
[MEM-EVENT] preview.audio.stage8.render.total | range=795199..<843199 segments=5 sources=2 elapsedMs=69.26
[MEM-EVENT] preview.audio.stage8.cache.store | range=795199..<843199 revision=ProjectRevision(raw: 9) epoch=PlaybackEpoch(raw: 9) planIdLen=2876
[MEM-EVENT] preview.audio.canonical.render.end | sources=2
[MEM-EVENT] preview.audio.canonical.nextChunk.render.end | range=795199..<843199 sourceCount=2
[MEM-EVENT] preview.audio.canonical.nextChunk.schedule.begin | range=795199..<843199 sources=2
[MEM-EVENT] preview.audio.canonical.nextChunk.schedule.end | range=795199..<843199 scheduled=1
[MEM-EVENT] preview.audio.canonical.nextChunk.requested | range=843199..<891199 gen=34 inFlight=1
[MEM-EVENT] preview.audio.canonical.nextChunk.render.begin | range=843199..<891199 gen=34
[MEM-EVENT] preview.audio.canonical.render.begin | segments=5 range=843199..<891199
[MEM-EVENT] preview.audio.stage8.cache.miss | range=843199..<891199 revision=ProjectRevision(raw: 9) epoch=PlaybackEpoch(raw: 9) planIdLen=2876
[MEM-EVENT] preview.audio.stage8.render.decode | source=app.audio.source.imported:DF8B8D86-80DD-406F-81F9-ACD36F5E9C2D sourceStart=843199/48000 frameCount=48000 intersectionFrames=48000 elapsedMs=28.61
[MEM-EVENT] preview.audio.stage8.render.decode | source=app.audio.source.videoLayer:scene-1-8CEC99DF-E1B3-4C0C-8280-7A2D63061E32:block_01 sourceStart=262799/24000 frameCount=6322 intersectionFrames=6322 elapsedMs=24.26
[MEM-EVENT] preview.audio.stage8.render.total | range=843199..<891199 segments=5 sources=2 elapsedMs=60.67
[MEM-EVENT] preview.audio.stage8.cache.store | range=843199..<891199 revision=ProjectRevision(raw: 9) epoch=PlaybackEpoch(raw: 9) planIdLen=2876
[MEM-EVENT] preview.audio.canonical.render.end | sources=2
[MEM-EVENT] preview.audio.canonical.nextChunk.render.end | range=843199..<891199 sourceCount=2
[MEM-EVENT] preview.audio.canonical.nextChunk.schedule.begin | range=843199..<891199 sources=2
[MEM-EVENT] preview.audio.canonical.nextChunk.schedule.end | range=843199..<891199 scheduled=1
[MEM-EVENT] preview.audio.canonical.nextChunk.requested | range=891199..<939199 gen=34 inFlight=1
[MEM-EVENT] preview.audio.canonical.nextChunk.render.begin | range=891199..<939199 gen=34
[MEM-EVENT] preview.audio.canonical.render.begin | segments=5 range=891199..<939199
[MEM-EVENT] preview.audio.stage8.cache.miss | range=891199..<939199 revision=ProjectRevision(raw: 9) epoch=PlaybackEpoch(raw: 9) planIdLen=2876
[MEM-EVENT] preview.audio.stage8.render.decode | source=app.audio.source.imported:DF8B8D86-80DD-406F-81F9-ACD36F5E9C2D sourceStart=891199/48000 frameCount=48000 intersectionFrames=48000 elapsedMs=28.69
[MEM-EVENT] preview.audio.stage8.render.decode | source=app.audio.source.videoLayer:scene-2-3304AAF6-462C-48E7-B553-C8D414899AA7:block_01 sourceStart=0/1 frameCount=8798 intersectionFrames=8798 elapsedMs=24.17
[MEM-EVENT] preview.audio.stage8.render.total | range=891199..<939199 segments=5 sources=2 elapsedMs=61.11
[MEM-EVENT] preview.audio.stage8.cache.store | range=891199..<939199 revision=ProjectRevision(raw: 9) epoch=PlaybackEpoch(raw: 9) planIdLen=2876
[MEM-EVENT] preview.audio.canonical.render.end | sources=2
[MEM-EVENT] preview.audio.canonical.nextChunk.render.end | range=891199..<939199 sourceCount=2
[MEM-EVENT] preview.audio.canonical.nextChunk.schedule.begin | range=891199..<939199 sources=2
[MEM-EVENT] preview.audio.canonical.nextChunk.schedule.end | range=891199..<939199 scheduled=1
[MEM-EVENT] preview.audio.canonical.nextChunk.requested | range=939199..<987199 gen=34 inFlight=1
[MEM-EVENT] preview.audio.canonical.nextChunk.render.begin | range=939199..<987199 gen=34
[MEM-EVENT] preview.audio.canonical.render.begin | segments=5 range=939199..<987199
[MEM-EVENT] preview.audio.stage8.cache.miss | range=939199..<987199 revision=ProjectRevision(raw: 9) epoch=PlaybackEpoch(raw: 9) planIdLen=2876
[MEM-EVENT] preview.audio.stage8.render.decode | source=app.audio.source.imported:DF8B8D86-80DD-406F-81F9-ACD36F5E9C2D sourceStart=939199/48000 frameCount=48000 intersectionFrames=48000 elapsedMs=29.35
[MEM-EVENT] preview.audio.stage8.render.decode | source=app.audio.source.videoLayer:scene-2-3304AAF6-462C-48E7-B553-C8D414899AA7:block_01 sourceStart=4399/24000 frameCount=48000 intersectionFrames=48000 elapsedMs=25.34
[MEM-EVENT] preview.audio.stage8.render.total | range=939199..<987199 segments=5 sources=2 elapsedMs=68.48
[MEM-EVENT] preview.audio.stage8.cache.store | range=939199..<987199 revision=ProjectRevision(raw: 9) epoch=PlaybackEpoch(raw: 9) planIdLen=2876
[MEM-EVENT] preview.audio.canonical.render.end | sources=2
[MEM-EVENT] preview.audio.canonical.nextChunk.render.end | range=939199..<987199 sourceCount=2
[MEM-EVENT] preview.audio.canonical.nextChunk.schedule.begin | range=939199..<987199 sources=2
[MEM-EVENT] preview.audio.canonical.nextChunk.schedule.end | range=939199..<987199 scheduled=1
[MEM-EVENT] preview.audio.canonical.nextChunk.requested | range=987199..<1035199 gen=34 inFlight=1
[MEM-EVENT] preview.audio.canonical.nextChunk.render.begin | range=987199..<1035199 gen=34
[MEM-EVENT] preview.audio.canonical.render.begin | segments=5 range=987199..<1035199
[MEM-EVENT] preview.audio.stage8.cache.miss | range=987199..<1035199 revision=ProjectRevision(raw: 9) epoch=PlaybackEpoch(raw: 9) planIdLen=2876
[MEM-EVENT] preview.audio.stage8.render.decode | source=app.audio.source.imported:DF8B8D86-80DD-406F-81F9-ACD36F5E9C2D sourceStart=987199/48000 frameCount=48000 intersectionFrames=48000 elapsedMs=28.13
[MEM-EVENT] preview.audio.stage8.render.decode | source=app.audio.source.videoLayer:scene-2-3304AAF6-462C-48E7-B553-C8D414899AA7:block_01 sourceStart=28399/24000 frameCount=48000 intersectionFrames=48000 elapsedMs=25.45
[MEM-EVENT] preview.audio.stage8.render.total | range=987199..<1035199 segments=5 sources=2 elapsedMs=67.54
[MEM-EVENT] preview.audio.stage8.cache.store | range=987199..<1035199 revision=ProjectRevision(raw: 9) epoch=PlaybackEpoch(raw: 9) planIdLen=2876
[MEM-EVENT] preview.audio.canonical.render.end | sources=2
[MEM-EVENT] preview.audio.canonical.nextChunk.render.end | range=987199..<1035199 sourceCount=2
[MEM-EVENT] preview.audio.canonical.nextChunk.schedule.begin | range=987199..<1035199 sources=2
[MEM-EVENT] preview.audio.canonical.nextChunk.schedule.end | range=987199..<1035199 scheduled=1
[MEM-EVENT] preview.audio.canonical.nextChunk.requested | range=1035199..<1083199 gen=34 inFlight=1
[MEM-EVENT] preview.audio.canonical.nextChunk.render.begin | range=1035199..<1083199 gen=34
[MEM-EVENT] preview.audio.canonical.render.begin | segments=5 range=1035199..<1083199
[MEM-EVENT] preview.audio.stage8.cache.miss | range=1035199..<1083199 revision=ProjectRevision(raw: 9) epoch=PlaybackEpoch(raw: 9) planIdLen=2876
[MEM-EVENT] preview.audio.stage8.render.decode | source=app.audio.source.imported:DF8B8D86-80DD-406F-81F9-ACD36F5E9C2D sourceStart=1035199/48000 frameCount=48000 intersectionFrames=48000 elapsedMs=28.84
[MEM-EVENT] preview.audio.stage8.render.decode | source=app.audio.source.videoLayer:scene-2-3304AAF6-462C-48E7-B553-C8D414899AA7:block_01 sourceStart=52399/24000 frameCount=48000 intersectionFrames=48000 elapsedMs=26.01
[MEM-EVENT] preview.audio.stage8.render.total | range=1035199..<1083199 segments=5 sources=2 elapsedMs=68.55
[MEM-EVENT] preview.audio.stage8.cache.store | range=1035199..<1083199 revision=ProjectRevision(raw: 9) epoch=PlaybackEpoch(raw: 9) planIdLen=2876
[MEM-EVENT] preview.audio.canonical.render.end | sources=2
[MEM-EVENT] preview.audio.canonical.nextChunk.render.end | range=1035199..<1083199 sourceCount=2
[MEM-EVENT] preview.audio.canonical.nextChunk.schedule.begin | range=1035199..<1083199 sources=2
[MEM-EVENT] preview.audio.canonical.nextChunk.schedule.end | range=1035199..<1083199 scheduled=1
[MEM-EVENT] preview.audio.canonical.nextChunk.requested | range=1083199..<1131199 gen=34 inFlight=1
[MEM-EVENT] preview.audio.canonical.nextChunk.render.begin | range=1083199..<1131199 gen=34
[MEM-EVENT] preview.audio.canonical.render.begin | segments=5 range=1083199..<1131199
[MEM-EVENT] preview.audio.stage8.cache.miss | range=1083199..<1131199 revision=ProjectRevision(raw: 9) epoch=PlaybackEpoch(raw: 9) planIdLen=2876
[MEM-EVENT] preview.audio.stage8.render.decode | source=app.audio.source.imported:DF8B8D86-80DD-406F-81F9-ACD36F5E9C2D sourceStart=1083199/48000 frameCount=48000 intersectionFrames=48000 elapsedMs=28.66
[MEM-EVENT] preview.audio.stage8.render.decode | source=app.audio.source.videoLayer:scene-2-3304AAF6-462C-48E7-B553-C8D414899AA7:block_01 sourceStart=76399/24000 frameCount=48000 intersectionFrames=48000 elapsedMs=24.44
[MEM-EVENT] preview.audio.stage8.render.total | range=1083199..<1131199 segments=5 sources=2 elapsedMs=67.86
[MEM-EVENT] preview.audio.stage8.cache.store | range=1083199..<1131199 revision=ProjectRevision(raw: 9) epoch=PlaybackEpoch(raw: 9) planIdLen=2876
[MEM-EVENT] preview.audio.canonical.render.end | sources=2
[MEM-EVENT] preview.audio.canonical.nextChunk.render.end | range=1083199..<1131199 sourceCount=2
[MEM-EVENT] preview.audio.canonical.nextChunk.schedule.begin | range=1083199..<1131199 sources=2
[MEM-EVENT] preview.audio.canonical.nextChunk.schedule.end | range=1083199..<1131199 scheduled=1
[MEM-EVENT] preview.audio.canonical.nextChunk.requested | range=1131199..<1179199 gen=34 inFlight=1
[MEM-EVENT] preview.audio.canonical.nextChunk.render.begin | range=1131199..<1179199 gen=34
[MEM-EVENT] preview.audio.canonical.render.begin | segments=5 range=1131199..<1179199
[MEM-EVENT] preview.audio.stage8.cache.miss | range=1131199..<1179199 revision=ProjectRevision(raw: 9) epoch=PlaybackEpoch(raw: 9) planIdLen=2876
[MEM-EVENT] preview.audio.stage8.render.decode | source=app.audio.source.imported:DF8B8D86-80DD-406F-81F9-ACD36F5E9C2D sourceStart=1131199/48000 frameCount=48000 intersectionFrames=48000 elapsedMs=29.40
[MEM-EVENT] playback.audio.stop.begin
[MEM-EVENT] displayLink.invalidate | obj=5629661128383082850
[MEM-EVENT] VideoFrameProvider.stopPlayback | obj=2879593938934169324 flush=false hasPlaybackTex=true hasStillTex=true hasInteractiveTex=true hasHoldTex=false
[MEM-EVENT] VideoFrameProvider.stopPlayback | obj=-61160894969377755 flush=false hasPlaybackTex=true hasStillTex=true hasInteractiveTex=true hasHoldTex=false
[MEM-EVENT] playback.idleReclaim.skip | reason=scrubActive
[PERF] FPS: 26.5 | CPU: 48.8% (1core), 8.1% (all) | MEM: 119MB res, 343MB foot | GPU: n/a | DRAW: avg 0.00ms, p95 0.00ms, max 0.00ms
[SCRUB-DIAG] FINAL - scroll: 0.0/s | scrubChanged: 0.0/s | playhead: 0.0/s (elapsed: 1.59s)
[MEM-EVENT] preview.audio.stage8.render.decode | source=app.audio.source.videoLayer:scene-2-3304AAF6-462C-48E7-B553-C8D414899AA7:block_01 sourceStart=100399/24000 frameCount=48000 intersectionFrames=48000 elapsedMs=78.73
[MEM-EVENT] preview.audio.stage8.render.total | range=1131199..<1179199 segments=5 sources=2 elapsedMs=124.51
[MEM-EVENT] preview.audio.stage8.cache.store | range=1131199..<1179199 revision=ProjectRevision(raw: 9) epoch=PlaybackEpoch(raw: 9) planIdLen=2876
[MEM-EVENT] preview.audio.canonical.render.end | sources=2
[MEM-EVENT] preview.audio.canonical.nextChunk.dropped | gen=34 current=36 reason=staleOrStopped
[MEM-EVENT] VideoFrameProvider.stopPlayback | obj=-6224975397815414287 flush=true hasPlaybackTex=true hasStillTex=true hasInteractiveTex=true hasHoldTex=false
[MEM-EVENT] CVTextureCache.flush | owner=UserMediaTextureFactory
[TimelineCompositionEngine] TT-03: Evicted non-resident runtime: 3304AAF6-462C-48E7-B553-C8D414899AA7
[MEM-EVENT] SceneInstanceRuntime.deinit | obj=-793852845036587699 id=3304AAF6-462C-48E7-B553-C8D414899AA7
[MEM-EVENT] UserMediaService.deinit | obj=-5107675458486994129 videoProviders=1
[MEM-EVENT] VideoFrameProvider.release | obj=-6224975397815414287 hasPlaybackTex=false hasStillTex=true hasInteractiveTex=true
[MEM-EVENT] VideoFrameProvider.stopPlayback | obj=-6224975397815414287 flush=true hasPlaybackTex=false hasStillTex=true hasInteractiveTex=true hasHoldTex=false
[MEM-EVENT] CVTextureCache.flush | owner=UserMediaTextureFactory
[MEM-EVENT] CVTextureCache.flush | owner=UserMediaTextureFactory
[MEM-EVENT] VideoFrameProvider.deinit | obj=-6224975397815414287
[SCRUB-DIAG] FINAL - scroll: 0.0/s | scrubChanged: 0.0/s | playhead: 0.0/s (elapsed: 0.31s)
[MEM-EVENT] audio.session.activate.begin
[MEM-EVENT] audio.session.activate.end | ok=1
[MEM-EVENT] playback.audio.start.begin | compressedFrame=177 projectTimeUs=5900000 state=timelinePreview isPlayingBefore=0
[MEM-EVENT] displayLink.create | obj=5629661128383082850
[MEM-DIAG] playback.start | footprint: 310MB | resident: 119MB | available: 2762MB | metal: 265MB | SceneInstanceRuntime: 2 | UserMediaService: 3 | VideoFrameProvider: 3
[MEM-EVENT] playback.audio.previewStart.call | projectTimeUs=5900000 hostTime=206117.44392683337
[MEM-EVENT] preview.audio.select | toggle=ON controller=Canonical
[MEM-EVENT] preview.audio.start | dirty=0 hasPipeline=1 readiness=primed
[MEM-EVENT] preview.audio.canonical.legacyGateBypassed | seconds=5.9 hostTime=206117.44392683337
[MEM-EVENT] preview.audio.canonical.startPlayback.call | seconds=5.9
[MEM-EVENT] preview.audio.stage8.startPlayback.call | sinceStartMs=0.01 fromSeconds=5.9
[MEM-EVENT] preview.audio.stage8.plan.eval | sinceStartMs=3.89 elapsedMs=3.76 segments=5
[MEM-EVENT] preview.audio.canonical.plan | segments=5 fromSeconds=5.9
[MEM-EVENT] preview.audio.stage8.setup.end | sinceStartMs=8.39 graph+session+output+anchor done
[MEM-EVENT] preview.audio.canonical.preroll.build.begin | planSegments=5 range=283200..<292800 gen=29
[MEM-EVENT] preview.audio.stage8.preroll.begin | sinceStartMs=8.50 range=283200..<292800 sampleCount=9600 initialPrerollSamples=9600 maxChunkSamples=48000
[MEM-EVENT] preview.audio.canonical.render.begin | segments=5 range=283200..<292800
[MEM-EVENT] preview.audio.stage8.cache.miss | range=283200..<292800 revision=ProjectRevision(raw: 10) epoch=PlaybackEpoch(raw: 10) planIdLen=2876
[VideoFrameProvider] playback: 1 OK, 0 nil (0.0%) | itemTime=5.920s | lastExtracted=5.952s | active=true
[MEM-EVENT] preview.audio.canonical.firstFrameSignal | delivered=1
[MEM-EVENT] preview.audio.stage8.firstFrameSignal | sinceStartMs=27.52 barrierReason=firstFrameArrivedPrerollNotReady
[MEM-EVENT] preview.audio.stage8.render.decode | source=app.audio.source.imported:DF8B8D86-80DD-406F-81F9-ACD36F5E9C2D sourceStart=59/10 frameCount=9600 intersectionFrames=9600 elapsedMs=62.53
[MEM-EVENT] preview.audio.stage8.render.decode | source=app.audio.source.videoLayer:scene-0-1B27C22C-A3AC-4480-9EF0-810D6EB7B169:block_01 sourceStart=59/10 frameCount=9600 intersectionFrames=9600 elapsedMs=32.54
[MEM-EVENT] preview.audio.stage8.render.total | range=283200..<292800 segments=5 sources=2 elapsedMs=99.64
[MEM-EVENT] preview.audio.stage8.cache.store | range=283200..<292800 revision=ProjectRevision(raw: 10) epoch=PlaybackEpoch(raw: 10) planIdLen=2876
[MEM-EVENT] preview.audio.canonical.render.end | sources=2
[MEM-EVENT] preview.audio.canonical.preroll.build.end | sourceCount=2 bufferCount=2
[MEM-EVENT] preview.audio.stage8.preroll.end | sinceStartMs=108.97 renderElapsedMs=100.47 sourceCount=2
[MEM-EVENT] preview.audio.stage8.barrier.cross | sinceStartMs=108.98
[MEM-EVENT] preview.audio.canonical.graph.schedule.begin | sources=2
[MEM-EVENT] preview.audio.canonical.graph.schedule.end | scheduled=1
[MEM-EVENT] preview.audio.stage8.graph.schedule.end | sinceStartMs=144.24 scheduleMs=35.25
[MEM-EVENT] preview.audio.canonical.engine.start.begin
[MEM-EVENT] preview.audio.canonical.player.play.begin
[MEM-EVENT] preview.audio.canonical.player.play.end
[MEM-EVENT] preview.audio.canonical.engine.start.end
[MEM-EVENT] preview.audio.stage8.player.play.end | sinceStartMs=144.26 playStartMs=0.01
[MEM-EVENT] preview.audio.canonical.scheduled | scheduled=1 sources=2 started=1
[MEM-EVENT] preview.audio.stage8.scheduled.total | sinceStartMs=144.27 totalStartToScheduledMs=144.27
[MEM-EVENT] preview.audio.canonical.nextChunk.requested | range=292800..<340800 gen=38 inFlight=1
[MEM-EVENT] preview.audio.canonical.nextChunk.render.begin | range=292800..<340800 gen=38
[MEM-EVENT] preview.audio.canonical.render.begin | segments=5 range=292800..<340800
[MEM-EVENT] preview.audio.stage8.cache.miss | range=292800..<340800 revision=ProjectRevision(raw: 10) epoch=PlaybackEpoch(raw: 10) planIdLen=2876
[MEM-EVENT] preview.audio.stage8.render.decode | source=app.audio.source.imported:DF8B8D86-80DD-406F-81F9-ACD36F5E9C2D sourceStart=61/10 frameCount=48000 intersectionFrames=48000 elapsedMs=29.36
[MEM-EVENT] preview.audio.stage8.render.decode | source=app.audio.source.videoLayer:scene-0-1B27C22C-A3AC-4480-9EF0-810D6EB7B169:block_01 sourceStart=61/10 frameCount=24800 intersectionFrames=24801 elapsedMs=22.81
[MEM-EVENT] preview.audio.stage8.render.decode | source=app.audio.source.videoLayer:scene-1-8CEC99DF-E1B3-4C0C-8280-7A2D63061E32:block_01 sourceStart=0/1 frameCount=23199 intersectionFrames=23199 elapsedMs=24.12
[MEM-EVENT] preview.audio.stage8.render.decode | source=app.audio.source.videoLayer:scene-1-8CEC99DF-E1B3-4C0C-8280-7A2D63061E32:block_02 sourceStart=0/1 frameCount=23199 intersectionFrames=23199 elapsedMs=24.02
[MEM-EVENT] preview.audio.stage8.render.total | range=292800..<340800 segments=5 sources=4 elapsedMs=118.62
[MEM-EVENT] preview.audio.stage8.cache.store | range=292800..<340800 revision=ProjectRevision(raw: 10) epoch=PlaybackEpoch(raw: 10) planIdLen=2876
[MEM-EVENT] preview.audio.canonical.render.end | sources=4
[MEM-EVENT] preview.audio.canonical.nextChunk.render.end | range=292800..<340800 sourceCount=4
[MEM-EVENT] preview.audio.canonical.nextChunk.schedule.begin | range=292800..<340800 sources=4
[MEM-EVENT] preview.audio.canonical.nextChunk.schedule.end | range=292800..<340800 scheduled=1
[MEM-EVENT] preview.audio.canonical.nextChunk.requested | range=340800..<388800 gen=38 inFlight=1
[MEM-EVENT] preview.audio.canonical.nextChunk.render.begin | range=340800..<388800 gen=38
[MEM-EVENT] preview.audio.canonical.render.begin | segments=5 range=340800..<388800
[MEM-EVENT] preview.audio.stage8.cache.miss | range=340800..<388800 revision=ProjectRevision(raw: 10) epoch=PlaybackEpoch(raw: 10) planIdLen=2876
[MEM-EVENT] preview.audio.stage8.render.decode | source=app.audio.source.imported:DF8B8D86-80DD-406F-81F9-ACD36F5E9C2D sourceStart=71/10 frameCount=48000 intersectionFrames=48000 elapsedMs=29.14
[MEM-EVENT] preview.audio.stage8.render.decode | source=app.audio.source.videoLayer:scene-1-8CEC99DF-E1B3-4C0C-8280-7A2D63061E32:block_01 sourceStart=7733/16000 frameCount=48000 intersectionFrames=48000 elapsedMs=26.23
[MEM-EVENT] preview.audio.stage8.render.decode | source=app.audio.source.videoLayer:scene-1-8CEC99DF-E1B3-4C0C-8280-7A2D63061E32:block_02 sourceStart=7733/16000 frameCount=48000 intersectionFrames=48000 elapsedMs=24.61
[MEM-EVENT] preview.audio.stage8.render.total | range=340800..<388800 segments=5 sources=3 elapsedMs=101.08
[MEM-EVENT] preview.audio.stage8.cache.store | range=340800..<388800 revision=ProjectRevision(raw: 10) epoch=PlaybackEpoch(raw: 10) planIdLen=2876
[MEM-EVENT] preview.audio.canonical.render.end | sources=3
[MEM-EVENT] preview.audio.canonical.nextChunk.render.end | range=340800..<388800 sourceCount=3
[MEM-EVENT] preview.audio.canonical.nextChunk.schedule.begin | range=340800..<388800 sources=3
[MEM-EVENT] preview.audio.canonical.nextChunk.schedule.end | range=340800..<388800 scheduled=1
[MEM-EVENT] preview.audio.canonical.nextChunk.requested | range=388800..<436800 gen=38 inFlight=1
[MEM-EVENT] preview.audio.canonical.nextChunk.render.begin | range=388800..<436800 gen=38
[MEM-EVENT] preview.audio.canonical.render.begin | segments=5 range=388800..<436800
[MEM-EVENT] preview.audio.stage8.cache.miss | range=388800..<436800 revision=ProjectRevision(raw: 10) epoch=PlaybackEpoch(raw: 10) planIdLen=2876
[MEM-EVENT] preview.audio.stage8.render.decode | source=app.audio.source.imported:DF8B8D86-80DD-406F-81F9-ACD36F5E9C2D sourceStart=81/10 frameCount=48000 intersectionFrames=48000 elapsedMs=29.55
[MEM-EVENT] preview.audio.stage8.render.decode | source=app.audio.source.videoLayer:scene-1-8CEC99DF-E1B3-4C0C-8280-7A2D63061E32:block_01 sourceStart=23733/16000 frameCount=48000 intersectionFrames=48000 elapsedMs=25.95
[MEM-EVENT] preview.audio.stage8.render.decode | source=app.audio.source.videoLayer:scene-1-8CEC99DF-E1B3-4C0C-8280-7A2D63061E32:block_02 sourceStart=23733/16000 frameCount=48000 intersectionFrames=48000 elapsedMs=26.07
[MEM-EVENT] preview.audio.stage8.render.total | range=388800..<436800 segments=5 sources=3 elapsedMs=102.27
[MEM-EVENT] preview.audio.stage8.cache.store | range=388800..<436800 revision=ProjectRevision(raw: 10) epoch=PlaybackEpoch(raw: 10) planIdLen=2876
[MEM-EVENT] preview.audio.canonical.render.end | sources=3
[MEM-EVENT] preview.audio.canonical.nextChunk.render.end | range=388800..<436800 sourceCount=3
[MEM-EVENT] preview.audio.canonical.nextChunk.schedule.begin | range=388800..<436800 sources=3
[MEM-EVENT] preview.audio.canonical.nextChunk.schedule.end | range=388800..<436800 scheduled=1
[MEM-EVENT] preview.audio.canonical.nextChunk.requested | range=436800..<484800 gen=38 inFlight=1
[MEM-EVENT] preview.audio.canonical.nextChunk.render.begin | range=436800..<484800 gen=38
[MEM-EVENT] preview.audio.canonical.render.begin | segments=5 range=436800..<484800
[MEM-EVENT] preview.audio.stage8.cache.miss | range=436800..<484800 revision=ProjectRevision(raw: 10) epoch=PlaybackEpoch(raw: 10) planIdLen=2876
[MEM-EVENT] preview.audio.stage8.render.decode | source=app.audio.source.imported:DF8B8D86-80DD-406F-81F9-ACD36F5E9C2D sourceStart=91/10 frameCount=48000 intersectionFrames=48000 elapsedMs=28.74
[MEM-EVENT] preview.audio.stage8.render.decode | source=app.audio.source.videoLayer:scene-1-8CEC99DF-E1B3-4C0C-8280-7A2D63061E32:block_01 sourceStart=39733/16000 frameCount=48000 intersectionFrames=48000 elapsedMs=25.80
[MEM-EVENT] preview.audio.stage8.render.decode | source=app.audio.source.videoLayer:scene-1-8CEC99DF-E1B3-4C0C-8280-7A2D63061E32:block_02 sourceStart=39733/16000 frameCount=48000 intersectionFrames=48000 elapsedMs=27.16
[MEM-EVENT] preview.audio.stage8.render.total | range=436800..<484800 segments=5 sources=3 elapsedMs=102.49
[MEM-EVENT] preview.audio.stage8.cache.store | range=436800..<484800 revision=ProjectRevision(raw: 10) epoch=PlaybackEpoch(raw: 10) planIdLen=2876
[MEM-EVENT] preview.audio.canonical.render.end | sources=3
[MEM-EVENT] preview.audio.canonical.nextChunk.render.end | range=436800..<484800 sourceCount=3
[MEM-EVENT] preview.audio.canonical.nextChunk.schedule.begin | range=436800..<484800 sources=3
[MEM-EVENT] preview.audio.canonical.nextChunk.schedule.end | range=436800..<484800 scheduled=1
[MEM-EVENT] preview.audio.canonical.nextChunk.requested | range=484800..<532800 gen=38 inFlight=1
[MEM-EVENT] preview.audio.canonical.nextChunk.render.begin | range=484800..<532800 gen=38
[VideoFrameProvider] playback: 5 OK, 0 nil (0.0%) | itemTime=0.152s | lastExtracted=0.152s | active=true
[VideoFrameProvider] playback: 25 OK, 0 nil (0.0%) | itemTime=9.634s | lastExtracted=9.633s | active=true
[MEM-EVENT] VideoFrameProvider.stopPlayback | obj=-6430967479985409174 flush=false hasPlaybackTex=true hasStillTex=true hasInteractiveTex=true hasHoldTex=false
[MEM-EVENT] preview.audio.canonical.render.begin | segments=5 range=484800..<532800
[MEM-EVENT] preview.audio.stage8.cache.miss | range=484800..<532800 revision=ProjectRevision(raw: 10) epoch=PlaybackEpoch(raw: 10) planIdLen=2876
[MEM-EVENT] preview.audio.stage8.render.decode | source=app.audio.source.imported:DF8B8D86-80DD-406F-81F9-ACD36F5E9C2D sourceStart=101/10 frameCount=48000 intersectionFrames=48000 elapsedMs=91.72
[MEM-EVENT] preview.audio.stage8.render.decode | source=app.audio.source.videoLayer:scene-1-8CEC99DF-E1B3-4C0C-8280-7A2D63061E32:block_01 sourceStart=55733/16000 frameCount=48000 intersectionFrames=48000 elapsedMs=25.05
[MEM-EVENT] preview.audio.stage8.render.decode | source=app.audio.source.videoLayer:scene-1-8CEC99DF-E1B3-4C0C-8280-7A2D63061E32:block_02 sourceStart=55733/16000 frameCount=48000 intersectionFrames=48000 elapsedMs=25.32
[MEM-EVENT] preview.audio.stage8.render.total | range=484800..<532800 segments=5 sources=3 elapsedMs=163.82
[MEM-EVENT] preview.audio.stage8.cache.store | range=484800..<532800 revision=ProjectRevision(raw: 10) epoch=PlaybackEpoch(raw: 10) planIdLen=2876
[MEM-EVENT] preview.audio.canonical.render.end | sources=3
[MEM-EVENT] preview.audio.canonical.nextChunk.render.end | range=484800..<532800 sourceCount=3
[MEM-EVENT] preview.audio.canonical.nextChunk.schedule.begin | range=484800..<532800 sources=3
[MEM-EVENT] preview.audio.canonical.nextChunk.schedule.end | range=484800..<532800 scheduled=1
[MEM-EVENT] preview.audio.canonical.nextChunk.requested | range=532800..<580800 gen=38 inFlight=1
[MEM-EVENT] preview.audio.canonical.nextChunk.render.begin | range=532800..<580800 gen=38
[MEM-EVENT] preview.audio.canonical.render.begin | segments=5 range=532800..<580800
[MEM-EVENT] preview.audio.stage8.cache.miss | range=532800..<580800 revision=ProjectRevision(raw: 10) epoch=PlaybackEpoch(raw: 10) planIdLen=2876
[MEM-EVENT] preview.audio.stage8.render.decode | source=app.audio.source.imported:DF8B8D86-80DD-406F-81F9-ACD36F5E9C2D sourceStart=111/10 frameCount=48000 intersectionFrames=48000 elapsedMs=30.85
[MEM-EVENT] preview.audio.stage8.render.decode | source=app.audio.source.videoLayer:scene-1-8CEC99DF-E1B3-4C0C-8280-7A2D63061E32:block_01 sourceStart=71733/16000 frameCount=48000 intersectionFrames=48000 elapsedMs=25.80
[MEM-EVENT] preview.audio.stage8.render.decode | source=app.audio.source.videoLayer:scene-1-8CEC99DF-E1B3-4C0C-8280-7A2D63061E32:block_02 sourceStart=71733/16000 frameCount=48000 intersectionFrames=48000 elapsedMs=26.08
[MEM-EVENT] preview.audio.stage8.render.total | range=532800..<580800 segments=5 sources=3 elapsedMs=105.28
[MEM-EVENT] preview.audio.stage8.cache.store | range=532800..<580800 revision=ProjectRevision(raw: 10) epoch=PlaybackEpoch(raw: 10) planIdLen=2876
[MEM-EVENT] preview.audio.canonical.render.end | sources=3
[MEM-EVENT] preview.audio.canonical.nextChunk.render.end | range=532800..<580800 sourceCount=3
[MEM-EVENT] preview.audio.canonical.nextChunk.schedule.begin | range=532800..<580800 sources=3
[MEM-EVENT] preview.audio.canonical.nextChunk.schedule.end | range=532800..<580800 scheduled=1
[MEM-EVENT] preview.audio.canonical.nextChunk.requested | range=580800..<628800 gen=38 inFlight=1
[MEM-EVENT] preview.audio.canonical.nextChunk.render.begin | range=580800..<628800 gen=38
[MEM-EVENT] preview.audio.canonical.render.begin | segments=5 range=580800..<628800
[MEM-EVENT] preview.audio.stage8.cache.miss | range=580800..<628800 revision=ProjectRevision(raw: 10) epoch=PlaybackEpoch(raw: 10) planIdLen=2876
[MEM-EVENT] preview.audio.stage8.render.decode | source=app.audio.source.imported:DF8B8D86-80DD-406F-81F9-ACD36F5E9C2D sourceStart=121/10 frameCount=48000 intersectionFrames=48000 elapsedMs=29.57
[MEM-EVENT] preview.audio.stage8.render.decode | source=app.audio.source.videoLayer:scene-1-8CEC99DF-E1B3-4C0C-8280-7A2D63061E32:block_01 sourceStart=87733/16000 frameCount=48000 intersectionFrames=48000 elapsedMs=24.83
[MEM-EVENT] preview.audio.stage8.render.decode | source=app.audio.source.videoLayer:scene-1-8CEC99DF-E1B3-4C0C-8280-7A2D63061E32:block_02 sourceStart=87733/16000 frameCount=48000 intersectionFrames=48000 elapsedMs=26.13
[MEM-EVENT] preview.audio.stage8.render.total | range=580800..<628800 segments=5 sources=3 elapsedMs=101.62
[MEM-EVENT] preview.audio.stage8.cache.store | range=580800..<628800 revision=ProjectRevision(raw: 10) epoch=PlaybackEpoch(raw: 10) planIdLen=2876
[MEM-EVENT] preview.audio.canonical.render.end | sources=3
[MEM-EVENT] preview.audio.canonical.nextChunk.render.end | range=580800..<628800 sourceCount=3
[MEM-EVENT] preview.audio.canonical.nextChunk.schedule.begin | range=580800..<628800 sources=3
[MEM-EVENT] preview.audio.canonical.nextChunk.schedule.end | range=580800..<628800 scheduled=1
[MEM-EVENT] preview.audio.canonical.nextChunk.requested | range=628800..<676800 gen=38 inFlight=1
[MEM-EVENT] preview.audio.canonical.nextChunk.render.begin | range=628800..<676800 gen=38
[MEM-EVENT] preview.audio.canonical.render.begin | segments=5 range=628800..<676800
[MEM-EVENT] preview.audio.stage8.cache.miss | range=628800..<676800 revision=ProjectRevision(raw: 10) epoch=PlaybackEpoch(raw: 10) planIdLen=2876
[MEM-EVENT] preview.audio.stage8.render.decode | source=app.audio.source.imported:DF8B8D86-80DD-406F-81F9-ACD36F5E9C2D sourceStart=131/10 frameCount=48000 intersectionFrames=48000 elapsedMs=28.80
[MEM-EVENT] preview.audio.stage8.render.decode | source=app.audio.source.videoLayer:scene-1-8CEC99DF-E1B3-4C0C-8280-7A2D63061E32:block_01 sourceStart=103733/16000 frameCount=48000 intersectionFrames=48000 elapsedMs=26.28
[PERF] FPS: 27.0 | CPU: 48.0% (1core), 8.0% (all) | MEM: 119MB res, 412MB foot | GPU: n/a | DRAW: avg 0.00ms, p95 0.00ms, max 0.00ms
[MEM-EVENT] preview.audio.stage8.render.decode | source=app.audio.source.videoLayer:scene-1-8CEC99DF-E1B3-4C0C-8280-7A2D63061E32:block_02 sourceStart=103733/16000 frameCount=48000 intersectionFrames=48000 elapsedMs=27.54
[MEM-EVENT] preview.audio.stage8.render.total | range=628800..<676800 segments=5 sources=3 elapsedMs=103.58
[MEM-EVENT] preview.audio.stage8.cache.store | range=628800..<676800 revision=ProjectRevision(raw: 10) epoch=PlaybackEpoch(raw: 10) planIdLen=2876
[MEM-EVENT] preview.audio.canonical.render.end | sources=3
[MEM-EVENT] preview.audio.canonical.nextChunk.render.end | range=628800..<676800 sourceCount=3
[MEM-EVENT] preview.audio.canonical.nextChunk.schedule.begin | range=628800..<676800 sources=3
[MEM-EVENT] preview.audio.canonical.nextChunk.schedule.end | range=628800..<676800 scheduled=1
[MEM-EVENT] preview.audio.canonical.nextChunk.requested | range=676800..<724800 gen=38 inFlight=1
[MEM-EVENT] preview.audio.canonical.nextChunk.render.begin | range=676800..<724800 gen=38
[MEM-EVENT] preview.audio.canonical.render.begin | segments=5 range=676800..<724800
[MEM-EVENT] preview.audio.stage8.cache.miss | range=676800..<724800 revision=ProjectRevision(raw: 10) epoch=PlaybackEpoch(raw: 10) planIdLen=2876
[MEM-EVENT] preview.audio.stage8.render.decode | source=app.audio.source.imported:DF8B8D86-80DD-406F-81F9-ACD36F5E9C2D sourceStart=141/10 frameCount=48000 intersectionFrames=48000 elapsedMs=29.15
[MEM-EVENT] preview.audio.stage8.render.decode | source=app.audio.source.videoLayer:scene-1-8CEC99DF-E1B3-4C0C-8280-7A2D63061E32:block_01 sourceStart=119733/16000 frameCount=48000 intersectionFrames=48000 elapsedMs=27.26
[MEM-EVENT] preview.audio.stage8.render.decode | source=app.audio.source.videoLayer:scene-1-8CEC99DF-E1B3-4C0C-8280-7A2D63061E32:block_02 sourceStart=119733/16000 frameCount=11681 intersectionFrames=11681 elapsedMs=25.04
[MEM-EVENT] preview.audio.stage8.render.total | range=676800..<724800 segments=5 sources=3 elapsedMs=96.86
[MEM-EVENT] preview.audio.stage8.cache.store | range=676800..<724800 revision=ProjectRevision(raw: 10) epoch=PlaybackEpoch(raw: 10) planIdLen=2876
[MEM-EVENT] preview.audio.canonical.render.end | sources=3
[MEM-EVENT] preview.audio.canonical.nextChunk.render.end | range=676800..<724800 sourceCount=3
[MEM-EVENT] preview.audio.canonical.nextChunk.schedule.begin | range=676800..<724800 sources=3
[MEM-EVENT] preview.audio.canonical.nextChunk.schedule.end | range=676800..<724800 scheduled=1
[MEM-EVENT] preview.audio.canonical.nextChunk.requested | range=724800..<772800 gen=38 inFlight=1
[MEM-EVENT] preview.audio.canonical.nextChunk.render.begin | range=724800..<772800 gen=38
[MEM-EVENT] preview.audio.canonical.render.begin | segments=5 range=724800..<772800
[MEM-EVENT] preview.audio.stage8.cache.miss | range=724800..<772800 revision=ProjectRevision(raw: 10) epoch=PlaybackEpoch(raw: 10) planIdLen=2876
[MEM-EVENT] preview.audio.stage8.render.decode | source=app.audio.source.imported:DF8B8D86-80DD-406F-81F9-ACD36F5E9C2D sourceStart=151/10 frameCount=48000 intersectionFrames=48000 elapsedMs=28.92
[MEM-EVENT] preview.audio.stage8.render.decode | source=app.audio.source.videoLayer:scene-1-8CEC99DF-E1B3-4C0C-8280-7A2D63061E32:block_01 sourceStart=135733/16000 frameCount=48000 intersectionFrames=48000 elapsedMs=24.64
[MEM-EVENT] preview.audio.stage8.render.total | range=724800..<772800 segments=5 sources=2 elapsedMs=68.43
[MEM-EVENT] preview.audio.stage8.cache.store | range=724800..<772800 revision=ProjectRevision(raw: 10) epoch=PlaybackEpoch(raw: 10) planIdLen=2876
[MEM-EVENT] preview.audio.canonical.render.end | sources=2
[MEM-EVENT] preview.audio.canonical.nextChunk.render.end | range=724800..<772800 sourceCount=2
[MEM-EVENT] preview.audio.canonical.nextChunk.schedule.begin | range=724800..<772800 sources=2
[MEM-EVENT] preview.audio.canonical.nextChunk.schedule.end | range=724800..<772800 scheduled=1
[MEM-EVENT] preview.audio.canonical.nextChunk.requested | range=772800..<820800 gen=38 inFlight=1
[MEM-EVENT] preview.audio.canonical.nextChunk.render.begin | range=772800..<820800 gen=38
[MEM-EVENT] preview.audio.canonical.render.begin | segments=5 range=772800..<820800
[MEM-EVENT] preview.audio.stage8.cache.miss | range=772800..<820800 revision=ProjectRevision(raw: 10) epoch=PlaybackEpoch(raw: 10) planIdLen=2876
[MEM-EVENT] preview.audio.stage8.render.decode | source=app.audio.source.imported:DF8B8D86-80DD-406F-81F9-ACD36F5E9C2D sourceStart=161/10 frameCount=48000 intersectionFrames=48000 elapsedMs=27.45
[MEM-EVENT] preview.audio.stage8.render.decode | source=app.audio.source.videoLayer:scene-1-8CEC99DF-E1B3-4C0C-8280-7A2D63061E32:block_01 sourceStart=151733/16000 frameCount=48000 intersectionFrames=48000 elapsedMs=26.25
[MEM-EVENT] preview.audio.stage8.render.total | range=772800..<820800 segments=5 sources=2 elapsedMs=67.19
[MEM-EVENT] preview.audio.stage8.cache.store | range=772800..<820800 revision=ProjectRevision(raw: 10) epoch=PlaybackEpoch(raw: 10) planIdLen=2876
[MEM-EVENT] preview.audio.canonical.render.end | sources=2
[MEM-EVENT] preview.audio.canonical.nextChunk.render.end | range=772800..<820800 sourceCount=2
[MEM-EVENT] preview.audio.canonical.nextChunk.schedule.begin | range=772800..<820800 sources=2
[MEM-EVENT] preview.audio.canonical.nextChunk.schedule.end | range=772800..<820800 scheduled=1
[MEM-EVENT] preview.audio.canonical.nextChunk.requested | range=820800..<868800 gen=38 inFlight=1
[MEM-EVENT] preview.audio.canonical.nextChunk.render.begin | range=820800..<868800 gen=38
[MEM-EVENT] preview.audio.canonical.render.begin | segments=5 range=820800..<868800
[MEM-EVENT] preview.audio.stage8.cache.miss | range=820800..<868800 revision=ProjectRevision(raw: 10) epoch=PlaybackEpoch(raw: 10) planIdLen=2876
[MEM-EVENT] preview.audio.stage8.render.decode | source=app.audio.source.imported:DF8B8D86-80DD-406F-81F9-ACD36F5E9C2D sourceStart=171/10 frameCount=48000 intersectionFrames=48000 elapsedMs=27.93
[MEM-EVENT] preview.audio.stage8.render.decode | source=app.audio.source.videoLayer:scene-1-8CEC99DF-E1B3-4C0C-8280-7A2D63061E32:block_01 sourceStart=167733/16000 frameCount=28721 intersectionFrames=28721 elapsedMs=24.99
[MEM-EVENT] preview.audio.stage8.render.total | range=820800..<868800 segments=5 sources=2 elapsedMs=64.05
[MEM-EVENT] preview.audio.stage8.cache.store | range=820800..<868800 revision=ProjectRevision(raw: 10) epoch=PlaybackEpoch(raw: 10) planIdLen=2876
[MEM-EVENT] preview.audio.canonical.render.end | sources=2
[MEM-EVENT] preview.audio.canonical.nextChunk.render.end | range=820800..<868800 sourceCount=2
[MEM-EVENT] preview.audio.canonical.nextChunk.schedule.begin | range=820800..<868800 sources=2
[MEM-EVENT] preview.audio.canonical.nextChunk.schedule.end | range=820800..<868800 scheduled=1
[MEM-EVENT] preview.audio.canonical.nextChunk.requested | range=868800..<916800 gen=38 inFlight=1
[MEM-EVENT] preview.audio.canonical.nextChunk.render.begin | range=868800..<916800 gen=38
[MEM-EVENT] preview.audio.canonical.render.begin | segments=5 range=868800..<916800
[MEM-EVENT] preview.audio.stage8.cache.miss | range=868800..<916800 revision=ProjectRevision(raw: 10) epoch=PlaybackEpoch(raw: 10) planIdLen=2876
[MEM-EVENT] preview.audio.stage8.render.decode | source=app.audio.source.imported:DF8B8D86-80DD-406F-81F9-ACD36F5E9C2D sourceStart=181/10 frameCount=48000 intersectionFrames=48000 elapsedMs=28.12
[MEM-EVENT] preview.audio.stage8.render.total | range=868800..<916800 segments=5 sources=1 elapsedMs=35.59
[MEM-EVENT] preview.audio.stage8.cache.store | range=868800..<916800 revision=ProjectRevision(raw: 10) epoch=PlaybackEpoch(raw: 10) planIdLen=2876
[MEM-EVENT] preview.audio.canonical.render.end | sources=1
[MEM-EVENT] preview.audio.canonical.nextChunk.render.end | range=868800..<916800 sourceCount=1
[MEM-EVENT] preview.audio.canonical.nextChunk.schedule.begin | range=868800..<916800 sources=1
[MEM-EVENT] preview.audio.canonical.nextChunk.schedule.end | range=868800..<916800 scheduled=1
[MEM-EVENT] preview.audio.canonical.nextChunk.requested | range=916800..<964800 gen=38 inFlight=1
[MEM-EVENT] preview.audio.canonical.nextChunk.render.begin | range=916800..<964800 gen=38
[MEM-EVENT] preview.audio.canonical.render.begin | segments=5 range=916800..<964800
[MEM-EVENT] preview.audio.stage8.cache.miss | range=916800..<964800 revision=ProjectRevision(raw: 10) epoch=PlaybackEpoch(raw: 10) planIdLen=2876
[MEM-EVENT] preview.audio.stage8.render.decode | source=app.audio.source.imported:DF8B8D86-80DD-406F-81F9-ACD36F5E9C2D sourceStart=191/10 frameCount=48000 intersectionFrames=48000 elapsedMs=0.42
[MEM-EVENT] preview.audio.stage8.render.decode | source=app.audio.source.videoLayer:scene-2-3304AAF6-462C-48E7-B553-C8D414899AA7:block_01 sourceStart=0/1 frameCount=34399 intersectionFrames=34399 elapsedMs=24.04
[MEM-EVENT] preview.audio.stage8.render.total | range=916800..<964800 segments=5 sources=2 elapsedMs=36.04
[MEM-EVENT] preview.audio.stage8.cache.store | range=916800..<964800 revision=ProjectRevision(raw: 10) epoch=PlaybackEpoch(raw: 10) planIdLen=2876
[MEM-EVENT] preview.audio.canonical.render.end | sources=2
[MEM-EVENT] preview.audio.canonical.nextChunk.render.end | range=916800..<964800 sourceCount=2
[MEM-EVENT] preview.audio.canonical.nextChunk.schedule.begin | range=916800..<964800 sources=2
[MEM-EVENT] preview.audio.canonical.nextChunk.schedule.end | range=916800..<964800 scheduled=1
[MEM-EVENT] preview.audio.canonical.nextChunk.requested | range=964800..<1012800 gen=38 inFlight=1
[MEM-EVENT] preview.audio.canonical.nextChunk.render.begin | range=964800..<1012800 gen=38
[MEM-EVENT] preview.audio.canonical.render.begin | segments=5 range=964800..<1012800
[MEM-EVENT] preview.audio.stage8.cache.miss | range=964800..<1012800 revision=ProjectRevision(raw: 10) epoch=PlaybackEpoch(raw: 10) planIdLen=2876
[MEM-EVENT] preview.audio.stage8.render.decode | source=app.audio.source.imported:DF8B8D86-80DD-406F-81F9-ACD36F5E9C2D sourceStart=201/10 frameCount=48000 intersectionFrames=48000 elapsedMs=30.28
[MEM-EVENT] preview.audio.stage8.render.decode | source=app.audio.source.videoLayer:scene-2-3304AAF6-462C-48E7-B553-C8D414899AA7:block_01 sourceStart=34399/48000 frameCount=48000 intersectionFrames=48000 elapsedMs=25.20
[MEM-EVENT] preview.audio.stage8.render.total | range=964800..<1012800 segments=5 sources=2 elapsedMs=69.51
[MEM-EVENT] preview.audio.stage8.cache.store | range=964800..<1012800 revision=ProjectRevision(raw: 10) epoch=PlaybackEpoch(raw: 10) planIdLen=2876
[MEM-EVENT] preview.audio.canonical.render.end | sources=2
[MEM-EVENT] preview.audio.canonical.nextChunk.render.end | range=964800..<1012800 sourceCount=2
[MEM-EVENT] preview.audio.canonical.nextChunk.schedule.begin | range=964800..<1012800 sources=2
[MEM-EVENT] preview.audio.canonical.nextChunk.schedule.end | range=964800..<1012800 scheduled=1
[MEM-EVENT] preview.audio.canonical.nextChunk.requested | range=1012800..<1060800 gen=38 inFlight=1
[MEM-EVENT] preview.audio.canonical.nextChunk.render.begin | range=1012800..<1060800 gen=38
[MEM-EVENT] preview.audio.canonical.render.begin | segments=5 range=1012800..<1060800
[MEM-EVENT] preview.audio.stage8.cache.miss | range=1012800..<1060800 revision=ProjectRevision(raw: 10) epoch=PlaybackEpoch(raw: 10) planIdLen=2876
[MEM-EVENT] preview.audio.stage8.render.decode | source=app.audio.source.imported:DF8B8D86-80DD-406F-81F9-ACD36F5E9C2D sourceStart=211/10 frameCount=48000 intersectionFrames=48000 elapsedMs=31.16
[MEM-EVENT] preview.audio.stage8.render.decode | source=app.audio.source.videoLayer:scene-2-3304AAF6-462C-48E7-B553-C8D414899AA7:block_01 sourceStart=82399/48000 frameCount=48000 intersectionFrames=48000 elapsedMs=25.12
[MEM-EVENT] preview.audio.stage8.render.total | range=1012800..<1060800 segments=5 sources=2 elapsedMs=70.18
[MEM-EVENT] preview.audio.stage8.cache.store | range=1012800..<1060800 revision=ProjectRevision(raw: 10) epoch=PlaybackEpoch(raw: 10) planIdLen=2876
[MEM-EVENT] preview.audio.canonical.render.end | sources=2
[MEM-EVENT] preview.audio.canonical.nextChunk.render.end | range=1012800..<1060800 sourceCount=2
[MEM-EVENT] preview.audio.canonical.nextChunk.schedule.begin | range=1012800..<1060800 sources=2
[MEM-EVENT] preview.audio.canonical.nextChunk.schedule.end | range=1012800..<1060800 scheduled=1
[MEM-EVENT] preview.audio.canonical.nextChunk.requested | range=1060800..<1108800 gen=38 inFlight=1
[MEM-EVENT] preview.audio.canonical.nextChunk.render.begin | range=1060800..<1108800 gen=38
[MEM-EVENT] preview.audio.canonical.render.begin | segments=5 range=1060800..<1108800
[MEM-EVENT] preview.audio.stage8.cache.miss | range=1060800..<1108800 revision=ProjectRevision(raw: 10) epoch=PlaybackEpoch(raw: 10) planIdLen=2876
[MEM-EVENT] preview.audio.stage8.render.decode | source=app.audio.source.imported:DF8B8D86-80DD-406F-81F9-ACD36F5E9C2D sourceStart=221/10 frameCount=48000 intersectionFrames=48000 elapsedMs=28.27
[MEM-EVENT] preview.audio.stage8.render.decode | source=app.audio.source.videoLayer:scene-2-3304AAF6-462C-48E7-B553-C8D414899AA7:block_01 sourceStart=130399/48000 frameCount=48000 intersectionFrames=48000 elapsedMs=27.26
[MEM-EVENT] preview.audio.stage8.render.total | range=1060800..<1108800 segments=5 sources=2 elapsedMs=70.18
[MEM-EVENT] preview.audio.stage8.cache.store | range=1060800..<1108800 revision=ProjectRevision(raw: 10) epoch=PlaybackEpoch(raw: 10) planIdLen=2876
[MEM-EVENT] preview.audio.canonical.render.end | sources=2
[MEM-EVENT] preview.audio.canonical.nextChunk.render.end | range=1060800..<1108800 sourceCount=2
[MEM-EVENT] preview.audio.canonical.nextChunk.schedule.begin | range=1060800..<1108800 sources=2
[MEM-EVENT] preview.audio.canonical.nextChunk.schedule.end | range=1060800..<1108800 scheduled=1
[MEM-EVENT] preview.audio.canonical.nextChunk.requested | range=1108800..<1156800 gen=38 inFlight=1
[MEM-EVENT] preview.audio.canonical.nextChunk.render.begin | range=1108800..<1156800 gen=38
[MEM-EVENT] preview.audio.canonical.render.begin | segments=5 range=1108800..<1156800
[MEM-EVENT] preview.audio.stage8.cache.miss | range=1108800..<1156800 revision=ProjectRevision(raw: 10) epoch=PlaybackEpoch(raw: 10) planIdLen=2876
[MEM-EVENT] preview.audio.stage8.render.decode | source=app.audio.source.imported:DF8B8D86-80DD-406F-81F9-ACD36F5E9C2D sourceStart=231/10 frameCount=48000 intersectionFrames=48000 elapsedMs=28.68
[MEM-EVENT] preview.audio.stage8.render.decode | source=app.audio.source.videoLayer:scene-2-3304AAF6-462C-48E7-B553-C8D414899AA7:block_01 sourceStart=178399/48000 frameCount=48000 intersectionFrames=48000 elapsedMs=24.37
[MEM-EVENT] preview.audio.stage8.render.total | range=1108800..<1156800 segments=5 sources=2 elapsedMs=67.58
[MEM-EVENT] preview.audio.stage8.cache.store | range=1108800..<1156800 revision=ProjectRevision(raw: 10) epoch=PlaybackEpoch(raw: 10) planIdLen=2876
[MEM-EVENT] preview.audio.canonical.render.end | sources=2
[MEM-EVENT] preview.audio.canonical.nextChunk.render.end | range=1108800..<1156800 sourceCount=2
[MEM-EVENT] preview.audio.canonical.nextChunk.schedule.begin | range=1108800..<1156800 sources=2
[MEM-EVENT] preview.audio.canonical.nextChunk.schedule.end | range=1108800..<1156800 scheduled=1
[MEM-EVENT] preview.audio.canonical.nextChunk.requested | range=1156800..<1204800 gen=38 inFlight=1
[MEM-EVENT] preview.audio.canonical.nextChunk.render.begin | range=1156800..<1204800 gen=38
[MEM-EVENT] preview.audio.canonical.render.begin | segments=5 range=1156800..<1204800
[MEM-EVENT] preview.audio.stage8.cache.miss | range=1156800..<1204800 revision=ProjectRevision(raw: 10) epoch=PlaybackEpoch(raw: 10) planIdLen=2876
[MEM-EVENT] preview.audio.stage8.render.decode | source=app.audio.source.imported:DF8B8D86-80DD-406F-81F9-ACD36F5E9C2D sourceStart=241/10 frameCount=48000 intersectionFrames=48000 elapsedMs=28.69
[MEM-EVENT] preview.audio.stage8.render.decode | source=app.audio.source.videoLayer:scene-2-3304AAF6-462C-48E7-B553-C8D414899AA7:block_01 sourceStart=226399/48000 frameCount=48000 intersectionFrames=48000 elapsedMs=27.35
[MEM-EVENT] preview.audio.stage8.render.total | range=1156800..<1204800 segments=5 sources=2 elapsedMs=69.70
[MEM-EVENT] preview.audio.stage8.cache.store | range=1156800..<1204800 revision=ProjectRevision(raw: 10) epoch=PlaybackEpoch(raw: 10) planIdLen=2876
[MEM-EVENT] preview.audio.canonical.render.end | sources=2
[MEM-EVENT] preview.audio.canonical.nextChunk.render.end | range=1156800..<1204800 sourceCount=2
[MEM-EVENT] preview.audio.canonical.nextChunk.schedule.begin | range=1156800..<1204800 sources=2
[MEM-EVENT] preview.audio.canonical.nextChunk.schedule.end | range=1156800..<1204800 scheduled=1
[MEM-EVENT] preview.audio.canonical.nextChunk.requested | range=1204800..<1252800 gen=38 inFlight=1
[MEM-EVENT] preview.audio.canonical.nextChunk.render.begin | range=1204800..<1252800 gen=38
[MEM-EVENT] preview.audio.canonical.render.begin | segments=5 range=1204800..<1252800
[MEM-EVENT] preview.audio.stage8.cache.miss | range=1204800..<1252800 revision=ProjectRevision(raw: 10) epoch=PlaybackEpoch(raw: 10) planIdLen=2876
[MEM-EVENT] preview.audio.stage8.render.decode | source=app.audio.source.imported:DF8B8D86-80DD-406F-81F9-ACD36F5E9C2D sourceStart=251/10 frameCount=48000 intersectionFrames=48000 elapsedMs=28.54
[MEM-EVENT] preview.audio.stage8.render.decode | source=app.audio.source.videoLayer:scene-2-3304AAF6-462C-48E7-B553-C8D414899AA7:block_01 sourceStart=274399/48000 frameCount=48000 intersectionFrames=48000 elapsedMs=25.59
[MEM-EVENT] preview.audio.stage8.render.total | range=1204800..<1252800 segments=5 sources=2 elapsedMs=68.19
[MEM-EVENT] preview.audio.stage8.cache.store | range=1204800..<1252800 revision=ProjectRevision(raw: 10) epoch=PlaybackEpoch(raw: 10) planIdLen=2876
[MEM-EVENT] preview.audio.canonical.render.end | sources=2
[MEM-EVENT] preview.audio.canonical.nextChunk.render.end | range=1204800..<1252800 sourceCount=2
[MEM-EVENT] preview.audio.canonical.nextChunk.schedule.begin | range=1204800..<1252800 sources=2
[MEM-EVENT] preview.audio.canonical.nextChunk.schedule.end | range=1204800..<1252800 scheduled=1
[MEM-EVENT] preview.audio.canonical.nextChunk.requested | range=1252800..<1300800 gen=38 inFlight=1
[MEM-EVENT] preview.audio.canonical.nextChunk.render.begin | range=1252800..<1300800 gen=38
[MEM-EVENT] preview.audio.canonical.render.begin | segments=5 range=1252800..<1300800
[MEM-EVENT] preview.audio.stage8.cache.miss | range=1252800..<1300800 revision=ProjectRevision(raw: 10) epoch=PlaybackEpoch(raw: 10) planIdLen=2876
[MEM-EVENT] preview.audio.stage8.render.decode | source=app.audio.source.imported:DF8B8D86-80DD-406F-81F9-ACD36F5E9C2D sourceStart=261/10 frameCount=48000 intersectionFrames=48000 elapsedMs=30.89
[MEM-EVENT] preview.audio.stage8.render.decode | source=app.audio.source.videoLayer:scene-2-3304AAF6-462C-48E7-B553-C8D414899AA7:block_01 sourceStart=322399/48000 frameCount=48000 intersectionFrames=48000 elapsedMs=25.03
[MEM-EVENT] preview.audio.stage8.render.total | range=1252800..<1300800 segments=5 sources=2 elapsedMs=69.74
[MEM-EVENT] preview.audio.stage8.cache.store | range=1252800..<1300800 revision=ProjectRevision(raw: 10) epoch=PlaybackEpoch(raw: 10) planIdLen=2876
[MEM-EVENT] preview.audio.canonical.render.end | sources=2
[MEM-EVENT] preview.audio.canonical.nextChunk.render.end | range=1252800..<1300800 sourceCount=2
[MEM-EVENT] preview.audio.canonical.nextChunk.schedule.begin | range=1252800..<1300800 sources=2
[MEM-EVENT] preview.audio.canonical.nextChunk.schedule.end | range=1252800..<1300800 scheduled=1
[MEM-EVENT] preview.audio.canonical.nextChunk.requested | range=1300800..<1348800 gen=38 inFlight=1
[MEM-EVENT] preview.audio.canonical.nextChunk.render.begin | range=1300800..<1348800 gen=38
[MEM-EVENT] preview.audio.canonical.render.begin | segments=5 range=1300800..<1348800
[MEM-EVENT] preview.audio.stage8.cache.miss | range=1300800..<1348800 revision=ProjectRevision(raw: 10) epoch=PlaybackEpoch(raw: 10) planIdLen=2876
[MEM-EVENT] preview.audio.stage8.render.decode | source=app.audio.source.imported:DF8B8D86-80DD-406F-81F9-ACD36F5E9C2D sourceStart=271/10 frameCount=48000 intersectionFrames=48000 elapsedMs=30.53
[MEM-EVENT] preview.audio.stage8.render.decode | source=app.audio.source.videoLayer:scene-2-3304AAF6-462C-48E7-B553-C8D414899AA7:block_01 sourceStart=370399/48000 frameCount=48000 intersectionFrames=48000 elapsedMs=25.20
[MEM-EVENT] preview.audio.stage8.render.total | range=1300800..<1348800 segments=5 sources=2 elapsedMs=69.64
[MEM-EVENT] preview.audio.stage8.cache.store | range=1300800..<1348800 revision=ProjectRevision(raw: 10) epoch=PlaybackEpoch(raw: 10) planIdLen=2876
[MEM-EVENT] preview.audio.canonical.render.end | sources=2
[MEM-EVENT] preview.audio.canonical.nextChunk.render.end | range=1300800..<1348800 sourceCount=2
[MEM-EVENT] preview.audio.canonical.nextChunk.schedule.begin | range=1300800..<1348800 sources=2
[MEM-EVENT] preview.audio.canonical.nextChunk.schedule.end | range=1300800..<1348800 scheduled=1
[MEM-EVENT] preview.audio.canonical.nextChunk.requested | range=1348800..<1392001 gen=38 inFlight=1
[MEM-EVENT] preview.audio.canonical.nextChunk.render.begin | range=1348800..<1392001 gen=38
[MEM-EVENT] preview.audio.canonical.render.begin | segments=5 range=1348800..<1392001
[MEM-EVENT] preview.audio.stage8.cache.miss | range=1348800..<1392001 revision=ProjectRevision(raw: 10) epoch=PlaybackEpoch(raw: 10) planIdLen=2876
[MEM-EVENT] preview.audio.stage8.render.decode | source=app.audio.source.imported:DF8B8D86-80DD-406F-81F9-ACD36F5E9C2D sourceStart=281/10 frameCount=43200 intersectionFrames=43201 elapsedMs=29.62
[MEM-EVENT] preview.audio.stage8.render.decode | source=app.audio.source.videoLayer:scene-2-3304AAF6-462C-48E7-B553-C8D414899AA7:block_01 sourceStart=418399/48000 frameCount=43201 intersectionFrames=43201 elapsedMs=24.20
[MEM-EVENT] preview.audio.stage8.render.total | range=1348800..<1392001 segments=5 sources=2 elapsedMs=67.51
[MEM-EVENT] preview.audio.stage8.cache.store | range=1348800..<1392001 revision=ProjectRevision(raw: 10) epoch=PlaybackEpoch(raw: 10) planIdLen=2876
[MEM-EVENT] preview.audio.canonical.render.end | sources=2
[MEM-EVENT] preview.audio.canonical.nextChunk.render.end | range=1348800..<1392001 sourceCount=2
[MEM-EVENT] preview.audio.canonical.nextChunk.schedule.begin | range=1348800..<1392001 sources=2
[MEM-EVENT] preview.audio.canonical.nextChunk.schedule.end | range=1348800..<1392001 scheduled=1
[MEM-EVENT] preview.audio.canonical.nextChunk.endOfPlan | planEnd=1392001
[VideoFrameProvider] playback: 61 OK, 0 nil (0.0%) | itemTime=2.000s | lastExtracted=2.033s | active=true
[VideoFrameProvider] playback: 61 OK, 0 nil (0.0%) | itemTime=2.000s | lastExtracted=2.033s | active=true
[PERF] FPS: 30.0 | CPU: 27.0% (1core), 4.5% (all) | MEM: 121MB res, 417MB foot | GPU: n/a | DRAW: avg 0.00ms, p95 0.00ms, max 0.00ms
[VideoFrameProvider] playback: 60 OK, 0 nil (0.0%) | itemTime=4.002s | lastExtracted=4.033s | active=true
[VideoFrameProvider] playback: 60 OK, 0 nil (0.0%) | itemTime=4.005s | lastExtracted=4.033s | active=true
[PERF] FPS: 30.0 | CPU: 28.6% (1core), 4.8% (all) | MEM: 121MB res, 441MB foot | GPU: n/a | DRAW: avg 0.00ms, p95 0.00ms, max 0.00ms
[MEM-EVENT] playback.audio.stop.begin
[MEM-EVENT] displayLink.invalidate | obj=5629661128383082850
[MEM-EVENT] VideoFrameProvider.stopPlayback | obj=2879593938934169324 flush=false hasPlaybackTex=true hasStillTex=true hasInteractiveTex=true hasHoldTex=false
[MEM-EVENT] VideoFrameProvider.stopPlayback | obj=-61160894969377755 flush=false hasPlaybackTex=true hasStillTex=true hasInteractiveTex=true hasHoldTex=false
[PERF] FPS: 21.5 | CPU: 9.7% (1core), 1.6% (all) | MEM: 121MB res, 433MB foot | GPU: n/a | DRAW: avg 0.00ms, p95 0.00ms, max 0.00ms
[FileProjectMediaStore] GC deleted 1 orphan file(s) from Media/UserMedia
[MEM-DIAG] editor.close.before | footprint: 428MB | resident: 122MB | available: 2644MB | metal: n/aMB | SceneInstanceRuntime: 2 | UserMediaService: 3 | VideoFrameProvider: 3
[MEM-EVENT] playback.audio.stop.begin
[MEM-EVENT] EditorViewController.deinit | obj=-3028081729975174645
[MEM-DIAG] editor.close.after | footprint: 427MB | resident: 122MB | available: 2645MB | metal: n/aMB | SceneInstanceRuntime: 2 | UserMediaService: 3 | VideoFrameProvider: 3
[MEM-EVENT] UMS.releasePreview | obj=7224172577548413901 videoProviders=0 setupTasks=0 stillTasks=0 trimTasks=0 activeVideo=0
[MEM-EVENT] TCEngine.releasePreview | runtimes=2 evictCache=true
[MEM-EVENT] VideoFrameProvider.stopPlayback | obj=-6430967479985409174 flush=true hasPlaybackTex=true hasStillTex=true hasInteractiveTex=true hasHoldTex=false
[MEM-EVENT] CVTextureCache.flush | owner=UserMediaTextureFactory
[MEM-EVENT] UMS.releasePreview | obj=-8115184588804931398 videoProviders=1 setupTasks=0 stillTasks=0 trimTasks=0 activeVideo=0
[MEM-EVENT] VideoFrameProvider.release | obj=-6430967479985409174 hasPlaybackTex=false hasStillTex=true hasInteractiveTex=false
[MEM-EVENT] VideoFrameProvider.stopPlayback | obj=-6430967479985409174 flush=true hasPlaybackTex=false hasStillTex=true hasInteractiveTex=false hasHoldTex=false
[MEM-EVENT] CVTextureCache.flush | owner=UserMediaTextureFactory
[MEM-EVENT] CVTextureCache.flush | owner=UserMediaTextureFactory
[MEM-EVENT] VideoFrameProvider.release | obj=-6430967479985409174 hasPlaybackTex=false hasStillTex=false hasInteractiveTex=false
[MEM-EVENT] VideoFrameProvider.stopPlayback | obj=-6430967479985409174 flush=true hasPlaybackTex=false hasStillTex=false hasInteractiveTex=false hasHoldTex=false
[MEM-EVENT] CVTextureCache.flush | owner=UserMediaTextureFactory
[MEM-EVENT] CVTextureCache.flush | owner=UserMediaTextureFactory
[MEM-EVENT] VideoFrameProvider.deinit | obj=-6430967479985409174
[MEM-EVENT] VideoFrameProvider.stopPlayback | obj=2879593938934169324 flush=true hasPlaybackTex=true hasStillTex=true hasInteractiveTex=true hasHoldTex=false
[MEM-EVENT] CVTextureCache.flush | owner=UserMediaTextureFactory
[MEM-EVENT] VideoFrameProvider.stopPlayback | obj=-61160894969377755 flush=true hasPlaybackTex=true hasStillTex=true hasInteractiveTex=true hasHoldTex=false
[MEM-EVENT] CVTextureCache.flush | owner=UserMediaTextureFactory
[MEM-EVENT] UMS.releasePreview | obj=-4021164116063452667 videoProviders=2 setupTasks=0 stillTasks=0 trimTasks=0 activeVideo=0
[MEM-EVENT] VideoFrameProvider.release | obj=2879593938934169324 hasPlaybackTex=false hasStillTex=true hasInteractiveTex=false
[MEM-EVENT] VideoFrameProvider.stopPlayback | obj=2879593938934169324 flush=true hasPlaybackTex=false hasStillTex=true hasInteractiveTex=false hasHoldTex=false
[MEM-EVENT] CVTextureCache.flush | owner=UserMediaTextureFactory
[MEM-EVENT] CVTextureCache.flush | owner=UserMediaTextureFactory
[MEM-EVENT] VideoFrameProvider.release | obj=-61160894969377755 hasPlaybackTex=false hasStillTex=true hasInteractiveTex=false
[MEM-EVENT] VideoFrameProvider.stopPlayback | obj=-61160894969377755 flush=true hasPlaybackTex=false hasStillTex=true hasInteractiveTex=false hasHoldTex=false
[MEM-EVENT] CVTextureCache.flush | owner=UserMediaTextureFactory
[MEM-EVENT] CVTextureCache.flush | owner=UserMediaTextureFactory
[MEM-EVENT] VideoFrameProvider.release | obj=2879593938934169324 hasPlaybackTex=false hasStillTex=false hasInteractiveTex=false
[MEM-EVENT] VideoFrameProvider.stopPlayback | obj=2879593938934169324 flush=true hasPlaybackTex=false hasStillTex=false hasInteractiveTex=false hasHoldTex=false
[MEM-EVENT] CVTextureCache.flush | owner=UserMediaTextureFactory
[MEM-EVENT] CVTextureCache.flush | owner=UserMediaTextureFactory
[MEM-EVENT] VideoFrameProvider.deinit | obj=2879593938934169324
[MEM-EVENT] VideoFrameProvider.release | obj=-61160894969377755 hasPlaybackTex=false hasStillTex=false hasInteractiveTex=false
[MEM-EVENT] VideoFrameProvider.stopPlayback | obj=-61160894969377755 flush=true hasPlaybackTex=false hasStillTex=false hasInteractiveTex=false hasHoldTex=false
[MEM-EVENT] CVTextureCache.flush | owner=UserMediaTextureFactory
[MEM-EVENT] CVTextureCache.flush | owner=UserMediaTextureFactory
[MEM-EVENT] VideoFrameProvider.deinit | obj=-61160894969377755
[MEM-EVENT] SceneTypeCache.evictAll | count=3
[MEM-EVENT] SceneInstanceRuntime.deinit | obj=5926301777833994760 id=1B27C22C-A3AC-4480-9EF0-810D6EB7B169
[MEM-EVENT] UserMediaService.deinit | obj=-8115184588804931398 videoProviders=0
[MEM-EVENT] SceneInstanceRuntime.deinit | obj=152861438077224423 id=8CEC99DF-E1B3-4C0C-8280-7A2D63061E32
[MEM-EVENT] UserMediaService.deinit | obj=-4021164116063452667 videoProviders=0
[MEM-EVENT] Background.clearAll | keys=0
[BackgroundTextureService] Cleared all background textures
[MEM-DIAG] editor.close.afterTeardown | footprint: 106MB | resident: 113MB | available: 2966MB | metal: 52MB | SceneInstanceRuntime: 0 | UserMediaService: 1 | VideoFrameProvider: 0
[MEM-EVENT] EditorRuntime.deinit | obj=5629661128383082850
[MEM-EVENT] UserMediaService.deinit | obj=7224172577548413901 videoProviders=0
[MEM-DIAG] editor.close.after.2s | footprint: 38MB | resident: 112MB | available: 3033MB | metal: 0MB | SceneInstanceRuntime: 0 | UserMediaService: 0 | VideoFrameProvider: 0
