15:58:27  Acquired tunnel connection to device.
15:58:27  Enabling developer disk image services.
15:58:27  Acquired usage assertion.
Launched application with com.animi.app bundle identifier.
Waiting for the application to terminate…
[MEM-EVENT] audio.session.configureOnLaunch | ok=1
[BackgroundPresets] Found index at: /private/var/containers/Bundle/Application/674379F4-7CB0-4841-9C8B-31D872D142EA/AnimiApp.app/BackgroundPresets/presets_index.json
[BackgroundPresets] Loaded preset: solid_fullscreen (1 regions)
[BackgroundPresets] Loaded preset: horizontal_split (2 regions)
[BackgroundPresets] Loaded preset: wave_split (2 regions)
[BackgroundPresets] Loaded preset: diagonal_split (2 regions)
[BackgroundPresets] Loaded 4 presets
[AppCompositionRoot] Loaded 4 background presets
[StickerLibrary] Loaded 6 stickers
[AppCompositionRoot] Loaded 6 stickers
[SceneLibrary] Found manifest at: /private/var/containers/Bundle/Application/674379F4-7CB0-4841-9C8B-31D872D142EA/AnimiApp.app/Scenes/library.json
[MEM-EVENT] compiledPackage.load.summary | file=compiled.tve bytes=45055 read=0.000s validate=0.000s decode=0.007s total=0.007s assets=11
[SceneLibrary] Resolved scene 'example_4blocks' -> /private/var/containers/Bundle/Application/674379F4-7CB0-4841-9C8B-31D872D142EA/AnimiApp.app/Scenes/example_4blocks
[MEM-EVENT] compiledPackage.load.summary | file=compiled.tve bytes=14848 read=0.000s validate=0.000s decode=0.001s total=0.001s assets=6
[SceneLibrary] Resolved scene 'polaroid_shared_demo' -> /private/var/containers/Bundle/Application/674379F4-7CB0-4841-9C8B-31D872D142EA/AnimiApp.app/Scenes/polaroid_shared_demo
[MEM-EVENT] compiledPackage.load.summary | file=compiled.tve bytes=20562 read=0.000s validate=0.000s decode=0.002s total=0.002s assets=8
[SceneLibrary] Resolved scene 'polaroid_2' -> /private/var/containers/Bundle/Application/674379F4-7CB0-4841-9C8B-31D872D142EA/AnimiApp.app/Scenes/polaroid_2
[MEM-EVENT] compiledPackage.load.summary | file=compiled.tve bytes=10044 read=0.000s validate=0.000s decode=0.001s total=0.001s assets=4
[SceneLibrary] Resolved scene 'full_image' -> /private/var/containers/Bundle/Application/674379F4-7CB0-4841-9C8B-31D872D142EA/AnimiApp.app/Scenes/full_image
[MEM-EVENT] compiledPackage.load.summary | file=compiled.tve bytes=10044 read=0.000s validate=0.000s decode=0.001s total=0.001s assets=4
[SceneLibrary] Resolved scene 'blank_starter' -> /private/var/containers/Bundle/Application/674379F4-7CB0-4841-9C8B-31D872D142EA/AnimiApp.app/Scenes/blank_starter
[Catalog] Found manifest at: /private/var/containers/Bundle/Application/674379F4-7CB0-4841-9C8B-31D872D142EA/AnimiApp.app/Templates/Catalog/manifest.json
[FileProjectMediaStore] GC deleted 2 orphan file(s) from Media/UserMedia
[MEM-DIAG] editor.boot.before | footprint: 15MB | resident: 62MB | available: 3056MB | metal: n/aMB | 
[MEM-EVENT] bootstrap.prepare.start | requestId=CBE3C1BF-517C-43F1-8F0B-A885505D965F sceneTypeId=full_image obj=279604350684345176
[MEM-EVENT] compiledPackage.load.summary | file=compiled.tve bytes=10044 read=0.000s validate=0.000s decode=0.001s total=0.001s assets=4
[MEM-EVENT] sceneTypeLoad.summary | id=full_image package=0.001s localIndex=0.000s sharedIndex=0.000s resolver=0.000s total=0.001s
[MEM-EVENT] initialScene.load.summary | id=full_image pipeline=0.001s player=0.000s provider=0.000s preload=0.042s total=0.043s
[MEM-EVENT] bootstrap.load.summary | sceneTypeId=full_image duration=0.04s
[MEM-EVENT] bootstrap.prepare.loaded | requestId=CBE3C1BF-517C-43F1-8F0B-A885505D965F
[MEM-EVENT] bootstrap.prepare.apply | requestId=CBE3C1BF-517C-43F1-8F0B-A885505D965F obj=279604350684345176
[PerfCounter] applySnapshot(scene): 1
[PerfCounter] applySnapshot(scene): 2
[PerfCounter] applySnapshot(scene): 3
[PerfCounter] applySnapshot(scene): 4
[MEM-EVENT] UserMediaService.init | obj=8477779432711704459
[MEM-EVENT] preview.audio.select | toggle=ON controller=Legacy
[MEM-EVENT] preview.audio.engine.teardown
[MEM-EVENT] preview.audio.canonical.selected | toggle=ON controller=CanonicalPreviewAudioController
[MEM-EVENT] preview.audio.prepare | canonicalIdlePrepareSkipped=1
[MEM-EVENT] bootstrap.boot.summary | duration=0.00s
[MEM-DIAG] editor.boot.after | footprint: 49MB | resident: 95MB | available: 3022MB | metal: 11MB | UserMediaService: 1
[MEM-EVENT] bootstrap.apply.summary | duration=0.01s
[MEM-EVENT] bootstrap.prepare.summary | sceneTypeId=full_image duration=0.05s outcome=success
[MEM-EVENT] Runtime.create.start | id=1B27C22C-A3AC-4480-9EF0-810D6EB7B169 sceneType=full_image
[MEM-EVENT] SceneTypeCache.preload.start | id=full_image cached=0
[MEM-EVENT] compiledPackage.load.summary | file=compiled.tve bytes=10044 read=0.000s validate=0.000s decode=0.001s total=0.001s assets=4
[MEM-EVENT] sceneTypeLoad.summary | id=full_image package=0.001s localIndex=0.000s sharedIndex=0.000s resolver=0.000s total=0.001s
[MEM-EVENT] SceneTypeCache.preload.summary | id=full_image source=cold io=0.00s provider=0.00s textures=0.04s total=0.04s
[MEM-EVENT] SceneTypeCache.preload.stored | id=full_image total=1 ids=full_image
[MEM-EVENT] UserMediaService.init | obj=3110974435071071151
[MEM-EVENT] SceneInstanceRuntime.init | obj=-7705747425259371512 id=1B27C22C-A3AC-4480-9EF0-810D6EB7B169 type=full_image
[MEM-EVENT] UMS.cleanupVideo | obj=3110974435071071151 blockId=block_01
[MEM-EVENT] CVTextureCache.create | owner=UserMediaTextureFactory
[MEM-EVENT] VideoFrameProvider.init | obj=-3581415768655733045
[MediaRestoreCoordinator] Restored video for block_01: presentOnReady=true, success
[MEM-EVENT] SceneInstanceRuntime.applyState | obj=-7705747425259371512 id=1B27C22C-A3AC-4480-9EF0-810D6EB7B169 restored=1
[MEM-EVENT] Runtime.create.complete | id=1B27C22C-A3AC-4480-9EF0-810D6EB7B169 outcome=success total=1
[MEM-EVENT] SceneInstanceRuntime.prepare | obj=-7705747425259371512 id=1B27C22C-A3AC-4480-9EF0-810D6EB7B169 frame=0
[VideoFrameProvider] READY: 1B27C22C-A3AC-4480-9EF0-810D6EB7B169_block_01_D6CA418E-C918-4CD3-8816-B0D31A2FD7B9.mov | dur=46.64s | sceneFPS=30.0 | trackFPS=25.00 | size=1920x1080 | transform=[0.0,1.0,-1.0,0.0,1080.0,0.0]
[SceneInstanceRuntime] Ready for presentation at frame 0: 1B27C22C-A3AC-4480-9EF0-810D6EB7B169
[DEBUG] compositeMaskedQuad params:
  quadIndexCount: 6
  quadIndexBuffer.length: 12
  bbox: x=296, y=0, w=578, h=1017
  content texture: 578x1017
  mask texture: 578x1017
[MEM-EVENT] audio.session.configure | ok=1
[MEM-EVENT] audio.session.activate.begin
[MEM-EVENT] audio.session.activate.end | ok=1
[MEM-EVENT] Runtime.create.start | id=8CEC99DF-E1B3-4C0C-8280-7A2D63061E32 sceneType=polaroid_2
[MEM-EVENT] SceneTypeCache.preload.start | id=polaroid_2 cached=1
[MEM-EVENT] compiledPackage.load.summary | file=compiled.tve bytes=20562 read=0.001s validate=0.000s decode=0.008s total=0.009s assets=8
[MEM-EVENT] sceneTypeLoad.summary | id=polaroid_2 package=0.012s localIndex=0.001s sharedIndex=0.000s resolver=0.000s total=0.013s
[MEM-EVENT] SceneTypeCache.preload.summary | id=polaroid_2 source=cold io=0.01s provider=0.00s textures=0.14s total=0.15s
[MEM-EVENT] SceneTypeCache.preload.stored | id=polaroid_2 total=2 ids=full_image,polaroid_2
[MEM-EVENT] UserMediaService.init | obj=1799943264383946805
[MEM-EVENT] SceneInstanceRuntime.init | obj=-6307870760953291935 id=8CEC99DF-E1B3-4C0C-8280-7A2D63061E32 type=polaroid_2
[MEM-EVENT] UMS.cleanupVideo | obj=1799943264383946805 blockId=block_02
[MEM-EVENT] CVTextureCache.create | owner=UserMediaTextureFactory
[MEM-EVENT] VideoFrameProvider.init | obj=-1000523602809374991
[MediaRestoreCoordinator] Restored video for block_02: presentOnReady=true, success
[MEM-EVENT] UMS.cleanupVideo | obj=1799943264383946805 blockId=block_01
[MEM-EVENT] CVTextureCache.create | owner=UserMediaTextureFactory
[MEM-EVENT] VideoFrameProvider.init | obj=6014809110389477349
[MediaRestoreCoordinator] Restored video for block_01: presentOnReady=true, success
[MEM-EVENT] SceneInstanceRuntime.applyState | obj=-6307870760953291935 id=8CEC99DF-E1B3-4C0C-8280-7A2D63061E32 restored=2
[MEM-EVENT] Runtime.create.complete | id=8CEC99DF-E1B3-4C0C-8280-7A2D63061E32 outcome=success total=2
[MEM-EVENT] SceneInstanceRuntime.prepare | obj=-6307870760953291935 id=8CEC99DF-E1B3-4C0C-8280-7A2D63061E32 frame=0
[VideoFrameProvider] READY: 8CEC99DF-E1B3-4C0C-8280-7A2D63061E32_block_02_E27C9256-DED1-4C94-B4DE-B38C9F2587DC.mov | dur=7.73s | sceneFPS=30.0 | trackFPS=59.91 | size=1920x1080 | transform=[1.0,0.0,0.0,1.0,0.0,0.0]
[VideoFrameProvider] READY: 8CEC99DF-E1B3-4C0C-8280-7A2D63061E32_block_01_84C8DC9A-611F-43C8-8DA1-F1E3EFF676C9.mov | dur=11.08s | sceneFPS=30.0 | trackFPS=24.99 | size=1920x1080 | transform=[0.0,1.0,-1.0,0.0,1080.0,0.0]
[SceneInstanceRuntime] Ready for presentation at frame 0: 8CEC99DF-E1B3-4C0C-8280-7A2D63061E32
[MEM-EVENT] playback.audio.start.begin | compressedFrame=0 projectTimeUs=0 state=timelinePreview isPlayingBefore=0
[MEM-EVENT] displayLink.create | obj=-3400203867621856182
[MEM-DIAG] playback.start | footprint: 137MB | resident: 101MB | available: 2935MB | metal: 95MB | SceneInstanceRuntime: 2 | UserMediaService: 3 | VideoFrameProvider: 3
[MEM-EVENT] playback.audio.previewStart.call | projectTimeUs=0 hostTime=193895.3567141667
[MEM-EVENT] preview.audio.select | toggle=ON controller=Canonical
[MEM-EVENT] preview.audio.start | dirty=1 hasPipeline=0 readiness=idle
[MEM-EVENT] preview.audio.canonical.legacyGateBypassed | seconds=0.0 hostTime=193895.3567141667
[MEM-EVENT] preview.audio.canonical.startPlayback.call | seconds=0.0
[MEM-EVENT] preview.audio.stage8.startPlayback.call | sinceStartMs=0.00 fromSeconds=0.0
[MEM-EVENT] preview.audio.stage8.plan.eval | sinceStartMs=5.28 elapsedMs=5.17 segments=5
[MEM-EVENT] preview.audio.canonical.plan | segments=5 fromSeconds=0.0
[MEM-EVENT] preview.audio.stage8.setup.end | sinceStartMs=72.69 graph+session+output+anchor done
[MEM-EVENT] preview.audio.canonical.preroll.build.begin | planSegments=5 range=0..<9600 gen=2
[MEM-EVENT] preview.audio.stage8.preroll.begin | sinceStartMs=72.78 range=0..<9600 sampleCount=9600 initialPrerollSamples=9600 maxChunkSamples=48000
[VideoFrameProvider] playback: 1 OK, 0 nil (0.0%) | itemTime=0.066s | lastExtracted=0.098s | active=true
[MEM-EVENT] preview.audio.canonical.firstFrameSignal | delivered=1
[MEM-EVENT] preview.audio.stage8.firstFrameSignal | sinceStartMs=74.10 barrierReason=firstFrameArrivedPrerollNotReady
[MEM-EVENT] preview.audio.canonical.render.begin | segments=5 range=0..<9600
[MEM-EVENT] preview.audio.stage8.cache.miss | range=0..<9600 revision=ProjectRevision(raw: 1) epoch=PlaybackEpoch(raw: 1) planIdLen=2830
[MEM-EVENT] preview.audio.stage8.render.decode | source=app.audio.source.imported:531F4D44-3E03-4BAF-AC42-E5B4D308A7F2 sourceStart=0/1 frameCount=9600 elapsedMs=95.90
[MEM-EVENT] preview.audio.stage8.render.decode | source=app.audio.source.videoLayer:scene-0-1B27C22C-A3AC-4480-9EF0-810D6EB7B169:block_01 sourceStart=0/1 frameCount=9600 elapsedMs=26.66
[MEM-EVENT] preview.audio.stage8.render.total | range=0..<9600 segments=5 sources=2 elapsedMs=126.30
[MEM-EVENT] preview.audio.stage8.cache.store | range=0..<9600 revision=ProjectRevision(raw: 1) epoch=PlaybackEpoch(raw: 1) planIdLen=2830
[MEM-EVENT] preview.audio.canonical.render.end | sources=2
[MEM-EVENT] preview.audio.canonical.preroll.build.end | sourceCount=2 bufferCount=2
[MEM-EVENT] preview.audio.stage8.preroll.end | sinceStartMs=207.57 renderElapsedMs=134.78 sourceCount=2
[MEM-EVENT] preview.audio.stage8.barrier.cross | sinceStartMs=207.58
[MEM-EVENT] preview.audio.canonical.graph.schedule.begin | sources=2
[MEM-EVENT] preview.audio.canonical.graph.schedule.end | scheduled=1
[MEM-EVENT] preview.audio.stage8.graph.schedule.end | sinceStartMs=237.85 scheduleMs=30.27
[MEM-EVENT] preview.audio.canonical.engine.start.begin
[MEM-EVENT] preview.audio.canonical.player.play.begin
[MEM-EVENT] preview.audio.canonical.player.play.end
[MEM-EVENT] preview.audio.canonical.engine.start.end
[MEM-EVENT] preview.audio.stage8.player.play.end | sinceStartMs=237.89 playStartMs=0.03
[MEM-EVENT] preview.audio.canonical.scheduled | scheduled=1 sources=2 started=1
[MEM-EVENT] preview.audio.stage8.scheduled.total | sinceStartMs=237.90 totalStartToScheduledMs=237.90
[MEM-EVENT] preview.audio.canonical.nextChunk.requested | range=9600..<57600 gen=2 inFlight=1
[MEM-EVENT] preview.audio.canonical.nextChunk.render.begin | range=9600..<57600 gen=2
[MEM-EVENT] preview.audio.canonical.render.begin | segments=5 range=9600..<57600
[MEM-EVENT] preview.audio.stage8.cache.miss | range=9600..<57600 revision=ProjectRevision(raw: 1) epoch=PlaybackEpoch(raw: 1) planIdLen=2830
[MEM-EVENT] preview.audio.stage8.render.decode | source=app.audio.source.imported:531F4D44-3E03-4BAF-AC42-E5B4D308A7F2 sourceStart=1/5 frameCount=48000 elapsedMs=28.73
[MEM-EVENT] preview.audio.stage8.render.decode | source=app.audio.source.videoLayer:scene-0-1B27C22C-A3AC-4480-9EF0-810D6EB7B169:block_01 sourceStart=1/5 frameCount=48000 elapsedMs=24.23
[MEM-EVENT] preview.audio.stage8.render.total | range=9600..<57600 segments=5 sources=2 elapsedMs=67.33
[MEM-EVENT] preview.audio.stage8.cache.store | range=9600..<57600 revision=ProjectRevision(raw: 1) epoch=PlaybackEpoch(raw: 1) planIdLen=2830
[MEM-EVENT] preview.audio.canonical.render.end | sources=2
[MEM-EVENT] preview.audio.canonical.nextChunk.render.end | range=9600..<57600 sourceCount=2
[MEM-EVENT] preview.audio.canonical.nextChunk.schedule.begin | range=9600..<57600 sources=2
[MEM-EVENT] preview.audio.canonical.nextChunk.schedule.end | range=9600..<57600 scheduled=1
[MEM-EVENT] preview.audio.canonical.nextChunk.requested | range=57600..<105600 gen=2 inFlight=1
[MEM-EVENT] preview.audio.canonical.nextChunk.render.begin | range=57600..<105600 gen=2
[MEM-EVENT] preview.audio.canonical.render.begin | segments=5 range=57600..<105600
[MEM-EVENT] preview.audio.stage8.cache.miss | range=57600..<105600 revision=ProjectRevision(raw: 1) epoch=PlaybackEpoch(raw: 1) planIdLen=2830
[MEM-EVENT] preview.audio.stage8.render.decode | source=app.audio.source.imported:531F4D44-3E03-4BAF-AC42-E5B4D308A7F2 sourceStart=6/5 frameCount=48000 elapsedMs=30.13
[MEM-EVENT] preview.audio.stage8.render.decode | source=app.audio.source.videoLayer:scene-0-1B27C22C-A3AC-4480-9EF0-810D6EB7B169:block_01 sourceStart=6/5 frameCount=48000 elapsedMs=25.98
[MEM-EVENT] preview.audio.stage8.render.total | range=57600..<105600 segments=5 sources=2 elapsedMs=69.85
[MEM-EVENT] preview.audio.stage8.cache.store | range=57600..<105600 revision=ProjectRevision(raw: 1) epoch=PlaybackEpoch(raw: 1) planIdLen=2830
[MEM-EVENT] preview.audio.canonical.render.end | sources=2
[MEM-EVENT] preview.audio.canonical.nextChunk.render.end | range=57600..<105600 sourceCount=2
[MEM-EVENT] preview.audio.canonical.nextChunk.schedule.begin | range=57600..<105600 sources=2
[MEM-EVENT] preview.audio.canonical.nextChunk.schedule.end | range=57600..<105600 scheduled=1
[MEM-EVENT] preview.audio.canonical.nextChunk.requested | range=105600..<153600 gen=2 inFlight=1
[MEM-EVENT] preview.audio.canonical.nextChunk.render.begin | range=105600..<153600 gen=2
[MEM-EVENT] preview.audio.canonical.render.begin | segments=5 range=105600..<153600
[MEM-EVENT] preview.audio.stage8.cache.miss | range=105600..<153600 revision=ProjectRevision(raw: 1) epoch=PlaybackEpoch(raw: 1) planIdLen=2830
[MEM-EVENT] preview.audio.stage8.render.decode | source=app.audio.source.imported:531F4D44-3E03-4BAF-AC42-E5B4D308A7F2 sourceStart=11/5 frameCount=48000 elapsedMs=30.36
[MEM-EVENT] preview.audio.stage8.render.decode | source=app.audio.source.videoLayer:scene-0-1B27C22C-A3AC-4480-9EF0-810D6EB7B169:block_01 sourceStart=11/5 frameCount=48000 elapsedMs=24.37
[MEM-EVENT] preview.audio.stage8.render.total | range=105600..<153600 segments=5 sources=2 elapsedMs=68.38
[MEM-EVENT] preview.audio.stage8.cache.store | range=105600..<153600 revision=ProjectRevision(raw: 1) epoch=PlaybackEpoch(raw: 1) planIdLen=2830
[MEM-EVENT] preview.audio.canonical.render.end | sources=2
[MEM-EVENT] preview.audio.canonical.nextChunk.render.end | range=105600..<153600 sourceCount=2
[MEM-EVENT] preview.audio.canonical.nextChunk.schedule.begin | range=105600..<153600 sources=2
[MEM-EVENT] preview.audio.canonical.nextChunk.schedule.end | range=105600..<153600 scheduled=1
[MEM-EVENT] preview.audio.canonical.nextChunk.requested | range=153600..<201600 gen=2 inFlight=1
[MEM-EVENT] preview.audio.canonical.nextChunk.render.begin | range=153600..<201600 gen=2
[MEM-EVENT] preview.audio.canonical.render.begin | segments=5 range=153600..<201600
[MEM-EVENT] preview.audio.stage8.cache.miss | range=153600..<201600 revision=ProjectRevision(raw: 1) epoch=PlaybackEpoch(raw: 1) planIdLen=2830
[MEM-EVENT] preview.audio.stage8.render.decode | source=app.audio.source.imported:531F4D44-3E03-4BAF-AC42-E5B4D308A7F2 sourceStart=16/5 frameCount=48000 elapsedMs=30.57
[MEM-EVENT] preview.audio.stage8.render.decode | source=app.audio.source.videoLayer:scene-0-1B27C22C-A3AC-4480-9EF0-810D6EB7B169:block_01 sourceStart=16/5 frameCount=48000 elapsedMs=23.59
[MEM-EVENT] preview.audio.stage8.render.total | range=153600..<201600 segments=5 sources=2 elapsedMs=69.04
[MEM-EVENT] preview.audio.stage8.cache.store | range=153600..<201600 revision=ProjectRevision(raw: 1) epoch=PlaybackEpoch(raw: 1) planIdLen=2830
[MEM-EVENT] preview.audio.canonical.render.end | sources=2
[MEM-EVENT] preview.audio.canonical.nextChunk.render.end | range=153600..<201600 sourceCount=2
[MEM-EVENT] preview.audio.canonical.nextChunk.schedule.begin | range=153600..<201600 sources=2
[MEM-EVENT] preview.audio.canonical.nextChunk.schedule.end | range=153600..<201600 scheduled=1
[MEM-EVENT] preview.audio.canonical.nextChunk.requested | range=201600..<249600 gen=2 inFlight=1
[MEM-EVENT] preview.audio.canonical.nextChunk.render.begin | range=201600..<249600 gen=2
[MEM-EVENT] preview.audio.canonical.render.begin | segments=5 range=201600..<249600
[MEM-EVENT] preview.audio.stage8.cache.miss | range=201600..<249600 revision=ProjectRevision(raw: 1) epoch=PlaybackEpoch(raw: 1) planIdLen=2830
[MEM-EVENT] preview.audio.stage8.render.decode | source=app.audio.source.imported:531F4D44-3E03-4BAF-AC42-E5B4D308A7F2 sourceStart=21/5 frameCount=48000 elapsedMs=29.41
[MEM-EVENT] preview.audio.stage8.render.decode | source=app.audio.source.videoLayer:scene-0-1B27C22C-A3AC-4480-9EF0-810D6EB7B169:block_01 sourceStart=21/5 frameCount=48000 elapsedMs=23.91
[MEM-EVENT] preview.audio.stage8.render.total | range=201600..<249600 segments=5 sources=2 elapsedMs=67.27
[MEM-EVENT] preview.audio.stage8.cache.store | range=201600..<249600 revision=ProjectRevision(raw: 1) epoch=PlaybackEpoch(raw: 1) planIdLen=2830
[MEM-EVENT] preview.audio.canonical.render.end | sources=2
[MEM-EVENT] preview.audio.canonical.nextChunk.render.end | range=201600..<249600 sourceCount=2
[MEM-EVENT] preview.audio.canonical.nextChunk.schedule.begin | range=201600..<249600 sources=2
[MEM-EVENT] preview.audio.canonical.nextChunk.schedule.end | range=201600..<249600 scheduled=1
[MEM-EVENT] preview.audio.canonical.nextChunk.requested | range=249600..<297600 gen=2 inFlight=1
[MEM-EVENT] preview.audio.canonical.nextChunk.render.begin | range=249600..<297600 gen=2
[MEM-EVENT] preview.audio.canonical.render.begin | segments=5 range=249600..<297600
[MEM-EVENT] preview.audio.stage8.cache.miss | range=249600..<297600 revision=ProjectRevision(raw: 1) epoch=PlaybackEpoch(raw: 1) planIdLen=2830
[MEM-EVENT] preview.audio.stage8.render.decode | source=app.audio.source.imported:531F4D44-3E03-4BAF-AC42-E5B4D308A7F2 sourceStart=26/5 frameCount=48000 elapsedMs=29.13
[MEM-EVENT] preview.audio.stage8.render.decode | source=app.audio.source.videoLayer:scene-0-1B27C22C-A3AC-4480-9EF0-810D6EB7B169:block_01 sourceStart=26/5 frameCount=48000 elapsedMs=24.45
[MEM-EVENT] preview.audio.stage8.render.total | range=249600..<297600 segments=5 sources=2 elapsedMs=67.85
[MEM-EVENT] preview.audio.stage8.cache.store | range=249600..<297600 revision=ProjectRevision(raw: 1) epoch=PlaybackEpoch(raw: 1) planIdLen=2830
[MEM-EVENT] preview.audio.canonical.render.end | sources=2
[MEM-EVENT] preview.audio.canonical.nextChunk.render.end | range=249600..<297600 sourceCount=2
[MEM-EVENT] preview.audio.canonical.nextChunk.schedule.begin | range=249600..<297600 sources=2
[MEM-EVENT] preview.audio.canonical.nextChunk.schedule.end | range=249600..<297600 scheduled=1
[MEM-EVENT] preview.audio.canonical.nextChunk.requested | range=297600..<345600 gen=2 inFlight=1
[MEM-EVENT] preview.audio.canonical.nextChunk.render.begin | range=297600..<345600 gen=2
[MEM-EVENT] preview.audio.canonical.render.begin | segments=5 range=297600..<345600
[MEM-EVENT] preview.audio.stage8.cache.miss | range=297600..<345600 revision=ProjectRevision(raw: 1) epoch=PlaybackEpoch(raw: 1) planIdLen=2830
[MEM-EVENT] preview.audio.stage8.render.decode | source=app.audio.source.imported:531F4D44-3E03-4BAF-AC42-E5B4D308A7F2 sourceStart=31/5 frameCount=48000 elapsedMs=29.38
[MEM-EVENT] preview.audio.stage8.render.decode | source=app.audio.source.videoLayer:scene-0-1B27C22C-A3AC-4480-9EF0-810D6EB7B169:block_01 sourceStart=31/5 frameCount=20001 elapsedMs=24.84
[MEM-EVENT] preview.audio.stage8.render.decode | source=app.audio.source.videoLayer:scene-1-8CEC99DF-E1B3-4C0C-8280-7A2D63061E32:block_01 sourceStart=0/1 frameCount=27999 elapsedMs=23.28
[MEM-EVENT] preview.audio.stage8.render.decode | source=app.audio.source.videoLayer:scene-1-8CEC99DF-E1B3-4C0C-8280-7A2D63061E32:block_02 sourceStart=0/1 frameCount=27999 elapsedMs=23.41
[MEM-EVENT] preview.audio.stage8.render.total | range=297600..<345600 segments=5 sources=4 elapsedMs=119.66
[MEM-EVENT] preview.audio.stage8.cache.store | range=297600..<345600 revision=ProjectRevision(raw: 1) epoch=PlaybackEpoch(raw: 1) planIdLen=2830
[MEM-EVENT] preview.audio.canonical.render.end | sources=4
[MEM-EVENT] preview.audio.canonical.nextChunk.render.end | range=297600..<345600 sourceCount=4
[MEM-EVENT] preview.audio.canonical.nextChunk.schedule.begin | range=297600..<345600 sources=4
[MEM-EVENT] preview.audio.canonical.nextChunk.schedule.end | range=297600..<345600 scheduled=1
[MEM-EVENT] preview.audio.canonical.nextChunk.requested | range=345600..<393600 gen=2 inFlight=1
[MEM-EVENT] preview.audio.canonical.nextChunk.render.begin | range=345600..<393600 gen=2
[MEM-EVENT] preview.audio.canonical.render.begin | segments=5 range=345600..<393600
[MEM-EVENT] preview.audio.stage8.cache.miss | range=345600..<393600 revision=ProjectRevision(raw: 1) epoch=PlaybackEpoch(raw: 1) planIdLen=2830
[MEM-EVENT] preview.audio.stage8.render.decode | source=app.audio.source.imported:531F4D44-3E03-4BAF-AC42-E5B4D308A7F2 sourceStart=36/5 frameCount=48000 elapsedMs=29.88
[MEM-EVENT] preview.audio.stage8.render.decode | source=app.audio.source.videoLayer:scene-1-8CEC99DF-E1B3-4C0C-8280-7A2D63061E32:block_01 sourceStart=9333/16000 frameCount=48000 elapsedMs=24.95
[MEM-EVENT] preview.audio.stage8.render.decode | source=app.audio.source.videoLayer:scene-1-8CEC99DF-E1B3-4C0C-8280-7A2D63061E32:block_02 sourceStart=9333/16000 frameCount=48000 elapsedMs=25.49
[MEM-EVENT] preview.audio.stage8.render.total | range=345600..<393600 segments=5 sources=3 elapsedMs=101.52
[MEM-EVENT] preview.audio.stage8.cache.store | range=345600..<393600 revision=ProjectRevision(raw: 1) epoch=PlaybackEpoch(raw: 1) planIdLen=2830
[MEM-EVENT] preview.audio.canonical.render.end | sources=3
[MEM-EVENT] preview.audio.canonical.nextChunk.render.end | range=345600..<393600 sourceCount=3
[MEM-EVENT] preview.audio.canonical.nextChunk.schedule.begin | range=345600..<393600 sources=3
[MEM-EVENT] preview.audio.canonical.nextChunk.schedule.end | range=345600..<393600 scheduled=1
[MEM-EVENT] preview.audio.canonical.nextChunk.requested | range=393600..<441600 gen=2 inFlight=1
[MEM-EVENT] preview.audio.canonical.nextChunk.render.begin | range=393600..<441600 gen=2
[MEM-EVENT] preview.audio.canonical.render.begin | segments=5 range=393600..<441600
[MEM-EVENT] preview.audio.stage8.cache.miss | range=393600..<441600 revision=ProjectRevision(raw: 1) epoch=PlaybackEpoch(raw: 1) planIdLen=2830
[MEM-EVENT] preview.audio.stage8.render.decode | source=app.audio.source.imported:531F4D44-3E03-4BAF-AC42-E5B4D308A7F2 sourceStart=41/5 frameCount=48000 elapsedMs=29.45
[MEM-EVENT] preview.audio.stage8.render.decode | source=app.audio.source.videoLayer:scene-1-8CEC99DF-E1B3-4C0C-8280-7A2D63061E32:block_01 sourceStart=25333/16000 frameCount=48000 elapsedMs=24.57
[MEM-EVENT] preview.audio.stage8.render.decode | source=app.audio.source.videoLayer:scene-1-8CEC99DF-E1B3-4C0C-8280-7A2D63061E32:block_02 sourceStart=25333/16000 frameCount=48000 elapsedMs=24.57
[MEM-EVENT] preview.audio.stage8.render.total | range=393600..<441600 segments=5 sources=3 elapsedMs=99.55
[MEM-EVENT] preview.audio.stage8.cache.store | range=393600..<441600 revision=ProjectRevision(raw: 1) epoch=PlaybackEpoch(raw: 1) planIdLen=2830
[MEM-EVENT] preview.audio.canonical.render.end | sources=3
[MEM-EVENT] preview.audio.canonical.nextChunk.render.end | range=393600..<441600 sourceCount=3
[MEM-EVENT] preview.audio.canonical.nextChunk.schedule.begin | range=393600..<441600 sources=3
[MEM-EVENT] preview.audio.canonical.nextChunk.schedule.end | range=393600..<441600 scheduled=1
[MEM-EVENT] preview.audio.canonical.nextChunk.requested | range=441600..<489600 gen=2 inFlight=1
[MEM-EVENT] preview.audio.canonical.nextChunk.render.begin | range=441600..<489600 gen=2
[MEM-EVENT] preview.audio.canonical.render.begin | segments=5 range=441600..<489600
[MEM-EVENT] preview.audio.stage8.cache.miss | range=441600..<489600 revision=ProjectRevision(raw: 1) epoch=PlaybackEpoch(raw: 1) planIdLen=2830
[MEM-EVENT] preview.audio.stage8.render.decode | source=app.audio.source.imported:531F4D44-3E03-4BAF-AC42-E5B4D308A7F2 sourceStart=46/5 frameCount=48000 elapsedMs=31.16
[MEM-EVENT] preview.audio.stage8.render.decode | source=app.audio.source.videoLayer:scene-1-8CEC99DF-E1B3-4C0C-8280-7A2D63061E32:block_01 sourceStart=41333/16000 frameCount=48000 elapsedMs=24.60
[PERF] FPS: 21.0 | CPU: 47.4% (1core), 7.9% (all) | MEM: 105MB res, 226MB foot | GPU: n/a | DRAW: avg 0.00ms, p95 0.00ms, max 0.00ms
[MEM-EVENT] preview.audio.stage8.render.decode | source=app.audio.source.videoLayer:scene-1-8CEC99DF-E1B3-4C0C-8280-7A2D63061E32:block_02 sourceStart=41333/16000 frameCount=48000 elapsedMs=24.76
[MEM-EVENT] preview.audio.stage8.render.total | range=441600..<489600 segments=5 sources=3 elapsedMs=101.14
[MEM-EVENT] preview.audio.stage8.cache.store | range=441600..<489600 revision=ProjectRevision(raw: 1) epoch=PlaybackEpoch(raw: 1) planIdLen=2830
[MEM-EVENT] preview.audio.canonical.render.end | sources=3
[MEM-EVENT] preview.audio.canonical.nextChunk.render.end | range=441600..<489600 sourceCount=3
[MEM-EVENT] preview.audio.canonical.nextChunk.schedule.begin | range=441600..<489600 sources=3
[MEM-EVENT] preview.audio.canonical.nextChunk.schedule.end | range=441600..<489600 scheduled=1
[MEM-EVENT] preview.audio.canonical.nextChunk.requested | range=489600..<537600 gen=2 inFlight=1
[MEM-EVENT] preview.audio.canonical.nextChunk.render.begin | range=489600..<537600 gen=2
[MEM-EVENT] preview.audio.canonical.render.begin | segments=5 range=489600..<537600
[MEM-EVENT] preview.audio.stage8.cache.miss | range=489600..<537600 revision=ProjectRevision(raw: 1) epoch=PlaybackEpoch(raw: 1) planIdLen=2830
[MEM-EVENT] preview.audio.stage8.render.decode | source=app.audio.source.imported:531F4D44-3E03-4BAF-AC42-E5B4D308A7F2 sourceStart=51/5 frameCount=48000 elapsedMs=29.99
[MEM-EVENT] preview.audio.stage8.render.decode | source=app.audio.source.videoLayer:scene-1-8CEC99DF-E1B3-4C0C-8280-7A2D63061E32:block_01 sourceStart=57333/16000 frameCount=48000 elapsedMs=26.51
[MEM-EVENT] preview.audio.stage8.render.decode | source=app.audio.source.videoLayer:scene-1-8CEC99DF-E1B3-4C0C-8280-7A2D63061E32:block_02 sourceStart=57333/16000 frameCount=48000 elapsedMs=26.34
[MEM-EVENT] preview.audio.stage8.render.total | range=489600..<537600 segments=5 sources=3 elapsedMs=103.34
[MEM-EVENT] preview.audio.stage8.cache.store | range=489600..<537600 revision=ProjectRevision(raw: 1) epoch=PlaybackEpoch(raw: 1) planIdLen=2830
[MEM-EVENT] preview.audio.canonical.render.end | sources=3
[MEM-EVENT] preview.audio.canonical.nextChunk.render.end | range=489600..<537600 sourceCount=3
[MEM-EVENT] preview.audio.canonical.nextChunk.schedule.begin | range=489600..<537600 sources=3
[MEM-EVENT] preview.audio.canonical.nextChunk.schedule.end | range=489600..<537600 scheduled=1
[MEM-EVENT] preview.audio.canonical.nextChunk.requested | range=537600..<585600 gen=2 inFlight=1
[MEM-EVENT] preview.audio.canonical.nextChunk.render.begin | range=537600..<585600 gen=2
[MEM-EVENT] preview.audio.canonical.render.begin | segments=5 range=537600..<585600
[MEM-EVENT] preview.audio.stage8.cache.miss | range=537600..<585600 revision=ProjectRevision(raw: 1) epoch=PlaybackEpoch(raw: 1) planIdLen=2830
[MEM-EVENT] preview.audio.stage8.render.decode | source=app.audio.source.imported:531F4D44-3E03-4BAF-AC42-E5B4D308A7F2 sourceStart=56/5 frameCount=48000 elapsedMs=30.35
[MEM-EVENT] preview.audio.stage8.render.decode | source=app.audio.source.videoLayer:scene-1-8CEC99DF-E1B3-4C0C-8280-7A2D63061E32:block_01 sourceStart=73333/16000 frameCount=48000 elapsedMs=24.13
[MEM-EVENT] preview.audio.stage8.render.decode | source=app.audio.source.videoLayer:scene-1-8CEC99DF-E1B3-4C0C-8280-7A2D63061E32:block_02 sourceStart=73333/16000 frameCount=48000 elapsedMs=24.78
[MEM-EVENT] preview.audio.stage8.render.total | range=537600..<585600 segments=5 sources=3 elapsedMs=99.64
[MEM-EVENT] preview.audio.stage8.cache.store | range=537600..<585600 revision=ProjectRevision(raw: 1) epoch=PlaybackEpoch(raw: 1) planIdLen=2830
[MEM-EVENT] preview.audio.canonical.render.end | sources=3
[MEM-EVENT] preview.audio.canonical.nextChunk.render.end | range=537600..<585600 sourceCount=3
[MEM-EVENT] preview.audio.canonical.nextChunk.schedule.begin | range=537600..<585600 sources=3
[MEM-EVENT] preview.audio.canonical.nextChunk.schedule.end | range=537600..<585600 scheduled=1
[MEM-EVENT] preview.audio.canonical.nextChunk.requested | range=585600..<633600 gen=2 inFlight=1
[MEM-EVENT] preview.audio.canonical.nextChunk.render.begin | range=585600..<633600 gen=2
[MEM-EVENT] preview.audio.canonical.render.begin | segments=5 range=585600..<633600
[MEM-EVENT] preview.audio.stage8.cache.miss | range=585600..<633600 revision=ProjectRevision(raw: 1) epoch=PlaybackEpoch(raw: 1) planIdLen=2830
[MEM-EVENT] preview.audio.stage8.render.decode | source=app.audio.source.imported:531F4D44-3E03-4BAF-AC42-E5B4D308A7F2 sourceStart=61/5 frameCount=48000 elapsedMs=29.80
[MEM-EVENT] preview.audio.stage8.render.decode | source=app.audio.source.videoLayer:scene-1-8CEC99DF-E1B3-4C0C-8280-7A2D63061E32:block_01 sourceStart=89333/16000 frameCount=20001 elapsedMs=24.66
[MEM-EVENT] preview.audio.stage8.render.decode | source=app.audio.source.videoLayer:scene-1-8CEC99DF-E1B3-4C0C-8280-7A2D63061E32:block_02 sourceStart=89333/16000 frameCount=20001 elapsedMs=24.37
[MEM-EVENT] preview.audio.stage8.render.decode | source=app.audio.source.videoLayer:scene-2-3304AAF6-462C-48E7-B553-C8D414899AA7:block_01 sourceStart=0/1 frameCount=27999 elapsedMs=23.88
[MEM-EVENT] preview.audio.stage8.render.total | range=585600..<633600 segments=5 sources=4 elapsedMs=119.80
[MEM-EVENT] preview.audio.stage8.cache.store | range=585600..<633600 revision=ProjectRevision(raw: 1) epoch=PlaybackEpoch(raw: 1) planIdLen=2830
[MEM-EVENT] preview.audio.canonical.render.end | sources=4
[MEM-EVENT] preview.audio.canonical.nextChunk.render.end | range=585600..<633600 sourceCount=4
[MEM-EVENT] preview.audio.canonical.nextChunk.schedule.begin | range=585600..<633600 sources=4
[MEM-EVENT] preview.audio.canonical.nextChunk.schedule.end | range=585600..<633600 scheduled=1
[MEM-EVENT] preview.audio.canonical.nextChunk.requested | range=633600..<681600 gen=2 inFlight=1
[MEM-EVENT] preview.audio.canonical.nextChunk.render.begin | range=633600..<681600 gen=2
[MEM-EVENT] preview.audio.canonical.render.begin | segments=5 range=633600..<681600
[MEM-EVENT] preview.audio.stage8.cache.miss | range=633600..<681600 revision=ProjectRevision(raw: 1) epoch=PlaybackEpoch(raw: 1) planIdLen=2830
[MEM-EVENT] preview.audio.stage8.render.decode | source=app.audio.source.imported:531F4D44-3E03-4BAF-AC42-E5B4D308A7F2 sourceStart=66/5 frameCount=48000 elapsedMs=29.93
[MEM-EVENT] preview.audio.stage8.render.decode | source=app.audio.source.videoLayer:scene-2-3304AAF6-462C-48E7-B553-C8D414899AA7:block_01 sourceStart=9333/16000 frameCount=48000 elapsedMs=24.75
[MEM-EVENT] preview.audio.stage8.render.total | range=633600..<681600 segments=5 sources=2 elapsedMs=68.92
[MEM-EVENT] preview.audio.stage8.cache.store | range=633600..<681600 revision=ProjectRevision(raw: 1) epoch=PlaybackEpoch(raw: 1) planIdLen=2830
[MEM-EVENT] preview.audio.canonical.render.end | sources=2
[MEM-EVENT] preview.audio.canonical.nextChunk.render.end | range=633600..<681600 sourceCount=2
[MEM-EVENT] preview.audio.canonical.nextChunk.schedule.begin | range=633600..<681600 sources=2
[MEM-EVENT] preview.audio.canonical.nextChunk.schedule.end | range=633600..<681600 scheduled=1
[MEM-EVENT] preview.audio.canonical.nextChunk.requested | range=681600..<729600 gen=2 inFlight=1
[MEM-EVENT] preview.audio.canonical.nextChunk.render.begin | range=681600..<729600 gen=2
[MEM-EVENT] preview.audio.canonical.render.begin | segments=5 range=681600..<729600
[MEM-EVENT] preview.audio.stage8.cache.miss | range=681600..<729600 revision=ProjectRevision(raw: 1) epoch=PlaybackEpoch(raw: 1) planIdLen=2830
[MEM-EVENT] preview.audio.stage8.render.decode | source=app.audio.source.imported:531F4D44-3E03-4BAF-AC42-E5B4D308A7F2 sourceStart=71/5 frameCount=48000 elapsedMs=29.40
[MEM-EVENT] preview.audio.stage8.render.decode | source=app.audio.source.videoLayer:scene-2-3304AAF6-462C-48E7-B553-C8D414899AA7:block_01 sourceStart=25333/16000 frameCount=48000 elapsedMs=25.71
[MEM-EVENT] preview.audio.stage8.render.total | range=681600..<729600 segments=5 sources=2 elapsedMs=68.84
[MEM-EVENT] preview.audio.stage8.cache.store | range=681600..<729600 revision=ProjectRevision(raw: 1) epoch=PlaybackEpoch(raw: 1) planIdLen=2830
[MEM-EVENT] preview.audio.canonical.render.end | sources=2
[MEM-EVENT] preview.audio.canonical.nextChunk.render.end | range=681600..<729600 sourceCount=2
[MEM-EVENT] preview.audio.canonical.nextChunk.schedule.begin | range=681600..<729600 sources=2
[MEM-EVENT] preview.audio.canonical.nextChunk.schedule.end | range=681600..<729600 scheduled=1
[MEM-EVENT] preview.audio.canonical.nextChunk.requested | range=729600..<777600 gen=2 inFlight=1
[MEM-EVENT] preview.audio.canonical.nextChunk.render.begin | range=729600..<777600 gen=2
[MEM-EVENT] preview.audio.canonical.render.begin | segments=5 range=729600..<777600
[MEM-EVENT] preview.audio.stage8.cache.miss | range=729600..<777600 revision=ProjectRevision(raw: 1) epoch=PlaybackEpoch(raw: 1) planIdLen=2830
[MEM-EVENT] preview.audio.stage8.render.decode | source=app.audio.source.imported:531F4D44-3E03-4BAF-AC42-E5B4D308A7F2 sourceStart=76/5 frameCount=48000 elapsedMs=31.34
[MEM-EVENT] preview.audio.stage8.render.decode | source=app.audio.source.videoLayer:scene-2-3304AAF6-462C-48E7-B553-C8D414899AA7:block_01 sourceStart=41333/16000 frameCount=48000 elapsedMs=24.29
[MEM-EVENT] preview.audio.stage8.render.total | range=729600..<777600 segments=5 sources=2 elapsedMs=70.03
[MEM-EVENT] preview.audio.stage8.cache.store | range=729600..<777600 revision=ProjectRevision(raw: 1) epoch=PlaybackEpoch(raw: 1) planIdLen=2830
[MEM-EVENT] preview.audio.canonical.render.end | sources=2
[MEM-EVENT] preview.audio.canonical.nextChunk.render.end | range=729600..<777600 sourceCount=2
[MEM-EVENT] preview.audio.canonical.nextChunk.schedule.begin | range=729600..<777600 sources=2
[MEM-EVENT] preview.audio.canonical.nextChunk.schedule.end | range=729600..<777600 scheduled=1
[MEM-EVENT] preview.audio.canonical.nextChunk.requested | range=777600..<825600 gen=2 inFlight=1
[MEM-EVENT] preview.audio.canonical.nextChunk.render.begin | range=777600..<825600 gen=2
[MEM-EVENT] preview.audio.canonical.render.begin | segments=5 range=777600..<825600
[MEM-EVENT] preview.audio.stage8.cache.miss | range=777600..<825600 revision=ProjectRevision(raw: 1) epoch=PlaybackEpoch(raw: 1) planIdLen=2830
[MEM-EVENT] preview.audio.stage8.render.decode | source=app.audio.source.imported:531F4D44-3E03-4BAF-AC42-E5B4D308A7F2 sourceStart=81/5 frameCount=48000 elapsedMs=28.67
[VideoFrameProvider] playback: 60 OK, 0 nil (0.0%) | itemTime=2.075s | lastExtracted=2.108s | active=true
[MEM-EVENT] preview.audio.stage8.render.decode | source=app.audio.source.videoLayer:scene-2-3304AAF6-462C-48E7-B553-C8D414899AA7:block_01 sourceStart=57333/16000 frameCount=48000 elapsedMs=24.08
[MEM-EVENT] preview.audio.stage8.render.total | range=777600..<825600 segments=5 sources=2 elapsedMs=66.50
[MEM-EVENT] preview.audio.stage8.cache.store | range=777600..<825600 revision=ProjectRevision(raw: 1) epoch=PlaybackEpoch(raw: 1) planIdLen=2830
[MEM-EVENT] preview.audio.canonical.render.end | sources=2
[MEM-EVENT] preview.audio.canonical.nextChunk.render.end | range=777600..<825600 sourceCount=2
[MEM-EVENT] preview.audio.canonical.nextChunk.schedule.begin | range=777600..<825600 sources=2
[MEM-EVENT] preview.audio.canonical.nextChunk.schedule.end | range=777600..<825600 scheduled=1
[MEM-EVENT] preview.audio.canonical.nextChunk.requested | range=825600..<873600 gen=2 inFlight=1
[MEM-EVENT] preview.audio.canonical.nextChunk.render.begin | range=825600..<873600 gen=2
[MEM-EVENT] preview.audio.canonical.render.begin | segments=5 range=825600..<873600
[MEM-EVENT] preview.audio.stage8.cache.miss | range=825600..<873600 revision=ProjectRevision(raw: 1) epoch=PlaybackEpoch(raw: 1) planIdLen=2830
[MEM-EVENT] preview.audio.stage8.render.decode | source=app.audio.source.imported:531F4D44-3E03-4BAF-AC42-E5B4D308A7F2 sourceStart=86/5 frameCount=48000 elapsedMs=28.46
[MEM-EVENT] preview.audio.stage8.render.decode | source=app.audio.source.videoLayer:scene-2-3304AAF6-462C-48E7-B553-C8D414899AA7:block_01 sourceStart=73333/16000 frameCount=48000 elapsedMs=24.95
[MEM-EVENT] preview.audio.stage8.render.total | range=825600..<873600 segments=5 sources=2 elapsedMs=67.37
[MEM-EVENT] preview.audio.stage8.cache.store | range=825600..<873600 revision=ProjectRevision(raw: 1) epoch=PlaybackEpoch(raw: 1) planIdLen=2830
[MEM-EVENT] preview.audio.canonical.render.end | sources=2
[MEM-EVENT] preview.audio.canonical.nextChunk.render.end | range=825600..<873600 sourceCount=2
[MEM-EVENT] preview.audio.canonical.nextChunk.schedule.begin | range=825600..<873600 sources=2
[MEM-EVENT] preview.audio.canonical.nextChunk.schedule.end | range=825600..<873600 scheduled=1
[MEM-EVENT] preview.audio.canonical.nextChunk.requested | range=873600..<921600 gen=2 inFlight=1
[MEM-EVENT] preview.audio.canonical.nextChunk.render.begin | range=873600..<921600 gen=2
[MEM-EVENT] preview.audio.canonical.render.begin | segments=5 range=873600..<921600
[MEM-EVENT] preview.audio.stage8.cache.miss | range=873600..<921600 revision=ProjectRevision(raw: 1) epoch=PlaybackEpoch(raw: 1) planIdLen=2830
[MEM-EVENT] preview.audio.stage8.render.decode | source=app.audio.source.imported:531F4D44-3E03-4BAF-AC42-E5B4D308A7F2 sourceStart=91/5 frameCount=48000 elapsedMs=31.54
[MEM-EVENT] preview.audio.stage8.render.decode | source=app.audio.source.videoLayer:scene-2-3304AAF6-462C-48E7-B553-C8D414899AA7:block_01 sourceStart=89333/16000 frameCount=48000 elapsedMs=24.01
[MEM-EVENT] preview.audio.stage8.render.total | range=873600..<921600 segments=5 sources=2 elapsedMs=69.28
[MEM-EVENT] preview.audio.stage8.cache.store | range=873600..<921600 revision=ProjectRevision(raw: 1) epoch=PlaybackEpoch(raw: 1) planIdLen=2830
[MEM-EVENT] preview.audio.canonical.render.end | sources=2
[MEM-EVENT] preview.audio.canonical.nextChunk.render.end | range=873600..<921600 sourceCount=2
[MEM-EVENT] preview.audio.canonical.nextChunk.schedule.begin | range=873600..<921600 sources=2
[MEM-EVENT] preview.audio.canonical.nextChunk.schedule.end | range=873600..<921600 scheduled=1
[MEM-EVENT] preview.audio.canonical.nextChunk.requested | range=921600..<969600 gen=2 inFlight=1
[MEM-EVENT] preview.audio.canonical.nextChunk.render.begin | range=921600..<969600 gen=2
[MEM-EVENT] preview.audio.canonical.render.begin | segments=5 range=921600..<969600
[MEM-EVENT] preview.audio.stage8.cache.miss | range=921600..<969600 revision=ProjectRevision(raw: 1) epoch=PlaybackEpoch(raw: 1) planIdLen=2830
[MEM-EVENT] preview.audio.stage8.render.decode | source=app.audio.source.imported:531F4D44-3E03-4BAF-AC42-E5B4D308A7F2 sourceStart=96/5 frameCount=48000 elapsedMs=29.02
[MEM-EVENT] preview.audio.stage8.render.decode | source=app.audio.source.videoLayer:scene-2-3304AAF6-462C-48E7-B553-C8D414899AA7:block_01 sourceStart=105333/16000 frameCount=48000 elapsedMs=24.12
[MEM-EVENT] preview.audio.stage8.render.total | range=921600..<969600 segments=5 sources=2 elapsedMs=67.44
[MEM-EVENT] preview.audio.stage8.cache.store | range=921600..<969600 revision=ProjectRevision(raw: 1) epoch=PlaybackEpoch(raw: 1) planIdLen=2830
[MEM-EVENT] preview.audio.canonical.render.end | sources=2
[MEM-EVENT] preview.audio.canonical.nextChunk.render.end | range=921600..<969600 sourceCount=2
[MEM-EVENT] preview.audio.canonical.nextChunk.schedule.begin | range=921600..<969600 sources=2
[MEM-EVENT] preview.audio.canonical.nextChunk.schedule.end | range=921600..<969600 scheduled=1
[MEM-EVENT] preview.audio.canonical.nextChunk.requested | range=969600..<1017600 gen=2 inFlight=1
[MEM-EVENT] preview.audio.canonical.nextChunk.render.begin | range=969600..<1017600 gen=2
[MEM-EVENT] preview.audio.canonical.render.begin | segments=5 range=969600..<1017600
[MEM-EVENT] preview.audio.stage8.cache.miss | range=969600..<1017600 revision=ProjectRevision(raw: 1) epoch=PlaybackEpoch(raw: 1) planIdLen=2830
[MEM-EVENT] preview.audio.stage8.render.decode | source=app.audio.source.imported:531F4D44-3E03-4BAF-AC42-E5B4D308A7F2 sourceStart=101/5 frameCount=48000 elapsedMs=30.62
[MEM-EVENT] preview.audio.stage8.render.decode | source=app.audio.source.videoLayer:scene-2-3304AAF6-462C-48E7-B553-C8D414899AA7:block_01 sourceStart=121333/16000 frameCount=48000 elapsedMs=24.68
[MEM-EVENT] preview.audio.stage8.render.total | range=969600..<1017600 segments=5 sources=2 elapsedMs=68.94
[MEM-EVENT] preview.audio.stage8.cache.store | range=969600..<1017600 revision=ProjectRevision(raw: 1) epoch=PlaybackEpoch(raw: 1) planIdLen=2830
[MEM-EVENT] preview.audio.canonical.render.end | sources=2
[MEM-EVENT] preview.audio.canonical.nextChunk.render.end | range=969600..<1017600 sourceCount=2
[MEM-EVENT] preview.audio.canonical.nextChunk.schedule.begin | range=969600..<1017600 sources=2
[MEM-EVENT] preview.audio.canonical.nextChunk.schedule.end | range=969600..<1017600 scheduled=1
[MEM-EVENT] preview.audio.canonical.nextChunk.requested | range=1017600..<1065600 gen=2 inFlight=1
[MEM-EVENT] preview.audio.canonical.nextChunk.render.begin | range=1017600..<1065600 gen=2
[MEM-EVENT] preview.audio.canonical.render.begin | segments=5 range=1017600..<1065600
[MEM-EVENT] preview.audio.stage8.cache.miss | range=1017600..<1065600 revision=ProjectRevision(raw: 1) epoch=PlaybackEpoch(raw: 1) planIdLen=2830
[MEM-EVENT] preview.audio.stage8.render.decode | source=app.audio.source.imported:531F4D44-3E03-4BAF-AC42-E5B4D308A7F2 sourceStart=106/5 frameCount=48000 elapsedMs=30.72
[MEM-EVENT] preview.audio.stage8.render.decode | source=app.audio.source.videoLayer:scene-2-3304AAF6-462C-48E7-B553-C8D414899AA7:block_01 sourceStart=137333/16000 frameCount=48000 elapsedMs=22.98
[MEM-EVENT] preview.audio.stage8.render.total | range=1017600..<1065600 segments=5 sources=2 elapsedMs=67.51
[MEM-EVENT] preview.audio.stage8.cache.store | range=1017600..<1065600 revision=ProjectRevision(raw: 1) epoch=PlaybackEpoch(raw: 1) planIdLen=2830
[MEM-EVENT] preview.audio.canonical.render.end | sources=2
[MEM-EVENT] preview.audio.canonical.nextChunk.render.end | range=1017600..<1065600 sourceCount=2
[MEM-EVENT] preview.audio.canonical.nextChunk.schedule.begin | range=1017600..<1065600 sources=2
[MEM-EVENT] preview.audio.canonical.nextChunk.schedule.end | range=1017600..<1065600 scheduled=1
[MEM-EVENT] preview.audio.canonical.nextChunk.requested | range=1065600..<1067201 gen=2 inFlight=1
[MEM-EVENT] preview.audio.canonical.nextChunk.render.begin | range=1065600..<1067201 gen=2
[MEM-EVENT] preview.audio.canonical.render.begin | segments=5 range=1065600..<1067201
[MEM-EVENT] preview.audio.stage8.cache.miss | range=1065600..<1067201 revision=ProjectRevision(raw: 1) epoch=PlaybackEpoch(raw: 1) planIdLen=2830
[MEM-EVENT] preview.audio.stage8.render.decode | source=app.audio.source.imported:531F4D44-3E03-4BAF-AC42-E5B4D308A7F2 sourceStart=111/5 frameCount=1601 elapsedMs=25.44
[MEM-EVENT] preview.audio.stage8.render.decode | source=app.audio.source.videoLayer:scene-2-3304AAF6-462C-48E7-B553-C8D414899AA7:block_01 sourceStart=153333/16000 frameCount=1601 elapsedMs=25.88
[MEM-EVENT] preview.audio.stage8.render.total | range=1065600..<1067201 segments=5 sources=2 elapsedMs=51.82
[MEM-EVENT] preview.audio.stage8.cache.store | range=1065600..<1067201 revision=ProjectRevision(raw: 1) epoch=PlaybackEpoch(raw: 1) planIdLen=2830
[MEM-EVENT] preview.audio.canonical.render.end | sources=2
[MEM-EVENT] preview.audio.canonical.nextChunk.render.end | range=1065600..<1067201 sourceCount=2
[MEM-EVENT] preview.audio.canonical.nextChunk.schedule.begin | range=1065600..<1067201 sources=2
[MEM-EVENT] preview.audio.canonical.nextChunk.schedule.end | range=1065600..<1067201 scheduled=1
[MEM-EVENT] preview.audio.canonical.nextChunk.endOfPlan | planEnd=1067201
[MEM-EVENT] playback.audio.stop.begin
[MEM-EVENT] displayLink.invalidate | obj=-3400203867621856182
[MEM-EVENT] VideoFrameProvider.stopPlayback | obj=-3581415768655733045 flush=false hasPlaybackTex=true hasStillTex=true hasInteractiveTex=false hasHoldTex=false
[PERF] FPS: 25.5 | CPU: 13.7% (1core), 2.3% (all) | MEM: 103MB res, 224MB foot | GPU: n/a | DRAW: avg 0.00ms, p95 0.00ms, max 0.00ms
[PerfCounter] applySnapshot(scene): 5
[PerfCounter] applySnapshot(scene): 6
[PerfCounter] applySnapshot(scene): 7
[PerfCounter] applySnapshot(scene): 8
[PerfCounter] applySnapshot(scene): 9
[PerfCounter] applySnapshot(scene): 10
[PerfCounter] applySnapshot(scene): 11
[PerfCounter] applySnapshot(scene): 12
[PerfCounter] applySnapshot(scene): 13
[PerfCounter] applySnapshot(scene): 14
[PerfCounter] applySnapshot(scene): 15
[PerfCounter] applySnapshot(scene): 16
[PerfCounter] applySnapshot(scene): 17
[PerfCounter] applySnapshot(scene): 18
[PerfCounter] applySnapshot(scene): 19
[PerfCounter] applySnapshot(scene): 20
[PerfCounter] layout(scene): 10
[PerfCounter] applySnapshot(scene): 21
[PerfCounter] applySnapshot(scene): 22
[PerfCounter] applySnapshot(scene): 23
[PerfCounter] applySnapshot(scene): 24
[PerfCounter] applySnapshot(scene): 25
[PerfCounter] applySnapshot(scene): 26
[PerfCounter] applySnapshot(scene): 27
[PerfCounter] applySnapshot(scene): 28
[PerfCounter] applySnapshot(scene): 29
[PerfCounter] applySnapshot(scene): 30
[PerfCounter] applySnapshot(scene): 31
[PerfCounter] applySnapshot(scene): 32
[PerfCounter] applySnapshot(scene): 33
[PerfCounter] applySnapshot(scene): 34
[PerfCounter] applySnapshot(scene): 35
[PerfCounter] applySnapshot(scene): 36
[PerfCounter] applySnapshot(scene): 37
[PerfCounter] applySnapshot(scene): 38
[PerfCounter] applySnapshot(scene): 39
[PerfCounter] applySnapshot(scene): 40
[PerfCounter] layout(scene): 20
[PerfCounter] applySnapshot(scene): 41
[PerfCounter] applySnapshot(scene): 42
[PerfCounter] applySnapshot(scene): 43
[PerfCounter] applySnapshot(scene): 44
[PerfCounter] applySnapshot(scene): 45
[PerfCounter] applySnapshot(scene): 46
[PerfCounter] applySnapshot(scene): 47
[PerfCounter] applySnapshot(scene): 48
[MEM-EVENT] preview.audio.markDirty | generation=1 playing=0 state=timelinePreview
[MEM-EVENT] preview.audio.select | toggle=ON controller=Canonical
[MEM-EVENT] preview.audio.prepare | canonicalIdlePrepareSkipped=1
[MEM-EVENT] audio.session.activate.begin
[MEM-EVENT] audio.session.activate.end | ok=1
[MEM-EVENT] playback.audio.start.begin | compressedFrame=89 projectTimeUs=2966666 state=timelinePreview isPlayingBefore=0
[MEM-EVENT] displayLink.create | obj=-3400203867621856182
[MEM-DIAG] playback.start | footprint: 224MB | resident: 103MB | available: 2848MB | metal: 182MB | SceneInstanceRuntime: 2 | UserMediaService: 3 | VideoFrameProvider: 3
[MEM-EVENT] playback.audio.previewStart.call | projectTimeUs=2966666 hostTime=193899.61356970837
[MEM-EVENT] preview.audio.select | toggle=ON controller=Canonical
[MEM-EVENT] preview.audio.start | dirty=1 hasPipeline=1 readiness=primed
[MEM-EVENT] preview.audio.canonical.legacyGateBypassed | seconds=2.966666 hostTime=193899.61356970837
[MEM-EVENT] preview.audio.canonical.startPlayback.call | seconds=2.966666
[MEM-EVENT] preview.audio.stage8.startPlayback.call | sinceStartMs=0.01 fromSeconds=2.966666
[MEM-EVENT] preview.audio.stage8.plan.eval | sinceStartMs=7.51 elapsedMs=7.39 segments=5
[MEM-EVENT] preview.audio.canonical.plan | segments=5 fromSeconds=2.966666
[MEM-EVENT] preview.audio.stage8.setup.end | sinceStartMs=10.69 graph+session+output+anchor done
[MEM-EVENT] preview.audio.canonical.preroll.build.begin | planSegments=5 range=142399..<151999 gen=5
[MEM-EVENT] preview.audio.stage8.preroll.begin | sinceStartMs=10.81 range=142399..<151999 sampleCount=9600 initialPrerollSamples=9600 maxChunkSamples=48000
[MEM-EVENT] preview.audio.canonical.render.begin | segments=5 range=142399..<151999
[MEM-EVENT] preview.audio.stage8.cache.miss | range=142399..<151999 revision=ProjectRevision(raw: 2) epoch=PlaybackEpoch(raw: 2) planIdLen=2816
[VideoFrameProvider] playback: 27 OK, 0 nil (0.0%) | itemTime=2.987s | lastExtracted=3.020s | active=true
[MEM-EVENT] preview.audio.canonical.firstFrameSignal | delivered=1
[MEM-EVENT] preview.audio.stage8.firstFrameSignal | sinceStartMs=28.36 barrierReason=firstFrameArrivedPrerollNotReady
[MEM-EVENT] preview.audio.stage8.render.decode | source=app.audio.source.imported:531F4D44-3E03-4BAF-AC42-E5B4D308A7F2 sourceStart=142399/48000 frameCount=9600 elapsedMs=53.81
[MEM-EVENT] preview.audio.stage8.render.decode | source=app.audio.source.videoLayer:scene-0-1B27C22C-A3AC-4480-9EF0-810D6EB7B169:block_01 sourceStart=142399/48000 frameCount=9600 elapsedMs=27.59
[MEM-EVENT] preview.audio.stage8.render.total | range=142399..<151999 segments=5 sources=2 elapsedMs=85.17
[MEM-EVENT] preview.audio.stage8.cache.store | range=142399..<151999 revision=ProjectRevision(raw: 2) epoch=PlaybackEpoch(raw: 2) planIdLen=2816
[MEM-EVENT] preview.audio.canonical.render.end | sources=2
[MEM-EVENT] preview.audio.canonical.preroll.build.end | sourceCount=2 bufferCount=2
[MEM-EVENT] preview.audio.stage8.preroll.end | sinceStartMs=99.90 renderElapsedMs=89.09 sourceCount=2
[MEM-EVENT] preview.audio.stage8.barrier.cross | sinceStartMs=99.90
[MEM-EVENT] preview.audio.canonical.graph.schedule.begin | sources=2
[MEM-EVENT] preview.audio.canonical.graph.schedule.end | scheduled=1
[MEM-EVENT] preview.audio.stage8.graph.schedule.end | sinceStartMs=142.04 scheduleMs=42.13
[MEM-EVENT] preview.audio.canonical.engine.start.begin
[MEM-EVENT] preview.audio.canonical.player.play.begin
[MEM-EVENT] preview.audio.canonical.player.play.end
[MEM-EVENT] preview.audio.canonical.engine.start.end
[MEM-EVENT] preview.audio.stage8.player.play.end | sinceStartMs=142.06 playStartMs=0.01
[MEM-EVENT] preview.audio.canonical.scheduled | scheduled=1 sources=2 started=1
[MEM-EVENT] preview.audio.stage8.scheduled.total | sinceStartMs=142.07 totalStartToScheduledMs=142.07
[MEM-EVENT] preview.audio.canonical.nextChunk.requested | range=151999..<199999 gen=6 inFlight=1
[MEM-EVENT] preview.audio.canonical.nextChunk.render.begin | range=151999..<199999 gen=6
[MEM-EVENT] preview.audio.canonical.render.begin | segments=5 range=151999..<199999
[MEM-EVENT] preview.audio.stage8.cache.miss | range=151999..<199999 revision=ProjectRevision(raw: 2) epoch=PlaybackEpoch(raw: 2) planIdLen=2816
[MEM-EVENT] preview.audio.stage8.render.decode | source=app.audio.source.imported:531F4D44-3E03-4BAF-AC42-E5B4D308A7F2 sourceStart=151999/48000 frameCount=48000 elapsedMs=30.56
[MEM-EVENT] preview.audio.stage8.render.decode | source=app.audio.source.videoLayer:scene-0-1B27C22C-A3AC-4480-9EF0-810D6EB7B169:block_01 sourceStart=151999/48000 frameCount=48000 elapsedMs=23.84
[MEM-EVENT] preview.audio.stage8.render.total | range=151999..<199999 segments=5 sources=2 elapsedMs=68.68
[MEM-EVENT] preview.audio.stage8.cache.store | range=151999..<199999 revision=ProjectRevision(raw: 2) epoch=PlaybackEpoch(raw: 2) planIdLen=2816
[MEM-EVENT] preview.audio.canonical.render.end | sources=2
[MEM-EVENT] preview.audio.canonical.nextChunk.render.end | range=151999..<199999 sourceCount=2
[MEM-EVENT] preview.audio.canonical.nextChunk.schedule.begin | range=151999..<199999 sources=2
[MEM-EVENT] preview.audio.canonical.nextChunk.schedule.end | range=151999..<199999 scheduled=1
[MEM-EVENT] preview.audio.canonical.nextChunk.requested | range=199999..<247999 gen=6 inFlight=1
[MEM-EVENT] preview.audio.canonical.nextChunk.render.begin | range=199999..<247999 gen=6
[MEM-EVENT] preview.audio.canonical.render.begin | segments=5 range=199999..<247999
[MEM-EVENT] preview.audio.stage8.cache.miss | range=199999..<247999 revision=ProjectRevision(raw: 2) epoch=PlaybackEpoch(raw: 2) planIdLen=2816
[MEM-EVENT] preview.audio.stage8.render.decode | source=app.audio.source.imported:531F4D44-3E03-4BAF-AC42-E5B4D308A7F2 sourceStart=199999/48000 frameCount=48000 elapsedMs=28.72
[MEM-EVENT] preview.audio.stage8.render.decode | source=app.audio.source.videoLayer:scene-0-1B27C22C-A3AC-4480-9EF0-810D6EB7B169:block_01 sourceStart=199999/48000 frameCount=48000 elapsedMs=25.70
[MEM-EVENT] preview.audio.stage8.render.total | range=199999..<247999 segments=5 sources=2 elapsedMs=68.19
[MEM-EVENT] preview.audio.stage8.cache.store | range=199999..<247999 revision=ProjectRevision(raw: 2) epoch=PlaybackEpoch(raw: 2) planIdLen=2816
[MEM-EVENT] preview.audio.canonical.render.end | sources=2
[MEM-EVENT] preview.audio.canonical.nextChunk.render.end | range=199999..<247999 sourceCount=2
[MEM-EVENT] preview.audio.canonical.nextChunk.schedule.begin | range=199999..<247999 sources=2
[MEM-EVENT] preview.audio.canonical.nextChunk.schedule.end | range=199999..<247999 scheduled=1
[MEM-EVENT] preview.audio.canonical.nextChunk.requested | range=247999..<295999 gen=6 inFlight=1
[MEM-EVENT] preview.audio.canonical.nextChunk.render.begin | range=247999..<295999 gen=6
[MEM-EVENT] preview.audio.canonical.render.begin | segments=5 range=247999..<295999
[MEM-EVENT] preview.audio.stage8.cache.miss | range=247999..<295999 revision=ProjectRevision(raw: 2) epoch=PlaybackEpoch(raw: 2) planIdLen=2816
[MEM-EVENT] preview.audio.stage8.render.decode | source=app.audio.source.imported:531F4D44-3E03-4BAF-AC42-E5B4D308A7F2 sourceStart=247999/48000 frameCount=48000 elapsedMs=31.73
[MEM-EVENT] preview.audio.stage8.render.decode | source=app.audio.source.videoLayer:scene-0-1B27C22C-A3AC-4480-9EF0-810D6EB7B169:block_01 sourceStart=247999/48000 frameCount=48000 elapsedMs=24.51
[MEM-EVENT] preview.audio.stage8.render.total | range=247999..<295999 segments=5 sources=2 elapsedMs=70.39
[MEM-EVENT] preview.audio.stage8.cache.store | range=247999..<295999 revision=ProjectRevision(raw: 2) epoch=PlaybackEpoch(raw: 2) planIdLen=2816
[MEM-EVENT] preview.audio.canonical.render.end | sources=2
[MEM-EVENT] preview.audio.canonical.nextChunk.render.end | range=247999..<295999 sourceCount=2
[MEM-EVENT] preview.audio.canonical.nextChunk.schedule.begin | range=247999..<295999 sources=2
[MEM-EVENT] preview.audio.canonical.nextChunk.schedule.end | range=247999..<295999 scheduled=1
[MEM-EVENT] preview.audio.canonical.nextChunk.requested | range=295999..<343999 gen=6 inFlight=1
[MEM-EVENT] preview.audio.canonical.nextChunk.render.begin | range=295999..<343999 gen=6
[MEM-EVENT] preview.audio.canonical.render.begin | segments=5 range=295999..<343999
[MEM-EVENT] preview.audio.stage8.cache.miss | range=295999..<343999 revision=ProjectRevision(raw: 2) epoch=PlaybackEpoch(raw: 2) planIdLen=2816
[MEM-EVENT] preview.audio.stage8.render.decode | source=app.audio.source.imported:531F4D44-3E03-4BAF-AC42-E5B4D308A7F2 sourceStart=295999/48000 frameCount=48000 elapsedMs=30.47
[MEM-EVENT] preview.audio.stage8.render.decode | source=app.audio.source.videoLayer:scene-0-1B27C22C-A3AC-4480-9EF0-810D6EB7B169:block_01 sourceStart=295999/48000 frameCount=48000 elapsedMs=24.39
[MEM-EVENT] preview.audio.stage8.render.total | range=295999..<343999 segments=5 sources=2 elapsedMs=68.61
[MEM-EVENT] preview.audio.stage8.cache.store | range=295999..<343999 revision=ProjectRevision(raw: 2) epoch=PlaybackEpoch(raw: 2) planIdLen=2816
[MEM-EVENT] preview.audio.canonical.render.end | sources=2
[MEM-EVENT] preview.audio.canonical.nextChunk.render.end | range=295999..<343999 sourceCount=2
[MEM-EVENT] preview.audio.canonical.nextChunk.schedule.begin | range=295999..<343999 sources=2
[MEM-EVENT] preview.audio.canonical.nextChunk.schedule.end | range=295999..<343999 scheduled=1
[MEM-EVENT] preview.audio.canonical.nextChunk.requested | range=343999..<391999 gen=6 inFlight=1
[MEM-EVENT] preview.audio.canonical.nextChunk.render.begin | range=343999..<391999 gen=6
[MEM-EVENT] preview.audio.canonical.render.begin | segments=5 range=343999..<391999
[MEM-EVENT] preview.audio.stage8.cache.miss | range=343999..<391999 revision=ProjectRevision(raw: 2) epoch=PlaybackEpoch(raw: 2) planIdLen=2816
[MEM-EVENT] preview.audio.stage8.render.decode | source=app.audio.source.imported:531F4D44-3E03-4BAF-AC42-E5B4D308A7F2 sourceStart=343999/48000 frameCount=48000 elapsedMs=30.12
[MEM-EVENT] preview.audio.stage8.render.decode | source=app.audio.source.videoLayer:scene-0-1B27C22C-A3AC-4480-9EF0-810D6EB7B169:block_01 sourceStart=343999/48000 frameCount=48000 elapsedMs=24.72
[MEM-EVENT] preview.audio.stage8.render.total | range=343999..<391999 segments=5 sources=2 elapsedMs=68.92
[MEM-EVENT] preview.audio.stage8.cache.store | range=343999..<391999 revision=ProjectRevision(raw: 2) epoch=PlaybackEpoch(raw: 2) planIdLen=2816
[MEM-EVENT] preview.audio.canonical.render.end | sources=2
[MEM-EVENT] preview.audio.canonical.nextChunk.render.end | range=343999..<391999 sourceCount=2
[MEM-EVENT] preview.audio.canonical.nextChunk.schedule.begin | range=343999..<391999 sources=2
[MEM-EVENT] preview.audio.canonical.nextChunk.schedule.end | range=343999..<391999 scheduled=1
[MEM-EVENT] preview.audio.canonical.nextChunk.requested | range=391999..<439999 gen=6 inFlight=1
[MEM-EVENT] preview.audio.canonical.nextChunk.render.begin | range=391999..<439999 gen=6
[MEM-EVENT] preview.audio.canonical.render.begin | segments=5 range=391999..<439999
[MEM-EVENT] preview.audio.stage8.cache.miss | range=391999..<439999 revision=ProjectRevision(raw: 2) epoch=PlaybackEpoch(raw: 2) planIdLen=2816
[MEM-EVENT] preview.audio.stage8.render.decode | source=app.audio.source.imported:531F4D44-3E03-4BAF-AC42-E5B4D308A7F2 sourceStart=391999/48000 frameCount=48000 elapsedMs=30.85
[MEM-EVENT] preview.audio.stage8.render.decode | source=app.audio.source.videoLayer:scene-0-1B27C22C-A3AC-4480-9EF0-810D6EB7B169:block_01 sourceStart=391999/48000 frameCount=48000 elapsedMs=25.32
[MEM-EVENT] preview.audio.stage8.render.total | range=391999..<439999 segments=5 sources=2 elapsedMs=70.04
[MEM-EVENT] preview.audio.stage8.cache.store | range=391999..<439999 revision=ProjectRevision(raw: 2) epoch=PlaybackEpoch(raw: 2) planIdLen=2816
[MEM-EVENT] preview.audio.canonical.render.end | sources=2
[MEM-EVENT] preview.audio.canonical.nextChunk.render.end | range=391999..<439999 sourceCount=2
[MEM-EVENT] preview.audio.canonical.nextChunk.schedule.begin | range=391999..<439999 sources=2
[MEM-EVENT] preview.audio.canonical.nextChunk.schedule.end | range=391999..<439999 scheduled=1
[MEM-EVENT] preview.audio.canonical.nextChunk.requested | range=439999..<487999 gen=6 inFlight=1
[MEM-EVENT] preview.audio.canonical.nextChunk.render.begin | range=439999..<487999 gen=6
[MEM-EVENT] preview.audio.canonical.render.begin | segments=5 range=439999..<487999
[MEM-EVENT] preview.audio.stage8.cache.miss | range=439999..<487999 revision=ProjectRevision(raw: 2) epoch=PlaybackEpoch(raw: 2) planIdLen=2816
[MEM-EVENT] preview.audio.stage8.render.decode | source=app.audio.source.imported:531F4D44-3E03-4BAF-AC42-E5B4D308A7F2 sourceStart=439999/48000 frameCount=48000 elapsedMs=29.58
[MEM-EVENT] preview.audio.stage8.render.decode | source=app.audio.source.videoLayer:scene-0-1B27C22C-A3AC-4480-9EF0-810D6EB7B169:block_01 sourceStart=439999/48000 frameCount=48000 elapsedMs=25.47
[MEM-EVENT] preview.audio.stage8.render.total | range=439999..<487999 segments=5 sources=2 elapsedMs=68.91
[MEM-EVENT] preview.audio.stage8.cache.store | range=439999..<487999 revision=ProjectRevision(raw: 2) epoch=PlaybackEpoch(raw: 2) planIdLen=2816
[MEM-EVENT] preview.audio.canonical.render.end | sources=2
[MEM-EVENT] preview.audio.canonical.nextChunk.render.end | range=439999..<487999 sourceCount=2
[MEM-EVENT] preview.audio.canonical.nextChunk.schedule.begin | range=439999..<487999 sources=2
[MEM-EVENT] preview.audio.canonical.nextChunk.schedule.end | range=439999..<487999 scheduled=1
[MEM-EVENT] preview.audio.canonical.nextChunk.requested | range=487999..<535999 gen=6 inFlight=1
[MEM-EVENT] preview.audio.canonical.nextChunk.render.begin | range=487999..<535999 gen=6
[MEM-EVENT] preview.audio.canonical.render.begin | segments=5 range=487999..<535999
[MEM-EVENT] preview.audio.stage8.cache.miss | range=487999..<535999 revision=ProjectRevision(raw: 2) epoch=PlaybackEpoch(raw: 2) planIdLen=2816
[MEM-EVENT] preview.audio.stage8.render.decode | source=app.audio.source.imported:531F4D44-3E03-4BAF-AC42-E5B4D308A7F2 sourceStart=487999/48000 frameCount=48000 elapsedMs=29.17
[MEM-EVENT] preview.audio.stage8.render.decode | source=app.audio.source.videoLayer:scene-0-1B27C22C-A3AC-4480-9EF0-810D6EB7B169:block_01 sourceStart=487999/48000 frameCount=48000 elapsedMs=24.71
[MEM-EVENT] preview.audio.stage8.render.total | range=487999..<535999 segments=5 sources=2 elapsedMs=68.03
[MEM-EVENT] preview.audio.stage8.cache.store | range=487999..<535999 revision=ProjectRevision(raw: 2) epoch=PlaybackEpoch(raw: 2) planIdLen=2816
[MEM-EVENT] preview.audio.canonical.render.end | sources=2
[MEM-EVENT] preview.audio.canonical.nextChunk.render.end | range=487999..<535999 sourceCount=2
[MEM-EVENT] preview.audio.canonical.nextChunk.schedule.begin | range=487999..<535999 sources=2
[MEM-EVENT] preview.audio.canonical.nextChunk.schedule.end | range=487999..<535999 scheduled=1
[MEM-EVENT] preview.audio.canonical.nextChunk.requested | range=535999..<583999 gen=6 inFlight=1
[MEM-EVENT] preview.audio.canonical.nextChunk.render.begin | range=535999..<583999 gen=6
[MEM-EVENT] preview.audio.canonical.render.begin | segments=5 range=535999..<583999
[MEM-EVENT] preview.audio.stage8.cache.miss | range=535999..<583999 revision=ProjectRevision(raw: 2) epoch=PlaybackEpoch(raw: 2) planIdLen=2816
[MEM-EVENT] preview.audio.stage8.render.decode | source=app.audio.source.imported:531F4D44-3E03-4BAF-AC42-E5B4D308A7F2 sourceStart=535999/48000 frameCount=48000 elapsedMs=30.28
[MEM-EVENT] preview.audio.stage8.render.decode | source=app.audio.source.videoLayer:scene-0-1B27C22C-A3AC-4480-9EF0-810D6EB7B169:block_01 sourceStart=535999/48000 frameCount=25601 elapsedMs=24.21
[MEM-EVENT] preview.audio.stage8.render.decode | source=app.audio.source.videoLayer:scene-1-8CEC99DF-E1B3-4C0C-8280-7A2D63061E32:block_01 sourceStart=0/1 frameCount=22399 elapsedMs=22.09
[MEM-EVENT] preview.audio.stage8.render.decode | source=app.audio.source.videoLayer:scene-1-8CEC99DF-E1B3-4C0C-8280-7A2D63061E32:block_02 sourceStart=0/1 frameCount=22399 elapsedMs=23.14
[MEM-EVENT] preview.audio.stage8.render.total | range=535999..<583999 segments=5 sources=4 elapsedMs=117.35
[MEM-EVENT] preview.audio.stage8.cache.store | range=535999..<583999 revision=ProjectRevision(raw: 2) epoch=PlaybackEpoch(raw: 2) planIdLen=2816
[MEM-EVENT] preview.audio.canonical.render.end | sources=4
[MEM-EVENT] preview.audio.canonical.nextChunk.render.end | range=535999..<583999 sourceCount=4
[MEM-EVENT] preview.audio.canonical.nextChunk.schedule.begin | range=535999..<583999 sources=4
[MEM-EVENT] preview.audio.canonical.nextChunk.schedule.end | range=535999..<583999 scheduled=1
[MEM-EVENT] preview.audio.canonical.nextChunk.requested | range=583999..<631999 gen=6 inFlight=1
[MEM-EVENT] preview.audio.canonical.nextChunk.render.begin | range=583999..<631999 gen=6
[MEM-EVENT] preview.audio.canonical.render.begin | segments=5 range=583999..<631999
[MEM-EVENT] preview.audio.stage8.cache.miss | range=583999..<631999 revision=ProjectRevision(raw: 2) epoch=PlaybackEpoch(raw: 2) planIdLen=2816
[PERF] FPS: 16.0 | CPU: 43.8% (1core), 7.3% (all) | MEM: 103MB res, 226MB foot | GPU: n/a | DRAW: avg 0.00ms, p95 0.00ms, max 0.00ms
[MEM-EVENT] preview.audio.stage8.render.decode | source=app.audio.source.imported:531F4D44-3E03-4BAF-AC42-E5B4D308A7F2 sourceStart=583999/48000 frameCount=48000 elapsedMs=30.31
[MEM-EVENT] preview.audio.stage8.render.decode | source=app.audio.source.videoLayer:scene-1-8CEC99DF-E1B3-4C0C-8280-7A2D63061E32:block_01 sourceStart=22399/48000 frameCount=48000 elapsedMs=25.76
[MEM-EVENT] preview.audio.stage8.render.decode | source=app.audio.source.videoLayer:scene-1-8CEC99DF-E1B3-4C0C-8280-7A2D63061E32:block_02 sourceStart=22399/48000 frameCount=48000 elapsedMs=23.77
[MEM-EVENT] preview.audio.stage8.render.total | range=583999..<631999 segments=5 sources=3 elapsedMs=100.44
[MEM-EVENT] preview.audio.stage8.cache.store | range=583999..<631999 revision=ProjectRevision(raw: 2) epoch=PlaybackEpoch(raw: 2) planIdLen=2816
[MEM-EVENT] preview.audio.canonical.render.end | sources=3
[MEM-EVENT] preview.audio.canonical.nextChunk.render.end | range=583999..<631999 sourceCount=3
[MEM-EVENT] preview.audio.canonical.nextChunk.schedule.begin | range=583999..<631999 sources=3
[MEM-EVENT] preview.audio.canonical.nextChunk.schedule.end | range=583999..<631999 scheduled=1
[MEM-EVENT] preview.audio.canonical.nextChunk.requested | range=631999..<679999 gen=6 inFlight=1
[MEM-EVENT] preview.audio.canonical.nextChunk.render.begin | range=631999..<679999 gen=6
[MEM-EVENT] preview.audio.canonical.render.begin | segments=5 range=631999..<679999
[MEM-EVENT] preview.audio.stage8.cache.miss | range=631999..<679999 revision=ProjectRevision(raw: 2) epoch=PlaybackEpoch(raw: 2) planIdLen=2816
[MEM-EVENT] playback.audio.stop.begin
[MEM-EVENT] displayLink.invalidate | obj=-3400203867621856182
[MEM-EVENT] VideoFrameProvider.stopPlayback | obj=-3581415768655733045 flush=false hasPlaybackTex=true hasStillTex=true hasInteractiveTex=false hasHoldTex=false
[MEM-EVENT] playback.idleReclaim.skip | reason=scrubActive
[MEM-EVENT] preview.audio.stage8.render.decode | source=app.audio.source.imported:531F4D44-3E03-4BAF-AC42-E5B4D308A7F2 sourceStart=631999/48000 frameCount=48000 elapsedMs=80.86
[MEM-EVENT] preview.audio.stage8.render.decode | source=app.audio.source.videoLayer:scene-1-8CEC99DF-E1B3-4C0C-8280-7A2D63061E32:block_01 sourceStart=70399/48000 frameCount=48000 elapsedMs=27.20
[MEM-EVENT] preview.audio.stage8.render.decode | source=app.audio.source.videoLayer:scene-1-8CEC99DF-E1B3-4C0C-8280-7A2D63061E32:block_02 sourceStart=70399/48000 frameCount=48000 elapsedMs=29.87
[MEM-EVENT] preview.audio.stage8.render.total | range=631999..<679999 segments=5 sources=3 elapsedMs=162.44
[MEM-EVENT] preview.audio.stage8.cache.store | range=631999..<679999 revision=ProjectRevision(raw: 2) epoch=PlaybackEpoch(raw: 2) planIdLen=2816
[MEM-EVENT] preview.audio.canonical.render.end | sources=3
[MEM-EVENT] preview.audio.canonical.nextChunk.dropped | gen=6 current=8 reason=staleOrStopped
[MEM-EVENT] audio.session.activate.begin
[MEM-EVENT] audio.session.activate.end | ok=1
[MEM-EVENT] playback.audio.start.begin | compressedFrame=226 projectTimeUs=7533333 state=timelinePreview isPlayingBefore=0
[MEM-EVENT] displayLink.create | obj=-3400203867621856182
[MEM-DIAG] playback.start | footprint: 232MB | resident: 104MB | available: 2840MB | metal: 190MB | SceneInstanceRuntime: 2 | UserMediaService: 3 | VideoFrameProvider: 3
[MEM-EVENT] playback.audio.previewStart.call | projectTimeUs=7533333 hostTime=193901.65047283337
[MEM-EVENT] preview.audio.select | toggle=ON controller=Canonical
[MEM-EVENT] preview.audio.start | dirty=0 hasPipeline=1 readiness=primed
[MEM-EVENT] preview.audio.canonical.legacyGateBypassed | seconds=7.533333 hostTime=193901.65047283337
[MEM-EVENT] preview.audio.canonical.startPlayback.call | seconds=7.533333
[MEM-EVENT] preview.audio.stage8.startPlayback.call | sinceStartMs=0.01 fromSeconds=7.533333
[MEM-EVENT] preview.audio.stage8.plan.eval | sinceStartMs=7.82 elapsedMs=7.66 segments=5
[MEM-EVENT] preview.audio.canonical.plan | segments=5 fromSeconds=7.533333
[MEM-EVENT] preview.audio.stage8.setup.end | sinceStartMs=11.38 graph+session+output+anchor done
[MEM-EVENT] preview.audio.canonical.preroll.build.begin | planSegments=5 range=361599..<371199 gen=8
[MEM-EVENT] preview.audio.stage8.preroll.begin | sinceStartMs=11.50 range=361599..<371199 sampleCount=9600 initialPrerollSamples=9600 maxChunkSamples=48000
[VideoFrameProvider] playback: 35 OK, 0 nil (0.0%) | itemTime=4.169s | lastExtracted=4.168s | active=true
[MEM-EVENT] preview.audio.canonical.firstFrameSignal | delivered=1
[MEM-EVENT] preview.audio.stage8.firstFrameSignal | sinceStartMs=13.68 barrierReason=firstFrameArrivedPrerollNotReady
[MEM-EVENT] preview.audio.canonical.render.begin | segments=5 range=361599..<371199
[MEM-EVENT] preview.audio.stage8.cache.miss | range=361599..<371199 revision=ProjectRevision(raw: 3) epoch=PlaybackEpoch(raw: 3) planIdLen=2816
[MEM-EVENT] preview.audio.stage8.render.decode | source=app.audio.source.imported:531F4D44-3E03-4BAF-AC42-E5B4D308A7F2 sourceStart=120533/16000 frameCount=9600 elapsedMs=51.78
[MEM-EVENT] preview.audio.stage8.render.decode | source=app.audio.source.videoLayer:scene-0-1B27C22C-A3AC-4480-9EF0-810D6EB7B169:block_01 sourceStart=120533/16000 frameCount=9600 elapsedMs=31.36
[MEM-EVENT] preview.audio.stage8.render.total | range=361599..<371199 segments=5 sources=2 elapsedMs=87.22
[MEM-EVENT] preview.audio.stage8.cache.store | range=361599..<371199 revision=ProjectRevision(raw: 3) epoch=PlaybackEpoch(raw: 3) planIdLen=2816
[MEM-EVENT] preview.audio.canonical.render.end | sources=2
[MEM-EVENT] preview.audio.canonical.preroll.build.end | sourceCount=2 bufferCount=2
[MEM-EVENT] preview.audio.stage8.preroll.end | sinceStartMs=107.95 renderElapsedMs=96.45 sourceCount=2
[MEM-EVENT] preview.audio.stage8.barrier.cross | sinceStartMs=107.98
[MEM-EVENT] preview.audio.canonical.graph.schedule.begin | sources=2
[MEM-EVENT] preview.audio.canonical.graph.schedule.end | scheduled=1
[MEM-EVENT] preview.audio.stage8.graph.schedule.end | sinceStartMs=152.90 scheduleMs=44.90
[MEM-EVENT] preview.audio.canonical.engine.start.begin
[MEM-EVENT] preview.audio.canonical.player.play.begin
[MEM-EVENT] preview.audio.canonical.player.play.end
[MEM-EVENT] preview.audio.canonical.engine.start.end
[MEM-EVENT] preview.audio.stage8.player.play.end | sinceStartMs=152.92 playStartMs=0.02
[MEM-EVENT] preview.audio.canonical.scheduled | scheduled=1 sources=2 started=1
[MEM-EVENT] preview.audio.stage8.scheduled.total | sinceStartMs=152.93 totalStartToScheduledMs=152.93
[MEM-EVENT] preview.audio.canonical.nextChunk.requested | range=371199..<419199 gen=10 inFlight=1
[MEM-EVENT] preview.audio.canonical.nextChunk.render.begin | range=371199..<419199 gen=10
[MEM-EVENT] preview.audio.canonical.render.begin | segments=5 range=371199..<419199
[MEM-EVENT] preview.audio.stage8.cache.miss | range=371199..<419199 revision=ProjectRevision(raw: 3) epoch=PlaybackEpoch(raw: 3) planIdLen=2816
[MEM-EVENT] preview.audio.stage8.render.decode | source=app.audio.source.imported:531F4D44-3E03-4BAF-AC42-E5B4D308A7F2 sourceStart=123733/16000 frameCount=48000 elapsedMs=30.12
[MEM-EVENT] preview.audio.stage8.render.decode | source=app.audio.source.videoLayer:scene-0-1B27C22C-A3AC-4480-9EF0-810D6EB7B169:block_01 sourceStart=123733/16000 frameCount=48000 elapsedMs=25.11
[MEM-EVENT] preview.audio.stage8.render.total | range=371199..<419199 segments=5 sources=2 elapsedMs=68.96
[MEM-EVENT] preview.audio.stage8.cache.store | range=371199..<419199 revision=ProjectRevision(raw: 3) epoch=PlaybackEpoch(raw: 3) planIdLen=2816
[MEM-EVENT] preview.audio.canonical.render.end | sources=2
[MEM-EVENT] preview.audio.canonical.nextChunk.render.end | range=371199..<419199 sourceCount=2
[MEM-EVENT] preview.audio.canonical.nextChunk.schedule.begin | range=371199..<419199 sources=2
[MEM-EVENT] preview.audio.canonical.nextChunk.schedule.end | range=371199..<419199 scheduled=1
[MEM-EVENT] preview.audio.canonical.nextChunk.requested | range=419199..<467199 gen=10 inFlight=1
[MEM-EVENT] preview.audio.canonical.nextChunk.render.begin | range=419199..<467199 gen=10
[MEM-EVENT] preview.audio.canonical.render.begin | segments=5 range=419199..<467199
[MEM-EVENT] preview.audio.stage8.cache.miss | range=419199..<467199 revision=ProjectRevision(raw: 3) epoch=PlaybackEpoch(raw: 3) planIdLen=2816
[MEM-EVENT] preview.audio.stage8.render.decode | source=app.audio.source.imported:531F4D44-3E03-4BAF-AC42-E5B4D308A7F2 sourceStart=139733/16000 frameCount=48000 elapsedMs=28.84
[MEM-EVENT] preview.audio.stage8.render.decode | source=app.audio.source.videoLayer:scene-0-1B27C22C-A3AC-4480-9EF0-810D6EB7B169:block_01 sourceStart=139733/16000 frameCount=48000 elapsedMs=24.77
[MEM-EVENT] preview.audio.stage8.render.total | range=419199..<467199 segments=5 sources=2 elapsedMs=68.18
[MEM-EVENT] preview.audio.stage8.cache.store | range=419199..<467199 revision=ProjectRevision(raw: 3) epoch=PlaybackEpoch(raw: 3) planIdLen=2816
[MEM-EVENT] preview.audio.canonical.render.end | sources=2
[MEM-EVENT] preview.audio.canonical.nextChunk.render.end | range=419199..<467199 sourceCount=2
[MEM-EVENT] preview.audio.canonical.nextChunk.schedule.begin | range=419199..<467199 sources=2
[MEM-EVENT] preview.audio.canonical.nextChunk.schedule.end | range=419199..<467199 scheduled=1
[MEM-EVENT] preview.audio.canonical.nextChunk.requested | range=467199..<515199 gen=10 inFlight=1
[MEM-EVENT] preview.audio.canonical.nextChunk.render.begin | range=467199..<515199 gen=10
[MEM-EVENT] preview.audio.canonical.render.begin | segments=5 range=467199..<515199
[MEM-EVENT] preview.audio.stage8.cache.miss | range=467199..<515199 revision=ProjectRevision(raw: 3) epoch=PlaybackEpoch(raw: 3) planIdLen=2816
[MEM-EVENT] preview.audio.stage8.render.decode | source=app.audio.source.imported:531F4D44-3E03-4BAF-AC42-E5B4D308A7F2 sourceStart=155733/16000 frameCount=48000 elapsedMs=30.21
[MEM-EVENT] preview.audio.stage8.render.decode | source=app.audio.source.videoLayer:scene-0-1B27C22C-A3AC-4480-9EF0-810D6EB7B169:block_01 sourceStart=155733/16000 frameCount=48000 elapsedMs=24.93
[MEM-EVENT] preview.audio.stage8.render.total | range=467199..<515199 segments=5 sources=2 elapsedMs=68.75
[MEM-EVENT] preview.audio.stage8.cache.store | range=467199..<515199 revision=ProjectRevision(raw: 3) epoch=PlaybackEpoch(raw: 3) planIdLen=2816
[MEM-EVENT] preview.audio.canonical.render.end | sources=2
[MEM-EVENT] preview.audio.canonical.nextChunk.render.end | range=467199..<515199 sourceCount=2
[MEM-EVENT] preview.audio.canonical.nextChunk.schedule.begin | range=467199..<515199 sources=2
[MEM-EVENT] preview.audio.canonical.nextChunk.schedule.end | range=467199..<515199 scheduled=1
[MEM-EVENT] preview.audio.canonical.nextChunk.requested | range=515199..<563199 gen=10 inFlight=1
[MEM-EVENT] preview.audio.canonical.nextChunk.render.begin | range=515199..<563199 gen=10
[MEM-EVENT] preview.audio.canonical.render.begin | segments=5 range=515199..<563199
[MEM-EVENT] preview.audio.stage8.cache.miss | range=515199..<563199 revision=ProjectRevision(raw: 3) epoch=PlaybackEpoch(raw: 3) planIdLen=2816
[MEM-EVENT] preview.audio.stage8.render.decode | source=app.audio.source.imported:531F4D44-3E03-4BAF-AC42-E5B4D308A7F2 sourceStart=171733/16000 frameCount=48000 elapsedMs=29.65
[MEM-EVENT] preview.audio.stage8.render.decode | source=app.audio.source.videoLayer:scene-0-1B27C22C-A3AC-4480-9EF0-810D6EB7B169:block_01 sourceStart=171733/16000 frameCount=46401 elapsedMs=24.73
[MEM-EVENT] preview.audio.stage8.render.decode | source=app.audio.source.videoLayer:scene-1-8CEC99DF-E1B3-4C0C-8280-7A2D63061E32:block_01 sourceStart=0/1 frameCount=1599 elapsedMs=23.63
[MEM-EVENT] preview.audio.stage8.render.decode | source=app.audio.source.videoLayer:scene-1-8CEC99DF-E1B3-4C0C-8280-7A2D63061E32:block_02 sourceStart=0/1 frameCount=1599 elapsedMs=24.06
[MEM-EVENT] preview.audio.stage8.render.total | range=515199..<563199 segments=5 sources=4 elapsedMs=116.58
[MEM-EVENT] preview.audio.stage8.cache.store | range=515199..<563199 revision=ProjectRevision(raw: 3) epoch=PlaybackEpoch(raw: 3) planIdLen=2816
[MEM-EVENT] preview.audio.canonical.render.end | sources=4
[MEM-EVENT] preview.audio.canonical.nextChunk.render.end | range=515199..<563199 sourceCount=4
[MEM-EVENT] preview.audio.canonical.nextChunk.schedule.begin | range=515199..<563199 sources=4
[MEM-EVENT] preview.audio.canonical.nextChunk.schedule.end | range=515199..<563199 scheduled=1
[MEM-EVENT] preview.audio.canonical.nextChunk.requested | range=563199..<611199 gen=10 inFlight=1
[MEM-EVENT] preview.audio.canonical.nextChunk.render.begin | range=563199..<611199 gen=10
[MEM-EVENT] preview.audio.canonical.render.begin | segments=5 range=563199..<611199
[MEM-EVENT] preview.audio.stage8.cache.miss | range=563199..<611199 revision=ProjectRevision(raw: 3) epoch=PlaybackEpoch(raw: 3) planIdLen=2816
[MEM-EVENT] preview.audio.stage8.render.decode | source=app.audio.source.imported:531F4D44-3E03-4BAF-AC42-E5B4D308A7F2 sourceStart=187733/16000 frameCount=48000 elapsedMs=31.37
[MEM-EVENT] preview.audio.stage8.render.decode | source=app.audio.source.videoLayer:scene-1-8CEC99DF-E1B3-4C0C-8280-7A2D63061E32:block_01 sourceStart=533/16000 frameCount=48000 elapsedMs=24.51
[MEM-EVENT] preview.audio.stage8.render.decode | source=app.audio.source.videoLayer:scene-1-8CEC99DF-E1B3-4C0C-8280-7A2D63061E32:block_02 sourceStart=533/16000 frameCount=48000 elapsedMs=24.57
[MEM-EVENT] preview.audio.stage8.render.total | range=563199..<611199 segments=5 sources=3 elapsedMs=101.10
[MEM-EVENT] preview.audio.stage8.cache.store | range=563199..<611199 revision=ProjectRevision(raw: 3) epoch=PlaybackEpoch(raw: 3) planIdLen=2816
[MEM-EVENT] preview.audio.canonical.render.end | sources=3
[MEM-EVENT] preview.audio.canonical.nextChunk.render.end | range=563199..<611199 sourceCount=3
[MEM-EVENT] preview.audio.canonical.nextChunk.schedule.begin | range=563199..<611199 sources=3
[MEM-EVENT] preview.audio.canonical.nextChunk.schedule.end | range=563199..<611199 scheduled=1
[MEM-EVENT] preview.audio.canonical.nextChunk.requested | range=611199..<659199 gen=10 inFlight=1
[MEM-EVENT] preview.audio.canonical.nextChunk.render.begin | range=611199..<659199 gen=10
[MEM-EVENT] preview.audio.canonical.render.begin | segments=5 range=611199..<659199
[MEM-EVENT] preview.audio.stage8.cache.miss | range=611199..<659199 revision=ProjectRevision(raw: 3) epoch=PlaybackEpoch(raw: 3) planIdLen=2816
[MEM-EVENT] preview.audio.stage8.render.decode | source=app.audio.source.imported:531F4D44-3E03-4BAF-AC42-E5B4D308A7F2 sourceStart=203733/16000 frameCount=48000 elapsedMs=29.80
[MEM-EVENT] preview.audio.stage8.render.decode | source=app.audio.source.videoLayer:scene-1-8CEC99DF-E1B3-4C0C-8280-7A2D63061E32:block_01 sourceStart=16533/16000 frameCount=48000 elapsedMs=24.81
[MEM-EVENT] preview.audio.stage8.render.decode | source=app.audio.source.videoLayer:scene-1-8CEC99DF-E1B3-4C0C-8280-7A2D63061E32:block_02 sourceStart=16533/16000 frameCount=48000 elapsedMs=26.45
[MEM-EVENT] preview.audio.stage8.render.total | range=611199..<659199 segments=5 sources=3 elapsedMs=101.64
[MEM-EVENT] preview.audio.stage8.cache.store | range=611199..<659199 revision=ProjectRevision(raw: 3) epoch=PlaybackEpoch(raw: 3) planIdLen=2816
[MEM-EVENT] preview.audio.canonical.render.end | sources=3
[MEM-EVENT] preview.audio.canonical.nextChunk.render.end | range=611199..<659199 sourceCount=3
[MEM-EVENT] preview.audio.canonical.nextChunk.schedule.begin | range=611199..<659199 sources=3
[MEM-EVENT] preview.audio.canonical.nextChunk.schedule.end | range=611199..<659199 scheduled=1
[MEM-EVENT] preview.audio.canonical.nextChunk.requested | range=659199..<707199 gen=10 inFlight=1
[MEM-EVENT] preview.audio.canonical.nextChunk.render.begin | range=659199..<707199 gen=10
[MEM-EVENT] preview.audio.canonical.render.begin | segments=5 range=659199..<707199
[MEM-EVENT] preview.audio.stage8.cache.miss | range=659199..<707199 revision=ProjectRevision(raw: 3) epoch=PlaybackEpoch(raw: 3) planIdLen=2816
[MEM-EVENT] preview.audio.stage8.render.decode | source=app.audio.source.imported:531F4D44-3E03-4BAF-AC42-E5B4D308A7F2 sourceStart=219733/16000 frameCount=48000 elapsedMs=31.56
[MEM-EVENT] preview.audio.stage8.render.decode | source=app.audio.source.videoLayer:scene-1-8CEC99DF-E1B3-4C0C-8280-7A2D63061E32:block_01 sourceStart=32533/16000 frameCount=48000 elapsedMs=24.48
[MEM-EVENT] preview.audio.stage8.render.decode | source=app.audio.source.videoLayer:scene-1-8CEC99DF-E1B3-4C0C-8280-7A2D63061E32:block_02 sourceStart=32533/16000 frameCount=48000 elapsedMs=24.35
[MEM-EVENT] preview.audio.stage8.render.total | range=659199..<707199 segments=5 sources=3 elapsedMs=101.27
[MEM-EVENT] preview.audio.stage8.cache.store | range=659199..<707199 revision=ProjectRevision(raw: 3) epoch=PlaybackEpoch(raw: 3) planIdLen=2816
[MEM-EVENT] preview.audio.canonical.render.end | sources=3
[MEM-EVENT] preview.audio.canonical.nextChunk.render.end | range=659199..<707199 sourceCount=3
[MEM-EVENT] preview.audio.canonical.nextChunk.schedule.begin | range=659199..<707199 sources=3
[MEM-EVENT] preview.audio.canonical.nextChunk.schedule.end | range=659199..<707199 scheduled=1
[MEM-EVENT] preview.audio.canonical.nextChunk.requested | range=707199..<755199 gen=10 inFlight=1
[MEM-EVENT] playback.audio.stop.begin
[MEM-EVENT] displayLink.invalidate | obj=-3400203867621856182
[MEM-EVENT] VideoFrameProvider.stopPlayback | obj=-3581415768655733045 flush=false hasPlaybackTex=true hasStillTex=true hasInteractiveTex=true hasHoldTex=false
[MEM-EVENT] preview.audio.canonical.nextChunk.render.begin | range=707199..<755199 gen=10
[MEM-EVENT] preview.audio.canonical.render.begin | segments=5 range=707199..<755199
[MEM-EVENT] preview.audio.stage8.cache.miss | range=707199..<755199 revision=ProjectRevision(raw: 3) epoch=PlaybackEpoch(raw: 3) planIdLen=2816
[PERF] FPS: 26.5 | CPU: 46.7% (1core), 7.8% (all) | MEM: 104MB res, 232MB foot | GPU: n/a | DRAW: avg 0.00ms, p95 0.00ms, max 0.00ms
[MEM-EVENT] preview.audio.stage8.render.decode | source=app.audio.source.imported:531F4D44-3E03-4BAF-AC42-E5B4D308A7F2 sourceStart=235733/16000 frameCount=48000 elapsedMs=71.73
[MEM-EVENT] preview.audio.stage8.render.decode | source=app.audio.source.videoLayer:scene-1-8CEC99DF-E1B3-4C0C-8280-7A2D63061E32:block_01 sourceStart=48533/16000 frameCount=48000 elapsedMs=24.85
[MEM-EVENT] preview.audio.stage8.render.decode | source=app.audio.source.videoLayer:scene-1-8CEC99DF-E1B3-4C0C-8280-7A2D63061E32:block_02 sourceStart=48533/16000 frameCount=48000 elapsedMs=24.23
[MEM-EVENT] preview.audio.stage8.render.total | range=707199..<755199 segments=5 sources=3 elapsedMs=141.74
[MEM-EVENT] preview.audio.stage8.cache.store | range=707199..<755199 revision=ProjectRevision(raw: 3) epoch=PlaybackEpoch(raw: 3) planIdLen=2816
[MEM-EVENT] preview.audio.canonical.render.end | sources=3
[MEM-EVENT] preview.audio.canonical.nextChunk.dropped | gen=10 current=12 reason=staleOrStopped
[SCRUB-DIAG] FINAL - scroll: 0.0/s | scrubChanged: 0.0/s | playhead: 0.0/s (elapsed: 1.94s)
[MEM-EVENT] audio.session.activate.begin
[MEM-EVENT] audio.session.activate.end | ok=1
[MEM-EVENT] playback.audio.start.begin | compressedFrame=307 projectTimeUs=10233333 state=timelinePreview isPlayingBefore=0
[MEM-EVENT] displayLink.create | obj=-3400203867621856182
[MEM-DIAG] playback.start | footprint: 232MB | resident: 104MB | available: 2839MB | metal: 190MB | SceneInstanceRuntime: 2 | UserMediaService: 3 | VideoFrameProvider: 3
[MEM-EVENT] playback.audio.previewStart.call | projectTimeUs=10233333 hostTime=193903.37193262504
[MEM-EVENT] preview.audio.select | toggle=ON controller=Canonical
[MEM-EVENT] preview.audio.start | dirty=0 hasPipeline=1 readiness=primed
[MEM-EVENT] preview.audio.canonical.legacyGateBypassed | seconds=10.233333 hostTime=193903.37193262504
[MEM-EVENT] preview.audio.canonical.startPlayback.call | seconds=10.233333
[MEM-EVENT] preview.audio.stage8.startPlayback.call | sinceStartMs=0.01 fromSeconds=10.233333
[MEM-EVENT] preview.audio.stage8.plan.eval | sinceStartMs=7.63 elapsedMs=7.49 segments=5
[MEM-EVENT] preview.audio.canonical.plan | segments=5 fromSeconds=10.233333
[MEM-EVENT] preview.audio.stage8.setup.end | sinceStartMs=10.89 graph+session+output+anchor done
[MEM-EVENT] preview.audio.canonical.preroll.build.begin | planSegments=5 range=491199..<500799 gen=11
[MEM-EVENT] preview.audio.stage8.preroll.begin | sinceStartMs=11.00 range=491199..<500799 sampleCount=9600 initialPrerollSamples=9600 maxChunkSamples=48000
[MEM-EVENT] preview.audio.canonical.firstFrameSignal | delivered=1
[MEM-EVENT] preview.audio.stage8.firstFrameSignal | sinceStartMs=13.05 barrierReason=firstFrameArrivedPrerollNotReady
[MEM-EVENT] preview.audio.canonical.render.begin | segments=5 range=491199..<500799
[MEM-EVENT] preview.audio.stage8.cache.miss | range=491199..<500799 revision=ProjectRevision(raw: 4) epoch=PlaybackEpoch(raw: 4) planIdLen=2816
[MEM-EVENT] preview.audio.stage8.render.decode | source=app.audio.source.imported:531F4D44-3E03-4BAF-AC42-E5B4D308A7F2 sourceStart=163733/16000 frameCount=9600 elapsedMs=44.66
[MEM-EVENT] preview.audio.stage8.render.decode | source=app.audio.source.videoLayer:scene-0-1B27C22C-A3AC-4480-9EF0-810D6EB7B169:block_01 sourceStart=163733/16000 frameCount=9600 elapsedMs=29.22
[MEM-EVENT] preview.audio.stage8.render.total | range=491199..<500799 segments=5 sources=2 elapsedMs=77.98
[MEM-EVENT] preview.audio.stage8.cache.store | range=491199..<500799 revision=ProjectRevision(raw: 4) epoch=PlaybackEpoch(raw: 4) planIdLen=2816
[MEM-EVENT] preview.audio.canonical.render.end | sources=2
[MEM-EVENT] preview.audio.canonical.preroll.build.end | sourceCount=2 bufferCount=2
[MEM-EVENT] preview.audio.stage8.preroll.end | sinceStartMs=96.50 renderElapsedMs=85.49 sourceCount=2
[MEM-EVENT] preview.audio.stage8.barrier.cross | sinceStartMs=96.50
[MEM-EVENT] preview.audio.canonical.graph.schedule.begin | sources=2
[MEM-EVENT] preview.audio.canonical.graph.schedule.end | scheduled=1
[MEM-EVENT] preview.audio.stage8.graph.schedule.end | sinceStartMs=138.25 scheduleMs=41.73
[MEM-EVENT] preview.audio.canonical.engine.start.begin
[MEM-EVENT] preview.audio.canonical.player.play.begin
[MEM-EVENT] preview.audio.canonical.player.play.end
[MEM-EVENT] preview.audio.canonical.engine.start.end
[MEM-EVENT] preview.audio.stage8.player.play.end | sinceStartMs=138.27 playStartMs=0.01
[MEM-EVENT] preview.audio.canonical.scheduled | scheduled=1 sources=2 started=1
[MEM-EVENT] preview.audio.stage8.scheduled.total | sinceStartMs=138.28 totalStartToScheduledMs=138.28
[MEM-EVENT] preview.audio.canonical.nextChunk.requested | range=500799..<548799 gen=14 inFlight=1
[MEM-EVENT] preview.audio.canonical.nextChunk.render.begin | range=500799..<548799 gen=14
[MEM-EVENT] preview.audio.canonical.render.begin | segments=5 range=500799..<548799
[MEM-EVENT] preview.audio.stage8.cache.miss | range=500799..<548799 revision=ProjectRevision(raw: 4) epoch=PlaybackEpoch(raw: 4) planIdLen=2816
[MEM-EVENT] preview.audio.stage8.render.decode | source=app.audio.source.imported:531F4D44-3E03-4BAF-AC42-E5B4D308A7F2 sourceStart=166933/16000 frameCount=48000 elapsedMs=32.45
[MEM-EVENT] preview.audio.stage8.render.decode | source=app.audio.source.videoLayer:scene-0-1B27C22C-A3AC-4480-9EF0-810D6EB7B169:block_01 sourceStart=166933/16000 frameCount=48000 elapsedMs=25.14
[MEM-EVENT] preview.audio.stage8.render.total | range=500799..<548799 segments=5 sources=2 elapsedMs=71.52
[MEM-EVENT] preview.audio.stage8.cache.store | range=500799..<548799 revision=ProjectRevision(raw: 4) epoch=PlaybackEpoch(raw: 4) planIdLen=2816
[MEM-EVENT] preview.audio.canonical.render.end | sources=2
[MEM-EVENT] preview.audio.canonical.nextChunk.render.end | range=500799..<548799 sourceCount=2
[MEM-EVENT] preview.audio.canonical.nextChunk.schedule.begin | range=500799..<548799 sources=2
[MEM-EVENT] preview.audio.canonical.nextChunk.schedule.end | range=500799..<548799 scheduled=1
[MEM-EVENT] preview.audio.canonical.nextChunk.requested | range=548799..<596799 gen=14 inFlight=1
[MEM-EVENT] preview.audio.canonical.nextChunk.render.begin | range=548799..<596799 gen=14
[MEM-EVENT] preview.audio.canonical.render.begin | segments=5 range=548799..<596799
[MEM-EVENT] preview.audio.stage8.cache.miss | range=548799..<596799 revision=ProjectRevision(raw: 4) epoch=PlaybackEpoch(raw: 4) planIdLen=2816
[MEM-EVENT] preview.audio.stage8.render.decode | source=app.audio.source.imported:531F4D44-3E03-4BAF-AC42-E5B4D308A7F2 sourceStart=182933/16000 frameCount=48000 elapsedMs=29.35
[MEM-EVENT] preview.audio.stage8.render.decode | source=app.audio.source.videoLayer:scene-0-1B27C22C-A3AC-4480-9EF0-810D6EB7B169:block_01 sourceStart=182933/16000 frameCount=12801 elapsedMs=25.96
[VideoFrameProvider] playback: 37 OK, 0 nil (0.0%) | itemTime=10.535s | lastExtracted=10.568s | active=true
[MEM-EVENT] preview.audio.stage8.render.decode | source=app.audio.source.videoLayer:scene-1-8CEC99DF-E1B3-4C0C-8280-7A2D63061E32:block_01 sourceStart=0/1 frameCount=35199 elapsedMs=24.38
[MEM-EVENT] preview.audio.stage8.render.decode | source=app.audio.source.videoLayer:scene-1-8CEC99DF-E1B3-4C0C-8280-7A2D63061E32:block_02 sourceStart=0/1 frameCount=35199 elapsedMs=24.86
[MEM-EVENT] preview.audio.stage8.render.total | range=548799..<596799 segments=5 sources=4 elapsedMs=123.98
[MEM-EVENT] preview.audio.stage8.cache.store | range=548799..<596799 revision=ProjectRevision(raw: 4) epoch=PlaybackEpoch(raw: 4) planIdLen=2816
[MEM-EVENT] preview.audio.canonical.render.end | sources=4
[MEM-EVENT] preview.audio.canonical.nextChunk.render.end | range=548799..<596799 sourceCount=4
[MEM-EVENT] preview.audio.canonical.nextChunk.schedule.begin | range=548799..<596799 sources=4
[MEM-EVENT] preview.audio.canonical.nextChunk.schedule.end | range=548799..<596799 scheduled=1
[MEM-EVENT] preview.audio.canonical.nextChunk.requested | range=596799..<644799 gen=14 inFlight=1
[MEM-EVENT] preview.audio.canonical.nextChunk.render.begin | range=596799..<644799 gen=14
[MEM-EVENT] preview.audio.canonical.render.begin | segments=5 range=596799..<644799
[MEM-EVENT] preview.audio.stage8.cache.miss | range=596799..<644799 revision=ProjectRevision(raw: 4) epoch=PlaybackEpoch(raw: 4) planIdLen=2816
[MEM-EVENT] preview.audio.stage8.render.decode | source=app.audio.source.imported:531F4D44-3E03-4BAF-AC42-E5B4D308A7F2 sourceStart=198933/16000 frameCount=48000 elapsedMs=30.77
[MEM-EVENT] preview.audio.stage8.render.decode | source=app.audio.source.videoLayer:scene-1-8CEC99DF-E1B3-4C0C-8280-7A2D63061E32:block_01 sourceStart=11733/16000 frameCount=48000 elapsedMs=25.90
[MEM-EVENT] preview.audio.stage8.render.decode | source=app.audio.source.videoLayer:scene-1-8CEC99DF-E1B3-4C0C-8280-7A2D63061E32:block_02 sourceStart=11733/16000 frameCount=48000 elapsedMs=24.46
[MEM-EVENT] preview.audio.stage8.render.total | range=596799..<644799 segments=5 sources=3 elapsedMs=102.27
[MEM-EVENT] preview.audio.stage8.cache.store | range=596799..<644799 revision=ProjectRevision(raw: 4) epoch=PlaybackEpoch(raw: 4) planIdLen=2816
[MEM-EVENT] preview.audio.canonical.render.end | sources=3
[MEM-EVENT] preview.audio.canonical.nextChunk.render.end | range=596799..<644799 sourceCount=3
[MEM-EVENT] preview.audio.canonical.nextChunk.schedule.begin | range=596799..<644799 sources=3
[MEM-EVENT] preview.audio.canonical.nextChunk.schedule.end | range=596799..<644799 scheduled=1
[MEM-EVENT] preview.audio.canonical.nextChunk.requested | range=644799..<692799 gen=14 inFlight=1
[MEM-EVENT] preview.audio.canonical.nextChunk.render.begin | range=644799..<692799 gen=14
[MEM-EVENT] preview.audio.canonical.render.begin | segments=5 range=644799..<692799
[MEM-EVENT] preview.audio.stage8.cache.miss | range=644799..<692799 revision=ProjectRevision(raw: 4) epoch=PlaybackEpoch(raw: 4) planIdLen=2816
[MEM-EVENT] preview.audio.stage8.render.decode | source=app.audio.source.imported:531F4D44-3E03-4BAF-AC42-E5B4D308A7F2 sourceStart=214933/16000 frameCount=48000 elapsedMs=29.52
[MEM-EVENT] preview.audio.stage8.render.decode | source=app.audio.source.videoLayer:scene-1-8CEC99DF-E1B3-4C0C-8280-7A2D63061E32:block_01 sourceStart=27733/16000 frameCount=48000 elapsedMs=24.86
[MEM-EVENT] preview.audio.stage8.render.decode | source=app.audio.source.videoLayer:scene-1-8CEC99DF-E1B3-4C0C-8280-7A2D63061E32:block_02 sourceStart=27733/16000 frameCount=48000 elapsedMs=24.97
[MEM-EVENT] preview.audio.stage8.render.total | range=644799..<692799 segments=5 sources=3 elapsedMs=100.17
[MEM-EVENT] preview.audio.stage8.cache.store | range=644799..<692799 revision=ProjectRevision(raw: 4) epoch=PlaybackEpoch(raw: 4) planIdLen=2816
[MEM-EVENT] preview.audio.canonical.render.end | sources=3
[MEM-EVENT] preview.audio.canonical.nextChunk.render.end | range=644799..<692799 sourceCount=3
[MEM-EVENT] preview.audio.canonical.nextChunk.schedule.begin | range=644799..<692799 sources=3
[MEM-EVENT] preview.audio.canonical.nextChunk.schedule.end | range=644799..<692799 scheduled=1
[MEM-EVENT] preview.audio.canonical.nextChunk.requested | range=692799..<740799 gen=14 inFlight=1
[MEM-EVENT] preview.audio.canonical.nextChunk.render.begin | range=692799..<740799 gen=14
[MEM-EVENT] preview.audio.canonical.render.begin | segments=5 range=692799..<740799
[MEM-EVENT] preview.audio.stage8.cache.miss | range=692799..<740799 revision=ProjectRevision(raw: 4) epoch=PlaybackEpoch(raw: 4) planIdLen=2816
[MEM-EVENT] preview.audio.stage8.render.decode | source=app.audio.source.imported:531F4D44-3E03-4BAF-AC42-E5B4D308A7F2 sourceStart=230933/16000 frameCount=48000 elapsedMs=29.64
[MEM-EVENT] preview.audio.stage8.render.decode | source=app.audio.source.videoLayer:scene-1-8CEC99DF-E1B3-4C0C-8280-7A2D63061E32:block_01 sourceStart=43733/16000 frameCount=48000 elapsedMs=24.46
[MEM-EVENT] preview.audio.stage8.render.decode | source=app.audio.source.videoLayer:scene-1-8CEC99DF-E1B3-4C0C-8280-7A2D63061E32:block_02 sourceStart=43733/16000 frameCount=48000 elapsedMs=25.64
[MEM-EVENT] preview.audio.stage8.render.total | range=692799..<740799 segments=5 sources=3 elapsedMs=100.41
[MEM-EVENT] preview.audio.stage8.cache.store | range=692799..<740799 revision=ProjectRevision(raw: 4) epoch=PlaybackEpoch(raw: 4) planIdLen=2816
[MEM-EVENT] preview.audio.canonical.render.end | sources=3
[MEM-EVENT] preview.audio.canonical.nextChunk.render.end | range=692799..<740799 sourceCount=3
[MEM-EVENT] preview.audio.canonical.nextChunk.schedule.begin | range=692799..<740799 sources=3
[MEM-EVENT] preview.audio.canonical.nextChunk.schedule.end | range=692799..<740799 scheduled=1
[MEM-EVENT] preview.audio.canonical.nextChunk.requested | range=740799..<788799 gen=14 inFlight=1
[MEM-EVENT] preview.audio.canonical.nextChunk.render.begin | range=740799..<788799 gen=14
[MEM-EVENT] preview.audio.canonical.render.begin | segments=5 range=740799..<788799
[MEM-EVENT] preview.audio.stage8.cache.miss | range=740799..<788799 revision=ProjectRevision(raw: 4) epoch=PlaybackEpoch(raw: 4) planIdLen=2816
[MEM-EVENT] preview.audio.stage8.render.decode | source=app.audio.source.imported:531F4D44-3E03-4BAF-AC42-E5B4D308A7F2 sourceStart=246933/16000 frameCount=48000 elapsedMs=30.31
[MEM-EVENT] preview.audio.stage8.render.decode | source=app.audio.source.videoLayer:scene-1-8CEC99DF-E1B3-4C0C-8280-7A2D63061E32:block_01 sourceStart=59733/16000 frameCount=48000 elapsedMs=24.95
[MEM-EVENT] preview.audio.stage8.render.decode | source=app.audio.source.videoLayer:scene-1-8CEC99DF-E1B3-4C0C-8280-7A2D63061E32:block_02 sourceStart=59733/16000 frameCount=48000 elapsedMs=25.10
[MEM-EVENT] preview.audio.stage8.render.total | range=740799..<788799 segments=5 sources=3 elapsedMs=101.07
[MEM-EVENT] preview.audio.stage8.cache.store | range=740799..<788799 revision=ProjectRevision(raw: 4) epoch=PlaybackEpoch(raw: 4) planIdLen=2816
[MEM-EVENT] preview.audio.canonical.render.end | sources=3
[MEM-EVENT] preview.audio.canonical.nextChunk.render.end | range=740799..<788799 sourceCount=3
[MEM-EVENT] preview.audio.canonical.nextChunk.schedule.begin | range=740799..<788799 sources=3
[MEM-EVENT] preview.audio.canonical.nextChunk.schedule.end | range=740799..<788799 scheduled=1
[MEM-EVENT] preview.audio.canonical.nextChunk.requested | range=788799..<836799 gen=14 inFlight=1
[MEM-EVENT] preview.audio.canonical.nextChunk.render.begin | range=788799..<836799 gen=14
[MEM-EVENT] preview.audio.canonical.render.begin | segments=5 range=788799..<836799
[MEM-EVENT] preview.audio.stage8.cache.miss | range=788799..<836799 revision=ProjectRevision(raw: 4) epoch=PlaybackEpoch(raw: 4) planIdLen=2816
[MEM-EVENT] preview.audio.stage8.render.decode | source=app.audio.source.imported:531F4D44-3E03-4BAF-AC42-E5B4D308A7F2 sourceStart=262933/16000 frameCount=48000 elapsedMs=29.63
[MEM-EVENT] preview.audio.stage8.render.decode | source=app.audio.source.videoLayer:scene-1-8CEC99DF-E1B3-4C0C-8280-7A2D63061E32:block_01 sourceStart=75733/16000 frameCount=48000 elapsedMs=24.60
[MEM-EVENT] preview.audio.stage8.render.decode | source=app.audio.source.videoLayer:scene-1-8CEC99DF-E1B3-4C0C-8280-7A2D63061E32:block_02 sourceStart=75733/16000 frameCount=48000 elapsedMs=26.52
[MEM-EVENT] preview.audio.stage8.render.total | range=788799..<836799 segments=5 sources=3 elapsedMs=101.13
[MEM-EVENT] preview.audio.stage8.cache.store | range=788799..<836799 revision=ProjectRevision(raw: 4) epoch=PlaybackEpoch(raw: 4) planIdLen=2816
[MEM-EVENT] preview.audio.canonical.render.end | sources=3
[MEM-EVENT] preview.audio.canonical.nextChunk.render.end | range=788799..<836799 sourceCount=3
[MEM-EVENT] preview.audio.canonical.nextChunk.schedule.begin | range=788799..<836799 sources=3
[MEM-EVENT] preview.audio.canonical.nextChunk.schedule.end | range=788799..<836799 scheduled=1
[MEM-EVENT] preview.audio.canonical.nextChunk.requested | range=836799..<884799 gen=14 inFlight=1
[MEM-EVENT] preview.audio.canonical.nextChunk.render.begin | range=836799..<884799 gen=14
[MEM-EVENT] preview.audio.canonical.render.begin | segments=5 range=836799..<884799
[MEM-EVENT] preview.audio.stage8.cache.miss | range=836799..<884799 revision=ProjectRevision(raw: 4) epoch=PlaybackEpoch(raw: 4) planIdLen=2816
[MEM-EVENT] preview.audio.stage8.render.decode | source=app.audio.source.imported:531F4D44-3E03-4BAF-AC42-E5B4D308A7F2 sourceStart=278933/16000 frameCount=48000 elapsedMs=30.49
[MEM-EVENT] preview.audio.stage8.render.decode | source=app.audio.source.videoLayer:scene-1-8CEC99DF-E1B3-4C0C-8280-7A2D63061E32:block_01 sourceStart=91733/16000 frameCount=12801 elapsedMs=23.39
[MEM-EVENT] preview.audio.stage8.render.decode | source=app.audio.source.videoLayer:scene-1-8CEC99DF-E1B3-4C0C-8280-7A2D63061E32:block_02 sourceStart=91733/16000 frameCount=12801 elapsedMs=23.94
[MEM-EVENT] preview.audio.stage8.render.decode | source=app.audio.source.videoLayer:scene-2-3304AAF6-462C-48E7-B553-C8D414899AA7:block_01 sourceStart=0/1 frameCount=35199 elapsedMs=25.22
[MEM-EVENT] preview.audio.stage8.render.total | range=836799..<884799 segments=5 sources=4 elapsedMs=119.57
[MEM-EVENT] preview.audio.stage8.cache.store | range=836799..<884799 revision=ProjectRevision(raw: 4) epoch=PlaybackEpoch(raw: 4) planIdLen=2816
[MEM-EVENT] preview.audio.canonical.render.end | sources=4
[MEM-EVENT] preview.audio.canonical.nextChunk.render.end | range=836799..<884799 sourceCount=4
[MEM-EVENT] preview.audio.canonical.nextChunk.schedule.begin | range=836799..<884799 sources=4
[MEM-EVENT] preview.audio.canonical.nextChunk.schedule.end | range=836799..<884799 scheduled=1
[MEM-EVENT] preview.audio.canonical.nextChunk.requested | range=884799..<932799 gen=14 inFlight=1
[MEM-EVENT] preview.audio.canonical.nextChunk.render.begin | range=884799..<932799 gen=14
[MEM-EVENT] preview.audio.canonical.render.begin | segments=5 range=884799..<932799
[MEM-EVENT] preview.audio.stage8.cache.miss | range=884799..<932799 revision=ProjectRevision(raw: 4) epoch=PlaybackEpoch(raw: 4) planIdLen=2816
[MEM-EVENT] preview.audio.stage8.render.decode | source=app.audio.source.imported:531F4D44-3E03-4BAF-AC42-E5B4D308A7F2 sourceStart=294933/16000 frameCount=48000 elapsedMs=29.31
[MEM-EVENT] preview.audio.stage8.render.decode | source=app.audio.source.videoLayer:scene-2-3304AAF6-462C-48E7-B553-C8D414899AA7:block_01 sourceStart=11733/16000 frameCount=48000 elapsedMs=24.74
[MEM-EVENT] preview.audio.stage8.render.total | range=884799..<932799 segments=5 sources=2 elapsedMs=68.36
[MEM-EVENT] preview.audio.stage8.cache.store | range=884799..<932799 revision=ProjectRevision(raw: 4) epoch=PlaybackEpoch(raw: 4) planIdLen=2816
[MEM-EVENT] preview.audio.canonical.render.end | sources=2
[MEM-EVENT] preview.audio.canonical.nextChunk.render.end | range=884799..<932799 sourceCount=2
[MEM-EVENT] preview.audio.canonical.nextChunk.schedule.begin | range=884799..<932799 sources=2
[MEM-EVENT] preview.audio.canonical.nextChunk.schedule.end | range=884799..<932799 scheduled=1
[MEM-EVENT] preview.audio.canonical.nextChunk.requested | range=932799..<980799 gen=14 inFlight=1
[PERF] FPS: 23.5 | CPU: 46.8% (1core), 7.8% (all) | MEM: 104MB res, 232MB foot | GPU: n/a | DRAW: avg 0.00ms, p95 0.00ms, max 0.00ms
[MEM-EVENT] preview.audio.canonical.nextChunk.render.begin | range=932799..<980799 gen=14
[MEM-EVENT] preview.audio.canonical.render.begin | segments=5 range=932799..<980799
[MEM-EVENT] preview.audio.stage8.cache.miss | range=932799..<980799 revision=ProjectRevision(raw: 4) epoch=PlaybackEpoch(raw: 4) planIdLen=2816
[MEM-EVENT] preview.audio.stage8.render.decode | source=app.audio.source.imported:531F4D44-3E03-4BAF-AC42-E5B4D308A7F2 sourceStart=310933/16000 frameCount=48000 elapsedMs=29.89
[MEM-EVENT] preview.audio.stage8.render.decode | source=app.audio.source.videoLayer:scene-2-3304AAF6-462C-48E7-B553-C8D414899AA7:block_01 sourceStart=27733/16000 frameCount=48000 elapsedMs=25.50
[MEM-EVENT] preview.audio.stage8.render.total | range=932799..<980799 segments=5 sources=2 elapsedMs=69.09
[MEM-EVENT] preview.audio.stage8.cache.store | range=932799..<980799 revision=ProjectRevision(raw: 4) epoch=PlaybackEpoch(raw: 4) planIdLen=2816
[MEM-EVENT] preview.audio.canonical.render.end | sources=2
[MEM-EVENT] preview.audio.canonical.nextChunk.render.end | range=932799..<980799 sourceCount=2
[MEM-EVENT] preview.audio.canonical.nextChunk.schedule.begin | range=932799..<980799 sources=2
[MEM-EVENT] preview.audio.canonical.nextChunk.schedule.end | range=932799..<980799 scheduled=1
[MEM-EVENT] preview.audio.canonical.nextChunk.requested | range=980799..<1028799 gen=14 inFlight=1
[MEM-EVENT] preview.audio.canonical.nextChunk.render.begin | range=980799..<1028799 gen=14
[MEM-EVENT] preview.audio.canonical.render.begin | segments=5 range=980799..<1028799
[MEM-EVENT] preview.audio.stage8.cache.miss | range=980799..<1028799 revision=ProjectRevision(raw: 4) epoch=PlaybackEpoch(raw: 4) planIdLen=2816
[MEM-EVENT] preview.audio.stage8.render.decode | source=app.audio.source.imported:531F4D44-3E03-4BAF-AC42-E5B4D308A7F2 sourceStart=326933/16000 frameCount=48000 elapsedMs=30.34
[VideoFrameProvider] playback: 1 OK, 0 nil (0.0%) | itemTime=0.000s | lastExtracted=0.000s | active=true
[VideoFrameProvider] playback: 1 OK, 0 nil (0.0%) | itemTime=0.000s | lastExtracted=0.000s | active=true
[MEM-EVENT] VideoFrameProvider.stopPlayback | obj=-3581415768655733045 flush=false hasPlaybackTex=true hasStillTex=true hasInteractiveTex=true hasHoldTex=false
[MEM-EVENT] preview.audio.stage8.render.decode | source=app.audio.source.videoLayer:scene-2-3304AAF6-462C-48E7-B553-C8D414899AA7:block_01 sourceStart=43733/16000 frameCount=48000 elapsedMs=36.35
[MEM-EVENT] preview.audio.stage8.render.total | range=980799..<1028799 segments=5 sources=2 elapsedMs=92.86
[MEM-EVENT] preview.audio.stage8.cache.store | range=980799..<1028799 revision=ProjectRevision(raw: 4) epoch=PlaybackEpoch(raw: 4) planIdLen=2816
[MEM-EVENT] preview.audio.canonical.render.end | sources=2
[MEM-EVENT] preview.audio.canonical.nextChunk.render.end | range=980799..<1028799 sourceCount=2
[MEM-EVENT] preview.audio.canonical.nextChunk.schedule.begin | range=980799..<1028799 sources=2
[MEM-EVENT] preview.audio.canonical.nextChunk.schedule.end | range=980799..<1028799 scheduled=1
[MEM-EVENT] preview.audio.canonical.nextChunk.requested | range=1028799..<1076799 gen=14 inFlight=1
[MEM-EVENT] preview.audio.canonical.nextChunk.render.begin | range=1028799..<1076799 gen=14
[MEM-EVENT] preview.audio.canonical.render.begin | segments=5 range=1028799..<1076799
[MEM-EVENT] preview.audio.stage8.cache.miss | range=1028799..<1076799 revision=ProjectRevision(raw: 4) epoch=PlaybackEpoch(raw: 4) planIdLen=2816
[MEM-EVENT] preview.audio.stage8.render.decode | source=app.audio.source.imported:531F4D44-3E03-4BAF-AC42-E5B4D308A7F2 sourceStart=342933/16000 frameCount=48000 elapsedMs=36.38
[MEM-EVENT] preview.audio.stage8.render.decode | source=app.audio.source.videoLayer:scene-2-3304AAF6-462C-48E7-B553-C8D414899AA7:block_01 sourceStart=59733/16000 frameCount=48000 elapsedMs=23.48
[MEM-EVENT] preview.audio.stage8.render.total | range=1028799..<1076799 segments=5 sources=2 elapsedMs=74.01
[MEM-EVENT] preview.audio.stage8.cache.store | range=1028799..<1076799 revision=ProjectRevision(raw: 4) epoch=PlaybackEpoch(raw: 4) planIdLen=2816
[MEM-EVENT] preview.audio.canonical.render.end | sources=2
[MEM-EVENT] preview.audio.canonical.nextChunk.render.end | range=1028799..<1076799 sourceCount=2
[MEM-EVENT] preview.audio.canonical.nextChunk.schedule.begin | range=1028799..<1076799 sources=2
[MEM-EVENT] preview.audio.canonical.nextChunk.schedule.end | range=1028799..<1076799 scheduled=1
[MEM-EVENT] preview.audio.canonical.nextChunk.requested | range=1076799..<1124799 gen=14 inFlight=1
[MEM-EVENT] preview.audio.canonical.nextChunk.render.begin | range=1076799..<1124799 gen=14
[MEM-EVENT] preview.audio.canonical.render.begin | segments=5 range=1076799..<1124799
[MEM-EVENT] preview.audio.stage8.cache.miss | range=1076799..<1124799 revision=ProjectRevision(raw: 4) epoch=PlaybackEpoch(raw: 4) planIdLen=2816
[MEM-EVENT] preview.audio.stage8.render.decode | source=app.audio.source.imported:531F4D44-3E03-4BAF-AC42-E5B4D308A7F2 sourceStart=358933/16000 frameCount=48000 elapsedMs=30.02
[MEM-EVENT] preview.audio.stage8.render.decode | source=app.audio.source.videoLayer:scene-2-3304AAF6-462C-48E7-B553-C8D414899AA7:block_01 sourceStart=75733/16000 frameCount=48000 elapsedMs=25.74
[MEM-EVENT] preview.audio.stage8.render.total | range=1076799..<1124799 segments=5 sources=2 elapsedMs=70.16
[MEM-EVENT] preview.audio.stage8.cache.store | range=1076799..<1124799 revision=ProjectRevision(raw: 4) epoch=PlaybackEpoch(raw: 4) planIdLen=2816
[MEM-EVENT] preview.audio.canonical.render.end | sources=2
[MEM-EVENT] preview.audio.canonical.nextChunk.render.end | range=1076799..<1124799 sourceCount=2
[MEM-EVENT] preview.audio.canonical.nextChunk.schedule.begin | range=1076799..<1124799 sources=2
[MEM-EVENT] preview.audio.canonical.nextChunk.schedule.end | range=1076799..<1124799 scheduled=1
[MEM-EVENT] preview.audio.canonical.nextChunk.requested | range=1124799..<1172799 gen=14 inFlight=1
[MEM-EVENT] preview.audio.canonical.nextChunk.render.begin | range=1124799..<1172799 gen=14
[MEM-EVENT] preview.audio.canonical.render.begin | segments=5 range=1124799..<1172799
[MEM-EVENT] preview.audio.stage8.cache.miss | range=1124799..<1172799 revision=ProjectRevision(raw: 4) epoch=PlaybackEpoch(raw: 4) planIdLen=2816
[MEM-EVENT] preview.audio.stage8.render.decode | source=app.audio.source.imported:531F4D44-3E03-4BAF-AC42-E5B4D308A7F2 sourceStart=374933/16000 frameCount=48000 elapsedMs=29.16
[MEM-EVENT] preview.audio.stage8.render.decode | source=app.audio.source.videoLayer:scene-2-3304AAF6-462C-48E7-B553-C8D414899AA7:block_01 sourceStart=91733/16000 frameCount=48000 elapsedMs=25.87
[MEM-EVENT] preview.audio.stage8.render.total | range=1124799..<1172799 segments=5 sources=2 elapsedMs=70.72
[MEM-EVENT] preview.audio.stage8.cache.store | range=1124799..<1172799 revision=ProjectRevision(raw: 4) epoch=PlaybackEpoch(raw: 4) planIdLen=2816
[MEM-EVENT] preview.audio.canonical.render.end | sources=2
[MEM-EVENT] preview.audio.canonical.nextChunk.render.end | range=1124799..<1172799 sourceCount=2
[MEM-EVENT] preview.audio.canonical.nextChunk.schedule.begin | range=1124799..<1172799 sources=2
[MEM-EVENT] preview.audio.canonical.nextChunk.schedule.end | range=1124799..<1172799 scheduled=1
[MEM-EVENT] preview.audio.canonical.nextChunk.requested | range=1172799..<1220799 gen=14 inFlight=1
[MEM-EVENT] preview.audio.canonical.nextChunk.render.begin | range=1172799..<1220799 gen=14
[MEM-EVENT] preview.audio.canonical.render.begin | segments=5 range=1172799..<1220799
[MEM-EVENT] preview.audio.stage8.cache.miss | range=1172799..<1220799 revision=ProjectRevision(raw: 4) epoch=PlaybackEpoch(raw: 4) planIdLen=2816
[MEM-EVENT] preview.audio.stage8.render.decode | source=app.audio.source.imported:531F4D44-3E03-4BAF-AC42-E5B4D308A7F2 sourceStart=390933/16000 frameCount=48000 elapsedMs=31.37
[MEM-EVENT] preview.audio.stage8.render.decode | source=app.audio.source.videoLayer:scene-2-3304AAF6-462C-48E7-B553-C8D414899AA7:block_01 sourceStart=107733/16000 frameCount=48000 elapsedMs=25.01
[MEM-EVENT] playback.audio.stop.begin
[MEM-EVENT] preview.audio.stage8.render.total | range=1172799..<1220799 segments=5 sources=2 elapsedMs=70.85
[MEM-EVENT] preview.audio.stage8.cache.store | range=1172799..<1220799 revision=ProjectRevision(raw: 4) epoch=PlaybackEpoch(raw: 4) planIdLen=2816
[MEM-EVENT] displayLink.invalidate | obj=-3400203867621856182
[MEM-EVENT] VideoFrameProvider.stopPlayback | obj=-1000523602809374991 flush=false hasPlaybackTex=true hasStillTex=true hasInteractiveTex=false hasHoldTex=false
[MEM-EVENT] VideoFrameProvider.stopPlayback | obj=6014809110389477349 flush=false hasPlaybackTex=true hasStillTex=true hasInteractiveTex=false hasHoldTex=false
[MEM-EVENT] playback.idleReclaim.skip | reason=scrubActive
[MEM-EVENT] preview.audio.canonical.render.end | sources=2
[MEM-EVENT] preview.audio.canonical.nextChunk.dropped | gen=14 current=16 reason=staleOrStopped
[SCRUB-DIAG] FINAL - scroll: 0.0/s | scrubChanged: 0.0/s | playhead: 0.0/s (elapsed: 2.43s)
[SCRUB-DIAG] FINAL - scroll: 0.0/s | scrubChanged: 0.0/s | playhead: 0.0/s (elapsed: 1.05s)
[PERF] FPS: 22.0 | CPU: 11.8% (1core), 2.0% (all) | MEM: 103MB res, 401MB foot | GPU: n/a | DRAW: avg 0.00ms, p95 0.00ms, max 0.00ms
[SCRUB-DIAG] FINAL - scroll: 0.0/s | scrubChanged: 0.0/s | playhead: 0.0/s (elapsed: 0.32s)
[PerfCounter] applySnapshot(scene): 49
[PerfCounter] applySnapshot(scene): 50
[PerfCounter] applySnapshot(scene): 51
[PerfCounter] applySnapshot(scene): 52
[PerfCounter] applySnapshot(scene): 53
[PerfCounter] applySnapshot(scene): 54
[PerfCounter] applySnapshot(scene): 55
[PerfCounter] applySnapshot(scene): 56
[PerfCounter] applySnapshot(scene): 57
[PerfCounter] applySnapshot(scene): 58
[PerfCounter] applySnapshot(scene): 59
[PerfCounter] applySnapshot(scene): 60
[PerfCounter] applySnapshot(scene): 61
[PerfCounter] applySnapshot(scene): 62
[PerfCounter] applySnapshot(scene): 63
[PerfCounter] applySnapshot(scene): 64
[PerfCounter] layout(scene): 30
[PerfCounter] applySnapshot(scene): 65
[PerfCounter] applySnapshot(scene): 66
[PerfCounter] applySnapshot(scene): 67
[PerfCounter] applySnapshot(scene): 68
[PerfCounter] applySnapshot(scene): 69
[PerfCounter] applySnapshot(scene): 70
[PerfCounter] applySnapshot(scene): 71
[PerfCounter] applySnapshot(scene): 72
[MEM-EVENT] preview.audio.markDirty | generation=2 playing=0 state=timelinePreview
[MEM-EVENT] preview.audio.select | toggle=ON controller=Canonical
[MEM-EVENT] preview.audio.prepare | canonicalIdlePrepareSkipped=1
[MEM-EVENT] audio.session.activate.begin
[MEM-EVENT] audio.session.activate.end | ok=1
[MEM-EVENT] Runtime.create.start | id=3304AAF6-462C-48E7-B553-C8D414899AA7 sceneType=polaroid_shared_demo
[MEM-EVENT] SceneTypeCache.preload.start | id=polaroid_shared_demo cached=2
[MEM-EVENT] compiledPackage.load.summary | file=compiled.tve bytes=14848 read=0.002s validate=0.000s decode=0.006s total=0.008s assets=6
[MEM-EVENT] sceneTypeLoad.summary | id=polaroid_shared_demo package=0.008s localIndex=0.000s sharedIndex=0.001s resolver=0.000s total=0.010s
[MEM-EVENT] SceneTypeCache.preload.summary | id=polaroid_shared_demo source=cold io=0.01s provider=0.00s textures=0.11s total=0.12s
[MEM-EVENT] SceneTypeCache.preload.stored | id=polaroid_shared_demo total=3 ids=full_image,polaroid_shared_demo,polaroid_2
[MEM-EVENT] UserMediaService.init | obj=-5604994757311985268
[MEM-EVENT] SceneInstanceRuntime.init | obj=-4223610421426028869 id=3304AAF6-462C-48E7-B553-C8D414899AA7 type=polaroid_shared_demo
[MEM-EVENT] UMS.cleanupVideo | obj=-5604994757311985268 blockId=block_01
[MEM-EVENT] CVTextureCache.create | owner=UserMediaTextureFactory
[MEM-EVENT] VideoFrameProvider.init | obj=-4737132268379299807
[MediaRestoreCoordinator] Restored video for block_01: presentOnReady=true, success
[MEM-EVENT] SceneInstanceRuntime.applyState | obj=-4223610421426028869 id=3304AAF6-462C-48E7-B553-C8D414899AA7 restored=1
[MEM-EVENT] Runtime.create.complete | id=3304AAF6-462C-48E7-B553-C8D414899AA7 outcome=success total=3
[MEM-EVENT] SceneInstanceRuntime.prepare | obj=-4223610421426028869 id=3304AAF6-462C-48E7-B553-C8D414899AA7 frame=0
[VideoFrameProvider] READY: 3304AAF6-462C-48E7-B553-C8D414899AA7_block_01_517771B0-CF4D-4FAC-A696-1861F38005BB.mp4 | dur=13.70s | sceneFPS=30.0 | trackFPS=30.00 | size=720x1280 | transform=[1.0,0.0,0.0,1.0,0.0,0.0]
[SceneInstanceRuntime] Ready for presentation at frame 0: 3304AAF6-462C-48E7-B553-C8D414899AA7
[MEM-EVENT] playback.audio.start.begin | compressedFrame=335 projectTimeUs=11166666 state=timelinePreview isPlayingBefore=0
[MEM-EVENT] displayLink.create | obj=-3400203867621856182
[MEM-DIAG] playback.start | footprint: 431MB | resident: 113MB | available: 2640MB | metal: 379MB | SceneInstanceRuntime: 3 | UserMediaService: 4 | VideoFrameProvider: 4
[MEM-EVENT] playback.audio.previewStart.call | projectTimeUs=11166666 hostTime=193907.9884883334
[MEM-EVENT] preview.audio.select | toggle=ON controller=Canonical
[MEM-EVENT] preview.audio.start | dirty=1 hasPipeline=1 readiness=primed
[MEM-EVENT] preview.audio.canonical.legacyGateBypassed | seconds=11.166666 hostTime=193907.9884883334
[MEM-EVENT] preview.audio.canonical.startPlayback.call | seconds=11.166666
[MEM-EVENT] preview.audio.stage8.startPlayback.call | sinceStartMs=0.00 fromSeconds=11.166666
[MEM-EVENT] preview.audio.stage8.plan.eval | sinceStartMs=2.92 elapsedMs=2.88 segments=5
[MEM-EVENT] preview.audio.canonical.plan | segments=5 fromSeconds=11.166666
[MEM-EVENT] preview.audio.stage8.setup.end | sinceStartMs=4.86 graph+session+output+anchor done
[MEM-EVENT] preview.audio.canonical.preroll.build.begin | planSegments=5 range=535999..<545599 gen=14
[MEM-EVENT] preview.audio.stage8.preroll.begin | sinceStartMs=4.89 range=535999..<545599 sampleCount=9600 initialPrerollSamples=9600 maxChunkSamples=48000
[MEM-EVENT] preview.audio.canonical.render.begin | segments=5 range=535999..<545599
[MEM-EVENT] preview.audio.stage8.cache.miss | range=535999..<545599 revision=ProjectRevision(raw: 5) epoch=PlaybackEpoch(raw: 5) planIdLen=2798
[VideoFrameProvider] playback: 13 OK, 0 nil (0.0%) | itemTime=1.424s | lastExtracted=1.453s | active=true
[VideoFrameProvider] playback: 13 OK, 0 nil (0.0%) | itemTime=0.455s | lastExtracted=0.453s | active=true
[MEM-EVENT] preview.audio.canonical.firstFrameSignal | delivered=1
[MEM-EVENT] preview.audio.stage8.firstFrameSignal | sinceStartMs=32.48 barrierReason=firstFrameArrivedPrerollNotReady
[MEM-EVENT] preview.audio.stage8.render.decode | source=app.audio.source.imported:531F4D44-3E03-4BAF-AC42-E5B4D308A7F2 sourceStart=535999/48000 frameCount=9600 elapsedMs=52.60
[MEM-EVENT] preview.audio.stage8.render.decode | source=app.audio.source.videoLayer:scene-1-8CEC99DF-E1B3-4C0C-8280-7A2D63061E32:block_01 sourceStart=22133/16000 frameCount=9600 elapsedMs=28.53
[MEM-EVENT] preview.audio.stage8.render.decode | source=app.audio.source.videoLayer:scene-1-8CEC99DF-E1B3-4C0C-8280-7A2D63061E32:block_02 sourceStart=22133/16000 frameCount=9600 elapsedMs=26.51
[MEM-EVENT] preview.audio.stage8.render.total | range=535999..<545599 segments=5 sources=3 elapsedMs=112.89
[MEM-EVENT] preview.audio.stage8.cache.store | range=535999..<545599 revision=ProjectRevision(raw: 5) epoch=PlaybackEpoch(raw: 5) planIdLen=2798
[MEM-EVENT] preview.audio.canonical.render.end | sources=3
[MEM-EVENT] preview.audio.canonical.preroll.build.end | sourceCount=3 bufferCount=3
[MEM-EVENT] preview.audio.stage8.preroll.end | sinceStartMs=119.43 renderElapsedMs=114.53 sourceCount=3
[MEM-EVENT] preview.audio.stage8.barrier.cross | sinceStartMs=119.43
[MEM-EVENT] preview.audio.canonical.graph.schedule.begin | sources=3
[MEM-EVENT] preview.audio.canonical.graph.schedule.end | scheduled=1
[MEM-EVENT] preview.audio.stage8.graph.schedule.end | sinceStartMs=151.87 scheduleMs=32.42
[MEM-EVENT] preview.audio.canonical.engine.start.begin
[MEM-EVENT] preview.audio.canonical.player.play.begin
[MEM-EVENT] preview.audio.canonical.player.play.end
[MEM-EVENT] preview.audio.canonical.engine.start.end
[MEM-EVENT] preview.audio.stage8.player.play.end | sinceStartMs=151.89 playStartMs=0.01
[MEM-EVENT] preview.audio.canonical.scheduled | scheduled=1 sources=3 started=1
[MEM-EVENT] preview.audio.stage8.scheduled.total | sinceStartMs=151.90 totalStartToScheduledMs=151.90
[MEM-EVENT] preview.audio.canonical.nextChunk.requested | range=545599..<593599 gen=18 inFlight=1
[MEM-EVENT] preview.audio.canonical.nextChunk.render.begin | range=545599..<593599 gen=18
[MEM-EVENT] preview.audio.canonical.render.begin | segments=5 range=545599..<593599
[MEM-EVENT] preview.audio.stage8.cache.miss | range=545599..<593599 revision=ProjectRevision(raw: 5) epoch=PlaybackEpoch(raw: 5) planIdLen=2798
[MEM-EVENT] preview.audio.stage8.render.decode | source=app.audio.source.imported:531F4D44-3E03-4BAF-AC42-E5B4D308A7F2 sourceStart=545599/48000 frameCount=48000 elapsedMs=29.57
[MEM-EVENT] preview.audio.stage8.render.decode | source=app.audio.source.videoLayer:scene-1-8CEC99DF-E1B3-4C0C-8280-7A2D63061E32:block_01 sourceStart=25333/16000 frameCount=48000 elapsedMs=26.80
[MEM-EVENT] preview.audio.stage8.render.decode | source=app.audio.source.videoLayer:scene-1-8CEC99DF-E1B3-4C0C-8280-7A2D63061E32:block_02 sourceStart=25333/16000 frameCount=48000 elapsedMs=24.32
[MEM-EVENT] preview.audio.stage8.render.total | range=545599..<593599 segments=5 sources=3 elapsedMs=101.30
[MEM-EVENT] preview.audio.stage8.cache.store | range=545599..<593599 revision=ProjectRevision(raw: 5) epoch=PlaybackEpoch(raw: 5) planIdLen=2798
[MEM-EVENT] preview.audio.canonical.render.end | sources=3
[MEM-EVENT] preview.audio.canonical.nextChunk.render.end | range=545599..<593599 sourceCount=3
[MEM-EVENT] preview.audio.canonical.nextChunk.schedule.begin | range=545599..<593599 sources=3
[MEM-EVENT] preview.audio.canonical.nextChunk.schedule.end | range=545599..<593599 scheduled=1
[MEM-EVENT] preview.audio.canonical.nextChunk.requested | range=593599..<641599 gen=18 inFlight=1
[MEM-EVENT] preview.audio.canonical.nextChunk.render.begin | range=593599..<641599 gen=18
[MEM-EVENT] preview.audio.canonical.render.begin | segments=5 range=593599..<641599
[MEM-EVENT] preview.audio.stage8.cache.miss | range=593599..<641599 revision=ProjectRevision(raw: 5) epoch=PlaybackEpoch(raw: 5) planIdLen=2798
[MEM-EVENT] preview.audio.stage8.render.decode | source=app.audio.source.imported:531F4D44-3E03-4BAF-AC42-E5B4D308A7F2 sourceStart=593599/48000 frameCount=48000 elapsedMs=28.99
[MEM-EVENT] preview.audio.stage8.render.decode | source=app.audio.source.videoLayer:scene-1-8CEC99DF-E1B3-4C0C-8280-7A2D63061E32:block_01 sourceStart=41333/16000 frameCount=48000 elapsedMs=24.87
[MEM-EVENT] preview.audio.stage8.render.decode | source=app.audio.source.videoLayer:scene-1-8CEC99DF-E1B3-4C0C-8280-7A2D63061E32:block_02 sourceStart=41333/16000 frameCount=48000 elapsedMs=26.54
[MEM-EVENT] preview.audio.stage8.render.total | range=593599..<641599 segments=5 sources=3 elapsedMs=101.07
[MEM-EVENT] preview.audio.stage8.cache.store | range=593599..<641599 revision=ProjectRevision(raw: 5) epoch=PlaybackEpoch(raw: 5) planIdLen=2798
[MEM-EVENT] preview.audio.canonical.render.end | sources=3
[MEM-EVENT] preview.audio.canonical.nextChunk.render.end | range=593599..<641599 sourceCount=3
[MEM-EVENT] preview.audio.canonical.nextChunk.schedule.begin | range=593599..<641599 sources=3
[MEM-EVENT] preview.audio.canonical.nextChunk.schedule.end | range=593599..<641599 scheduled=1
[MEM-EVENT] preview.audio.canonical.nextChunk.requested | range=641599..<689599 gen=18 inFlight=1
[MEM-EVENT] preview.audio.canonical.nextChunk.render.begin | range=641599..<689599 gen=18
[MEM-EVENT] preview.audio.canonical.render.begin | segments=5 range=641599..<689599
[MEM-EVENT] preview.audio.stage8.cache.miss | range=641599..<689599 revision=ProjectRevision(raw: 5) epoch=PlaybackEpoch(raw: 5) planIdLen=2798
[MEM-EVENT] preview.audio.stage8.render.decode | source=app.audio.source.imported:531F4D44-3E03-4BAF-AC42-E5B4D308A7F2 sourceStart=641599/48000 frameCount=48000 elapsedMs=30.88
[MEM-EVENT] preview.audio.stage8.render.decode | source=app.audio.source.videoLayer:scene-1-8CEC99DF-E1B3-4C0C-8280-7A2D63061E32:block_01 sourceStart=57333/16000 frameCount=48000 elapsedMs=24.62
[MEM-EVENT] preview.audio.stage8.render.decode | source=app.audio.source.videoLayer:scene-1-8CEC99DF-E1B3-4C0C-8280-7A2D63061E32:block_02 sourceStart=57333/16000 frameCount=48000 elapsedMs=25.29
[MEM-EVENT] preview.audio.stage8.render.total | range=641599..<689599 segments=5 sources=3 elapsedMs=101.47
[MEM-EVENT] preview.audio.stage8.cache.store | range=641599..<689599 revision=ProjectRevision(raw: 5) epoch=PlaybackEpoch(raw: 5) planIdLen=2798
[MEM-EVENT] preview.audio.canonical.render.end | sources=3
[MEM-EVENT] preview.audio.canonical.nextChunk.render.end | range=641599..<689599 sourceCount=3
[MEM-EVENT] preview.audio.canonical.nextChunk.schedule.begin | range=641599..<689599 sources=3
[MEM-EVENT] preview.audio.canonical.nextChunk.schedule.end | range=641599..<689599 scheduled=1
[MEM-EVENT] preview.audio.canonical.nextChunk.requested | range=689599..<737599 gen=18 inFlight=1
[MEM-EVENT] preview.audio.canonical.nextChunk.render.begin | range=689599..<737599 gen=18
[MEM-EVENT] preview.audio.canonical.render.begin | segments=5 range=689599..<737599
[MEM-EVENT] preview.audio.stage8.cache.miss | range=689599..<737599 revision=ProjectRevision(raw: 5) epoch=PlaybackEpoch(raw: 5) planIdLen=2798
[MEM-EVENT] preview.audio.stage8.render.decode | source=app.audio.source.imported:531F4D44-3E03-4BAF-AC42-E5B4D308A7F2 sourceStart=689599/48000 frameCount=48000 elapsedMs=31.12
[MEM-EVENT] preview.audio.stage8.render.decode | source=app.audio.source.videoLayer:scene-1-8CEC99DF-E1B3-4C0C-8280-7A2D63061E32:block_01 sourceStart=73333/16000 frameCount=48000 elapsedMs=25.42
[MEM-EVENT] preview.audio.stage8.render.decode | source=app.audio.source.videoLayer:scene-1-8CEC99DF-E1B3-4C0C-8280-7A2D63061E32:block_02 sourceStart=73333/16000 frameCount=48000 elapsedMs=27.43
[MEM-EVENT] preview.audio.stage8.render.total | range=689599..<737599 segments=5 sources=3 elapsedMs=104.64
[MEM-EVENT] preview.audio.stage8.cache.store | range=689599..<737599 revision=ProjectRevision(raw: 5) epoch=PlaybackEpoch(raw: 5) planIdLen=2798
[MEM-EVENT] preview.audio.canonical.render.end | sources=3
[MEM-EVENT] preview.audio.canonical.nextChunk.render.end | range=689599..<737599 sourceCount=3
[MEM-EVENT] preview.audio.canonical.nextChunk.schedule.begin | range=689599..<737599 sources=3
[MEM-EVENT] preview.audio.canonical.nextChunk.schedule.end | range=689599..<737599 scheduled=1
[MEM-EVENT] preview.audio.canonical.nextChunk.requested | range=737599..<785599 gen=18 inFlight=1
[MEM-EVENT] preview.audio.canonical.nextChunk.render.begin | range=737599..<785599 gen=18
[MEM-EVENT] preview.audio.canonical.render.begin | segments=5 range=737599..<785599
[MEM-EVENT] preview.audio.stage8.cache.miss | range=737599..<785599 revision=ProjectRevision(raw: 5) epoch=PlaybackEpoch(raw: 5) planIdLen=2798
[PERF] FPS: 14.5 | CPU: 43.4% (1core), 7.2% (all) | MEM: 113MB res, 460MB foot | GPU: n/a | DRAW: avg 0.00ms, p95 0.00ms, max 0.00ms
[MEM-EVENT] preview.audio.stage8.render.decode | source=app.audio.source.imported:531F4D44-3E03-4BAF-AC42-E5B4D308A7F2 sourceStart=737599/48000 frameCount=48000 elapsedMs=34.56
[MEM-EVENT] preview.audio.stage8.render.decode | source=app.audio.source.videoLayer:scene-1-8CEC99DF-E1B3-4C0C-8280-7A2D63061E32:block_01 sourceStart=89333/16000 frameCount=20001 elapsedMs=25.17
[MEM-EVENT] preview.audio.stage8.render.decode | source=app.audio.source.videoLayer:scene-1-8CEC99DF-E1B3-4C0C-8280-7A2D63061E32:block_02 sourceStart=89333/16000 frameCount=20001 elapsedMs=23.70
[MEM-EVENT] preview.audio.stage8.render.decode | source=app.audio.source.videoLayer:scene-2-3304AAF6-462C-48E7-B553-C8D414899AA7:block_01 sourceStart=0/1 frameCount=27999 elapsedMs=23.99
[MEM-EVENT] preview.audio.stage8.render.total | range=737599..<785599 segments=5 sources=4 elapsedMs=124.45
[MEM-EVENT] preview.audio.stage8.cache.store | range=737599..<785599 revision=ProjectRevision(raw: 5) epoch=PlaybackEpoch(raw: 5) planIdLen=2798
[MEM-EVENT] preview.audio.canonical.render.end | sources=4
[MEM-EVENT] preview.audio.canonical.nextChunk.render.end | range=737599..<785599 sourceCount=4
[MEM-EVENT] preview.audio.canonical.nextChunk.schedule.begin | range=737599..<785599 sources=4
[MEM-EVENT] preview.audio.canonical.nextChunk.schedule.end | range=737599..<785599 scheduled=1
[MEM-EVENT] preview.audio.canonical.nextChunk.requested | range=785599..<833599 gen=18 inFlight=1
[MEM-EVENT] preview.audio.canonical.nextChunk.render.begin | range=785599..<833599 gen=18
[MEM-EVENT] preview.audio.canonical.render.begin | segments=5 range=785599..<833599
[MEM-EVENT] preview.audio.stage8.cache.miss | range=785599..<833599 revision=ProjectRevision(raw: 5) epoch=PlaybackEpoch(raw: 5) planIdLen=2798
[MEM-EVENT] preview.audio.stage8.render.decode | source=app.audio.source.imported:531F4D44-3E03-4BAF-AC42-E5B4D308A7F2 sourceStart=785599/48000 frameCount=48000 elapsedMs=31.47
[MEM-EVENT] preview.audio.stage8.render.decode | source=app.audio.source.videoLayer:scene-2-3304AAF6-462C-48E7-B553-C8D414899AA7:block_01 sourceStart=9333/16000 frameCount=48000 elapsedMs=25.27
[MEM-EVENT] preview.audio.stage8.render.total | range=785599..<833599 segments=5 sources=2 elapsedMs=70.52
[MEM-EVENT] preview.audio.stage8.cache.store | range=785599..<833599 revision=ProjectRevision(raw: 5) epoch=PlaybackEpoch(raw: 5) planIdLen=2798
[MEM-EVENT] preview.audio.canonical.render.end | sources=2
[MEM-EVENT] preview.audio.canonical.nextChunk.render.end | range=785599..<833599 sourceCount=2
[MEM-EVENT] preview.audio.canonical.nextChunk.schedule.begin | range=785599..<833599 sources=2
[MEM-EVENT] preview.audio.canonical.nextChunk.schedule.end | range=785599..<833599 scheduled=1
[MEM-EVENT] preview.audio.canonical.nextChunk.requested | range=833599..<881599 gen=18 inFlight=1
[MEM-EVENT] preview.audio.canonical.nextChunk.render.begin | range=833599..<881599 gen=18
[MEM-EVENT] preview.audio.canonical.render.begin | segments=5 range=833599..<881599
[MEM-EVENT] preview.audio.stage8.cache.miss | range=833599..<881599 revision=ProjectRevision(raw: 5) epoch=PlaybackEpoch(raw: 5) planIdLen=2798
[MEM-EVENT] preview.audio.stage8.render.decode | source=app.audio.source.imported:531F4D44-3E03-4BAF-AC42-E5B4D308A7F2 sourceStart=833599/48000 frameCount=48000 elapsedMs=32.02
[MEM-EVENT] preview.audio.stage8.render.decode | source=app.audio.source.videoLayer:scene-2-3304AAF6-462C-48E7-B553-C8D414899AA7:block_01 sourceStart=25333/16000 frameCount=48000 elapsedMs=25.02
[MEM-EVENT] preview.audio.stage8.render.total | range=833599..<881599 segments=5 sources=2 elapsedMs=71.23
[MEM-EVENT] preview.audio.stage8.cache.store | range=833599..<881599 revision=ProjectRevision(raw: 5) epoch=PlaybackEpoch(raw: 5) planIdLen=2798
[MEM-EVENT] preview.audio.canonical.render.end | sources=2
[MEM-EVENT] preview.audio.canonical.nextChunk.render.end | range=833599..<881599 sourceCount=2
[MEM-EVENT] preview.audio.canonical.nextChunk.schedule.begin | range=833599..<881599 sources=2
[MEM-EVENT] preview.audio.canonical.nextChunk.schedule.end | range=833599..<881599 scheduled=1
[MEM-EVENT] preview.audio.canonical.nextChunk.requested | range=881599..<929599 gen=18 inFlight=1
[MEM-EVENT] preview.audio.canonical.nextChunk.render.begin | range=881599..<929599 gen=18
[MEM-EVENT] preview.audio.canonical.render.begin | segments=5 range=881599..<929599
[MEM-EVENT] preview.audio.stage8.cache.miss | range=881599..<929599 revision=ProjectRevision(raw: 5) epoch=PlaybackEpoch(raw: 5) planIdLen=2798
[MEM-EVENT] preview.audio.stage8.render.decode | source=app.audio.source.imported:531F4D44-3E03-4BAF-AC42-E5B4D308A7F2 sourceStart=881599/48000 frameCount=48000 elapsedMs=33.22
[MEM-EVENT] preview.audio.stage8.render.decode | source=app.audio.source.videoLayer:scene-2-3304AAF6-462C-48E7-B553-C8D414899AA7:block_01 sourceStart=41333/16000 frameCount=48000 elapsedMs=25.43
[MEM-EVENT] preview.audio.stage8.render.total | range=881599..<929599 segments=5 sources=2 elapsedMs=72.48
[MEM-EVENT] preview.audio.stage8.cache.store | range=881599..<929599 revision=ProjectRevision(raw: 5) epoch=PlaybackEpoch(raw: 5) planIdLen=2798
[MEM-EVENT] preview.audio.canonical.render.end | sources=2
[MEM-EVENT] preview.audio.canonical.nextChunk.render.end | range=881599..<929599 sourceCount=2
[MEM-EVENT] preview.audio.canonical.nextChunk.schedule.begin | range=881599..<929599 sources=2
[MEM-EVENT] preview.audio.canonical.nextChunk.schedule.end | range=881599..<929599 scheduled=1
[MEM-EVENT] preview.audio.canonical.nextChunk.requested | range=929599..<977599 gen=18 inFlight=1
[MEM-EVENT] preview.audio.canonical.nextChunk.render.begin | range=929599..<977599 gen=18
[MEM-EVENT] preview.audio.canonical.render.begin | segments=5 range=929599..<977599
[MEM-EVENT] preview.audio.stage8.cache.miss | range=929599..<977599 revision=ProjectRevision(raw: 5) epoch=PlaybackEpoch(raw: 5) planIdLen=2798
[MEM-EVENT] preview.audio.stage8.render.decode | source=app.audio.source.imported:531F4D44-3E03-4BAF-AC42-E5B4D308A7F2 sourceStart=929599/48000 frameCount=48000 elapsedMs=30.81
[MEM-EVENT] preview.audio.stage8.render.decode | source=app.audio.source.videoLayer:scene-2-3304AAF6-462C-48E7-B553-C8D414899AA7:block_01 sourceStart=57333/16000 frameCount=48000 elapsedMs=24.23
[MEM-EVENT] preview.audio.stage8.render.total | range=929599..<977599 segments=5 sources=2 elapsedMs=69.83
[MEM-EVENT] preview.audio.stage8.cache.store | range=929599..<977599 revision=ProjectRevision(raw: 5) epoch=PlaybackEpoch(raw: 5) planIdLen=2798
[MEM-EVENT] preview.audio.canonical.render.end | sources=2
[MEM-EVENT] preview.audio.canonical.nextChunk.render.end | range=929599..<977599 sourceCount=2
[MEM-EVENT] preview.audio.canonical.nextChunk.schedule.begin | range=929599..<977599 sources=2
[MEM-EVENT] preview.audio.canonical.nextChunk.schedule.end | range=929599..<977599 scheduled=1
[MEM-EVENT] preview.audio.canonical.nextChunk.requested | range=977599..<1025599 gen=18 inFlight=1
[MEM-EVENT] preview.audio.canonical.nextChunk.render.begin | range=977599..<1025599 gen=18
[MEM-EVENT] preview.audio.canonical.render.begin | segments=5 range=977599..<1025599
[MEM-EVENT] preview.audio.stage8.cache.miss | range=977599..<1025599 revision=ProjectRevision(raw: 5) epoch=PlaybackEpoch(raw: 5) planIdLen=2798
[MEM-EVENT] preview.audio.stage8.render.decode | source=app.audio.source.imported:531F4D44-3E03-4BAF-AC42-E5B4D308A7F2 sourceStart=977599/48000 frameCount=48000 elapsedMs=33.07
[MEM-EVENT] playback.audio.stop.begin
[MEM-EVENT] preview.audio.stage8.render.decode | source=app.audio.source.videoLayer:scene-2-3304AAF6-462C-48E7-B553-C8D414899AA7:block_01 sourceStart=73333/16000 frameCount=48000 elapsedMs=24.82
[MEM-EVENT] preview.audio.stage8.render.total | range=977599..<1025599 segments=5 sources=2 elapsedMs=71.56
[MEM-EVENT] preview.audio.stage8.cache.store | range=977599..<1025599 revision=ProjectRevision(raw: 5) epoch=PlaybackEpoch(raw: 5) planIdLen=2798
[MEM-EVENT] displayLink.invalidate | obj=-3400203867621856182
[MEM-EVENT] VideoFrameProvider.stopPlayback | obj=-1000523602809374991 flush=false hasPlaybackTex=true hasStillTex=true hasInteractiveTex=true hasHoldTex=false
[MEM-EVENT] VideoFrameProvider.stopPlayback | obj=6014809110389477349 flush=false hasPlaybackTex=true hasStillTex=true hasInteractiveTex=true hasHoldTex=false
[MEM-EVENT] playback.idleReclaim.skip | reason=scrubActive
[MEM-EVENT] preview.audio.canonical.render.end | sources=2
[MEM-EVENT] preview.audio.canonical.nextChunk.dropped | gen=18 current=20 reason=staleOrStopped
[SCRUB-DIAG] FINAL - scroll: 0.0/s | scrubChanged: 0.0/s | playhead: 0.0/s (elapsed: 2.63s)
[PerfCounter] applySnapshot(scene): 73
[PerfCounter] applySnapshot(scene): 74
[PerfCounter] applySnapshot(scene): 75
[PerfCounter] applySnapshot(scene): 76
[PerfCounter] applySnapshot(scene): 77
[PerfCounter] applySnapshot(scene): 78
[PerfCounter] applySnapshot(scene): 79
[PerfCounter] applySnapshot(scene): 80
[PerfCounter] applySnapshot(scene): 81
[PerfCounter] applySnapshot(scene): 82
[PerfCounter] applySnapshot(scene): 83
[PerfCounter] applySnapshot(scene): 84
[PerfCounter] layout(scene): 40
[PerfCounter] applySnapshot(scene): 85
[PerfCounter] applySnapshot(scene): 86
[PerfCounter] applySnapshot(scene): 87
[PerfCounter] applySnapshot(scene): 88
[PerfCounter] applySnapshot(scene): 89
[PerfCounter] applySnapshot(scene): 90
[PerfCounter] applySnapshot(scene): 91
[PerfCounter] applySnapshot(scene): 92
[PerfCounter] applySnapshot(scene): 93
[PerfCounter] applySnapshot(scene): 94
[PerfCounter] applySnapshot(scene): 95
[PerfCounter] applySnapshot(scene): 96
[PerfCounter] applySnapshot(scene): 97
[PerfCounter] applySnapshot(scene): 98
[PerfCounter] applySnapshot(scene): 99
[PerfCounter] applySnapshot(scene): 100
[PerfCounter] applySnapshot(scene): 101
[PerfCounter] applySnapshot(scene): 102
[PerfCounter] applySnapshot(scene): 103
[PerfCounter] applySnapshot(scene): 104
[PerfCounter] layout(scene): 50
[PerfCounter] applySnapshot(scene): 105
[PerfCounter] applySnapshot(scene): 106
[PerfCounter] applySnapshot(scene): 107
[PerfCounter] applySnapshot(scene): 108
[PerfCounter] applySnapshot(scene): 109
[PerfCounter] applySnapshot(scene): 110
[PerfCounter] applySnapshot(scene): 111
[PerfCounter] applySnapshot(scene): 112
[MEM-EVENT] preview.audio.markDirty | generation=3 playing=0 state=timelinePreview
[MEM-EVENT] VideoFrameProvider.stopPlayback | obj=-3581415768655733045 flush=true hasPlaybackTex=true hasStillTex=true hasInteractiveTex=true hasHoldTex=false
[MEM-EVENT] CVTextureCache.flush | owner=UserMediaTextureFactory
[TimelineCompositionEngine] TT-03: Evicted non-resident runtime: 1B27C22C-A3AC-4480-9EF0-810D6EB7B169
[MEM-EVENT] SceneInstanceRuntime.deinit | obj=-7705747425259371512 id=1B27C22C-A3AC-4480-9EF0-810D6EB7B169
[MEM-EVENT] UserMediaService.deinit | obj=3110974435071071151 videoProviders=1
[MEM-EVENT] VideoFrameProvider.release | obj=-3581415768655733045 hasPlaybackTex=false hasStillTex=true hasInteractiveTex=true
[MEM-EVENT] VideoFrameProvider.stopPlayback | obj=-3581415768655733045 flush=true hasPlaybackTex=false hasStillTex=true hasInteractiveTex=true hasHoldTex=false
[MEM-EVENT] CVTextureCache.flush | owner=UserMediaTextureFactory
[MEM-EVENT] CVTextureCache.flush | owner=UserMediaTextureFactory
[MEM-EVENT] VideoFrameProvider.deinit | obj=-3581415768655733045
[MEM-EVENT] preview.audio.select | toggle=ON controller=Canonical
[MEM-EVENT] preview.audio.prepare | canonicalIdlePrepareSkipped=1
[PERF] FPS: 18.0 | CPU: 14.1% (1core), 2.4% (all) | MEM: 110MB res, 369MB foot | GPU: n/a | DRAW: avg 0.00ms, p95 0.00ms, max 0.00ms
[MEM-EVENT] audio.session.activate.begin
[MEM-EVENT] audio.session.activate.end | ok=1
[MEM-EVENT] playback.audio.start.begin | compressedFrame=455 projectTimeUs=15166666 state=timelinePreview isPlayingBefore=0
[MEM-EVENT] displayLink.create | obj=-3400203867621856182
[MEM-DIAG] playback.start | footprint: 368MB | resident: 110MB | available: 2703MB | metal: 322MB | SceneInstanceRuntime: 2 | UserMediaService: 3 | VideoFrameProvider: 3
[MEM-EVENT] playback.audio.previewStart.call | projectTimeUs=15166666 hostTime=193910.9496207084
[MEM-EVENT] preview.audio.select | toggle=ON controller=Canonical
[MEM-EVENT] preview.audio.start | dirty=1 hasPipeline=1 readiness=primed
[MEM-EVENT] preview.audio.canonical.legacyGateBypassed | seconds=15.166666 hostTime=193910.9496207084
[MEM-EVENT] preview.audio.canonical.startPlayback.call | seconds=15.166666
[MEM-EVENT] preview.audio.stage8.startPlayback.call | sinceStartMs=0.01 fromSeconds=15.166666
[MEM-EVENT] preview.audio.stage8.plan.eval | sinceStartMs=7.79 elapsedMs=7.67 segments=5
[MEM-EVENT] preview.audio.canonical.plan | segments=5 fromSeconds=15.166666
[MEM-EVENT] preview.audio.stage8.setup.end | sinceStartMs=11.31 graph+session+output+anchor done
[MEM-EVENT] preview.audio.canonical.preroll.build.begin | planSegments=5 range=727999..<737599 gen=17
[MEM-EVENT] preview.audio.stage8.preroll.begin | sinceStartMs=11.51 range=727999..<737599 sampleCount=9600 initialPrerollSamples=9600 maxChunkSamples=48000
[MEM-EVENT] preview.audio.canonical.render.begin | segments=5 range=727999..<737599
[MEM-EVENT] preview.audio.stage8.cache.miss | range=727999..<737599 revision=ProjectRevision(raw: 6) epoch=PlaybackEpoch(raw: 6) planIdLen=2804
[VideoFrameProvider] playback: 1 OK, 0 nil (0.0%) | itemTime=1.186s | lastExtracted=1.217s | active=true
[MEM-EVENT] preview.audio.canonical.firstFrameSignal | delivered=1
[MEM-EVENT] preview.audio.stage8.firstFrameSignal | sinceStartMs=26.87 barrierReason=firstFrameArrivedPrerollNotReady
[MEM-EVENT] preview.audio.stage8.render.decode | source=app.audio.source.imported:531F4D44-3E03-4BAF-AC42-E5B4D308A7F2 sourceStart=727999/48000 frameCount=9600 elapsedMs=66.36
[MEM-EVENT] preview.audio.stage8.render.decode | source=app.audio.source.videoLayer:scene-2-3304AAF6-462C-48E7-B553-C8D414899AA7:block_01 sourceStart=18133/16000 frameCount=9600 elapsedMs=133.20
[MEM-EVENT] preview.audio.stage8.render.total | range=727999..<737599 segments=5 sources=2 elapsedMs=204.79
[MEM-EVENT] preview.audio.stage8.cache.store | range=727999..<737599 revision=ProjectRevision(raw: 6) epoch=PlaybackEpoch(raw: 6) planIdLen=2804
[MEM-EVENT] preview.audio.canonical.render.end | sources=2
[MEM-EVENT] preview.audio.canonical.preroll.build.end | sourceCount=2 bufferCount=2
[MEM-EVENT] preview.audio.stage8.preroll.end | sinceStartMs=219.93 renderElapsedMs=208.42 sourceCount=2
[MEM-EVENT] preview.audio.stage8.barrier.cross | sinceStartMs=219.94
[MEM-EVENT] preview.audio.canonical.graph.schedule.begin | sources=2
[MEM-EVENT] preview.audio.canonical.graph.schedule.end | scheduled=1
[MEM-EVENT] preview.audio.stage8.graph.schedule.end | sinceStartMs=261.76 scheduleMs=41.80
[MEM-EVENT] preview.audio.canonical.engine.start.begin
[MEM-EVENT] preview.audio.canonical.player.play.begin
[MEM-EVENT] preview.audio.canonical.player.play.end
[MEM-EVENT] preview.audio.canonical.engine.start.end
[MEM-EVENT] preview.audio.stage8.player.play.end | sinceStartMs=261.80 playStartMs=0.03
[MEM-EVENT] preview.audio.canonical.scheduled | scheduled=1 sources=2 started=1
[MEM-EVENT] preview.audio.stage8.scheduled.total | sinceStartMs=261.82 totalStartToScheduledMs=261.82
[MEM-EVENT] preview.audio.canonical.nextChunk.requested | range=737599..<785599 gen=22 inFlight=1
[MEM-EVENT] preview.audio.canonical.nextChunk.render.begin | range=737599..<785599 gen=22
[MEM-EVENT] preview.audio.canonical.render.begin | segments=5 range=737599..<785599
[MEM-EVENT] preview.audio.stage8.cache.miss | range=737599..<785599 revision=ProjectRevision(raw: 6) epoch=PlaybackEpoch(raw: 6) planIdLen=2804
[MEM-EVENT] preview.audio.stage8.render.decode | source=app.audio.source.imported:531F4D44-3E03-4BAF-AC42-E5B4D308A7F2 sourceStart=737599/48000 frameCount=48000 elapsedMs=43.78
[MEM-EVENT] preview.audio.stage8.render.decode | source=app.audio.source.videoLayer:scene-2-3304AAF6-462C-48E7-B553-C8D414899AA7:block_01 sourceStart=21333/16000 frameCount=48000 elapsedMs=24.76
[MEM-EVENT] preview.audio.stage8.render.total | range=737599..<785599 segments=5 sources=2 elapsedMs=83.33
[MEM-EVENT] preview.audio.stage8.cache.store | range=737599..<785599 revision=ProjectRevision(raw: 6) epoch=PlaybackEpoch(raw: 6) planIdLen=2804
[MEM-EVENT] preview.audio.canonical.render.end | sources=2
[MEM-EVENT] preview.audio.canonical.nextChunk.render.end | range=737599..<785599 sourceCount=2
[MEM-EVENT] preview.audio.canonical.nextChunk.schedule.begin | range=737599..<785599 sources=2
[MEM-EVENT] preview.audio.canonical.nextChunk.schedule.end | range=737599..<785599 scheduled=1
[MEM-EVENT] preview.audio.canonical.nextChunk.requested | range=785599..<833599 gen=22 inFlight=1
[MEM-EVENT] preview.audio.canonical.nextChunk.render.begin | range=785599..<833599 gen=22
[MEM-EVENT] preview.audio.canonical.render.begin | segments=5 range=785599..<833599
[MEM-EVENT] preview.audio.stage8.cache.miss | range=785599..<833599 revision=ProjectRevision(raw: 6) epoch=PlaybackEpoch(raw: 6) planIdLen=2804
[MEM-EVENT] preview.audio.stage8.render.decode | source=app.audio.source.imported:531F4D44-3E03-4BAF-AC42-E5B4D308A7F2 sourceStart=785599/48000 frameCount=48000 elapsedMs=29.37
[MEM-EVENT] preview.audio.stage8.render.decode | source=app.audio.source.videoLayer:scene-2-3304AAF6-462C-48E7-B553-C8D414899AA7:block_01 sourceStart=37333/16000 frameCount=48000 elapsedMs=25.71
[MEM-EVENT] preview.audio.stage8.render.total | range=785599..<833599 segments=5 sources=2 elapsedMs=68.83
[MEM-EVENT] preview.audio.stage8.cache.store | range=785599..<833599 revision=ProjectRevision(raw: 6) epoch=PlaybackEpoch(raw: 6) planIdLen=2804
[MEM-EVENT] preview.audio.canonical.render.end | sources=2
[MEM-EVENT] preview.audio.canonical.nextChunk.render.end | range=785599..<833599 sourceCount=2
[MEM-EVENT] preview.audio.canonical.nextChunk.schedule.begin | range=785599..<833599 sources=2
[MEM-EVENT] preview.audio.canonical.nextChunk.schedule.end | range=785599..<833599 scheduled=1
[MEM-EVENT] preview.audio.canonical.nextChunk.requested | range=833599..<881599 gen=22 inFlight=1
[MEM-EVENT] preview.audio.canonical.nextChunk.render.begin | range=833599..<881599 gen=22
[MEM-EVENT] preview.audio.canonical.render.begin | segments=5 range=833599..<881599
[MEM-EVENT] preview.audio.stage8.cache.miss | range=833599..<881599 revision=ProjectRevision(raw: 6) epoch=PlaybackEpoch(raw: 6) planIdLen=2804
[MEM-EVENT] preview.audio.stage8.render.decode | source=app.audio.source.imported:531F4D44-3E03-4BAF-AC42-E5B4D308A7F2 sourceStart=833599/48000 frameCount=48000 elapsedMs=72.81
[MEM-EVENT] preview.audio.stage8.render.decode | source=app.audio.source.videoLayer:scene-2-3304AAF6-462C-48E7-B553-C8D414899AA7:block_01 sourceStart=53333/16000 frameCount=48000 elapsedMs=24.46
[MEM-EVENT] preview.audio.stage8.render.total | range=833599..<881599 segments=5 sources=2 elapsedMs=111.14
[MEM-EVENT] preview.audio.stage8.cache.store | range=833599..<881599 revision=ProjectRevision(raw: 6) epoch=PlaybackEpoch(raw: 6) planIdLen=2804
[MEM-EVENT] preview.audio.canonical.render.end | sources=2
[MEM-EVENT] preview.audio.canonical.nextChunk.render.end | range=833599..<881599 sourceCount=2
[MEM-EVENT] preview.audio.canonical.nextChunk.schedule.begin | range=833599..<881599 sources=2
[MEM-EVENT] preview.audio.canonical.nextChunk.schedule.end | range=833599..<881599 scheduled=1
[MEM-EVENT] preview.audio.canonical.nextChunk.requested | range=881599..<929599 gen=22 inFlight=1
[MEM-EVENT] preview.audio.canonical.nextChunk.render.begin | range=881599..<929599 gen=22
[MEM-EVENT] preview.audio.canonical.render.begin | segments=5 range=881599..<929599
[MEM-EVENT] preview.audio.stage8.cache.miss | range=881599..<929599 revision=ProjectRevision(raw: 6) epoch=PlaybackEpoch(raw: 6) planIdLen=2804
[MEM-EVENT] preview.audio.stage8.render.decode | source=app.audio.source.imported:531F4D44-3E03-4BAF-AC42-E5B4D308A7F2 sourceStart=881599/48000 frameCount=48000 elapsedMs=29.93
[MEM-EVENT] preview.audio.stage8.render.decode | source=app.audio.source.videoLayer:scene-2-3304AAF6-462C-48E7-B553-C8D414899AA7:block_01 sourceStart=69333/16000 frameCount=48000 elapsedMs=24.61
[MEM-EVENT] preview.audio.stage8.render.total | range=881599..<929599 segments=5 sources=2 elapsedMs=68.37
[MEM-EVENT] preview.audio.stage8.cache.store | range=881599..<929599 revision=ProjectRevision(raw: 6) epoch=PlaybackEpoch(raw: 6) planIdLen=2804
[MEM-EVENT] preview.audio.canonical.render.end | sources=2
[MEM-EVENT] preview.audio.canonical.nextChunk.render.end | range=881599..<929599 sourceCount=2
[MEM-EVENT] preview.audio.canonical.nextChunk.schedule.begin | range=881599..<929599 sources=2
[MEM-EVENT] preview.audio.canonical.nextChunk.schedule.end | range=881599..<929599 scheduled=1
[MEM-EVENT] preview.audio.canonical.nextChunk.requested | range=929599..<977599 gen=22 inFlight=1
[MEM-EVENT] preview.audio.canonical.nextChunk.render.begin | range=929599..<977599 gen=22
[MEM-EVENT] preview.audio.canonical.render.begin | segments=5 range=929599..<977599
[MEM-EVENT] preview.audio.stage8.cache.miss | range=929599..<977599 revision=ProjectRevision(raw: 6) epoch=PlaybackEpoch(raw: 6) planIdLen=2804
[MEM-EVENT] preview.audio.stage8.render.decode | source=app.audio.source.imported:531F4D44-3E03-4BAF-AC42-E5B4D308A7F2 sourceStart=929599/48000 frameCount=48000 elapsedMs=30.72
[MEM-EVENT] preview.audio.stage8.render.decode | source=app.audio.source.videoLayer:scene-2-3304AAF6-462C-48E7-B553-C8D414899AA7:block_01 sourceStart=85333/16000 frameCount=48000 elapsedMs=25.93
[MEM-EVENT] preview.audio.stage8.render.total | range=929599..<977599 segments=5 sources=2 elapsedMs=71.48
[MEM-EVENT] preview.audio.stage8.cache.store | range=929599..<977599 revision=ProjectRevision(raw: 6) epoch=PlaybackEpoch(raw: 6) planIdLen=2804
[MEM-EVENT] preview.audio.canonical.render.end | sources=2
[MEM-EVENT] preview.audio.canonical.nextChunk.render.end | range=929599..<977599 sourceCount=2
[MEM-EVENT] preview.audio.canonical.nextChunk.schedule.begin | range=929599..<977599 sources=2
[MEM-EVENT] preview.audio.canonical.nextChunk.schedule.end | range=929599..<977599 scheduled=1
[MEM-EVENT] preview.audio.canonical.nextChunk.requested | range=977599..<1025599 gen=22 inFlight=1
[MEM-EVENT] preview.audio.canonical.nextChunk.render.begin | range=977599..<1025599 gen=22
[MEM-EVENT] preview.audio.canonical.render.begin | segments=5 range=977599..<1025599
[MEM-EVENT] preview.audio.stage8.cache.miss | range=977599..<1025599 revision=ProjectRevision(raw: 6) epoch=PlaybackEpoch(raw: 6) planIdLen=2804
[MEM-EVENT] preview.audio.stage8.render.decode | source=app.audio.source.imported:531F4D44-3E03-4BAF-AC42-E5B4D308A7F2 sourceStart=977599/48000 frameCount=48000 elapsedMs=29.80
[MEM-EVENT] playback.audio.stop.begin
[MEM-EVENT] displayLink.invalidate | obj=-3400203867621856182
[MEM-EVENT] VideoFrameProvider.stopPlayback | obj=-4737132268379299807 flush=false hasPlaybackTex=true hasStillTex=true hasInteractiveTex=false hasHoldTex=false
[MEM-EVENT] preview.audio.stage8.render.decode | source=app.audio.source.videoLayer:scene-2-3304AAF6-462C-48E7-B553-C8D414899AA7:block_01 sourceStart=101333/16000 frameCount=48000 elapsedMs=83.15
[MEM-EVENT] preview.audio.stage8.render.total | range=977599..<1025599 segments=5 sources=2 elapsedMs=128.94
[MEM-EVENT] preview.audio.stage8.cache.store | range=977599..<1025599 revision=ProjectRevision(raw: 6) epoch=PlaybackEpoch(raw: 6) planIdLen=2804
[MEM-EVENT] preview.audio.canonical.render.end | sources=2
[MEM-EVENT] preview.audio.canonical.nextChunk.dropped | gen=22 current=24 reason=staleOrStopped
[MEM-EVENT] playback.audio.stop.begin
[PERF] FPS: 12.0 | CPU: 14.7% (1core), 2.4% (all) | MEM: 125MB res, 407MB foot | GPU: n/a | DRAW: avg 0.00ms, p95 0.00ms, max 0.00ms
[MEM-DIAG] editor.close.before | footprint: 397MB | resident: 121MB | available: 2675MB | metal: n/aMB | SceneInstanceRuntime: 2 | UserMediaService: 3 | VideoFrameProvider: 3
[MEM-EVENT] playback.audio.stop.begin
[MEM-EVENT] EditorViewController.deinit | obj=279604350684345176
[MEM-DIAG] editor.close.after | footprint: 395MB | resident: 121MB | available: 2677MB | metal: n/aMB | SceneInstanceRuntime: 2 | UserMediaService: 3 | VideoFrameProvider: 3
[MEM-EVENT] UMS.releasePreview | obj=8477779432711704459 videoProviders=0 setupTasks=0 stillTasks=0 trimTasks=0 activeVideo=0
[MEM-EVENT] TCEngine.releasePreview | runtimes=2 evictCache=true
[MEM-EVENT] VideoFrameProvider.stopPlayback | obj=-4737132268379299807 flush=true hasPlaybackTex=true hasStillTex=true hasInteractiveTex=false hasHoldTex=false
[MEM-EVENT] CVTextureCache.flush | owner=UserMediaTextureFactory
[MEM-EVENT] UMS.releasePreview | obj=-5604994757311985268 videoProviders=1 setupTasks=0 stillTasks=0 trimTasks=0 activeVideo=0
[MEM-EVENT] VideoFrameProvider.release | obj=-4737132268379299807 hasPlaybackTex=false hasStillTex=true hasInteractiveTex=false
[MEM-EVENT] VideoFrameProvider.stopPlayback | obj=-4737132268379299807 flush=true hasPlaybackTex=false hasStillTex=true hasInteractiveTex=false hasHoldTex=false
[MEM-EVENT] CVTextureCache.flush | owner=UserMediaTextureFactory
[MEM-EVENT] CVTextureCache.flush | owner=UserMediaTextureFactory
[MEM-EVENT] VideoFrameProvider.release | obj=-4737132268379299807 hasPlaybackTex=false hasStillTex=false hasInteractiveTex=false
[MEM-EVENT] VideoFrameProvider.stopPlayback | obj=-4737132268379299807 flush=true hasPlaybackTex=false hasStillTex=false hasInteractiveTex=false hasHoldTex=false
[MEM-EVENT] CVTextureCache.flush | owner=UserMediaTextureFactory
[MEM-EVENT] CVTextureCache.flush | owner=UserMediaTextureFactory
[MEM-EVENT] VideoFrameProvider.deinit | obj=-4737132268379299807
[MEM-EVENT] VideoFrameProvider.stopPlayback | obj=-1000523602809374991 flush=true hasPlaybackTex=true hasStillTex=true hasInteractiveTex=true hasHoldTex=false
[MEM-EVENT] CVTextureCache.flush | owner=UserMediaTextureFactory
[MEM-EVENT] VideoFrameProvider.stopPlayback | obj=6014809110389477349 flush=true hasPlaybackTex=true hasStillTex=true hasInteractiveTex=true hasHoldTex=false
[MEM-EVENT] CVTextureCache.flush | owner=UserMediaTextureFactory
[MEM-EVENT] UMS.releasePreview | obj=1799943264383946805 videoProviders=2 setupTasks=0 stillTasks=0 trimTasks=0 activeVideo=0
[MEM-EVENT] VideoFrameProvider.release | obj=-1000523602809374991 hasPlaybackTex=false hasStillTex=true hasInteractiveTex=false
[MEM-EVENT] VideoFrameProvider.stopPlayback | obj=-1000523602809374991 flush=true hasPlaybackTex=false hasStillTex=true hasInteractiveTex=false hasHoldTex=false
[MEM-EVENT] CVTextureCache.flush | owner=UserMediaTextureFactory
[MEM-EVENT] CVTextureCache.flush | owner=UserMediaTextureFactory
[MEM-EVENT] VideoFrameProvider.release | obj=6014809110389477349 hasPlaybackTex=false hasStillTex=true hasInteractiveTex=false
[MEM-EVENT] VideoFrameProvider.stopPlayback | obj=6014809110389477349 flush=true hasPlaybackTex=false hasStillTex=true hasInteractiveTex=false hasHoldTex=false
[MEM-EVENT] CVTextureCache.flush | owner=UserMediaTextureFactory
[MEM-EVENT] CVTextureCache.flush | owner=UserMediaTextureFactory
[MEM-EVENT] VideoFrameProvider.release | obj=-1000523602809374991 hasPlaybackTex=false hasStillTex=false hasInteractiveTex=false
[MEM-EVENT] VideoFrameProvider.stopPlayback | obj=-1000523602809374991 flush=true hasPlaybackTex=false hasStillTex=false hasInteractiveTex=false hasHoldTex=false
[MEM-EVENT] CVTextureCache.flush | owner=UserMediaTextureFactory
[MEM-EVENT] CVTextureCache.flush | owner=UserMediaTextureFactory
[MEM-EVENT] VideoFrameProvider.deinit | obj=-1000523602809374991
[MEM-EVENT] VideoFrameProvider.release | obj=6014809110389477349 hasPlaybackTex=false hasStillTex=false hasInteractiveTex=false
[MEM-EVENT] VideoFrameProvider.stopPlayback | obj=6014809110389477349 flush=true hasPlaybackTex=false hasStillTex=false hasInteractiveTex=false hasHoldTex=false
[MEM-EVENT] CVTextureCache.flush | owner=UserMediaTextureFactory
[MEM-EVENT] CVTextureCache.flush | owner=UserMediaTextureFactory
[MEM-EVENT] VideoFrameProvider.deinit | obj=6014809110389477349
[MEM-EVENT] SceneTypeCache.evictAll | count=3
[MEM-EVENT] SceneInstanceRuntime.deinit | obj=-4223610421426028869 id=3304AAF6-462C-48E7-B553-C8D414899AA7
[MEM-EVENT] UserMediaService.deinit | obj=-5604994757311985268 videoProviders=0
[MEM-EVENT] SceneInstanceRuntime.deinit | obj=-6307870760953291935 id=8CEC99DF-E1B3-4C0C-8280-7A2D63061E32
[MEM-EVENT] UserMediaService.deinit | obj=1799943264383946805 videoProviders=0
[MEM-EVENT] Background.clearAll | keys=0
[BackgroundTextureService] Cleared all background textures
[MEM-DIAG] editor.close.afterTeardown | footprint: 83MB | resident: 113MB | available: 2988MB | metal: 32MB | SceneInstanceRuntime: 0 | UserMediaService: 1 | VideoFrameProvider: 0
[MEM-EVENT] EditorRuntime.deinit | obj=-3400203867621856182
[MEM-EVENT] UserMediaService.deinit | obj=8477779432711704459 videoProviders=0
[MEM-DIAG] editor.close.after.2s | footprint: 40MB | resident: 112MB | available: 3032MB | metal: 0MB | SceneInstanceRuntime: 0 | UserMediaService: 0 | VideoFrameProvider: 0
[MEM-DIAG] editor.boot.before | footprint: 33MB | resident: 112MB | available: 3038MB | metal: n/aMB | SceneInstanceRuntime: 0 | UserMediaService: 0 | VideoFrameProvider: 0
[MEM-EVENT] bootstrap.prepare.start | requestId=743887CE-4D25-4696-81E6-968FA92749D3 sceneTypeId=full_image obj=279604350684345176
[MEM-EVENT] compiledPackage.load.summary | file=compiled.tve bytes=10044 read=0.000s validate=0.000s decode=0.001s total=0.001s assets=4
[MEM-EVENT] sceneTypeLoad.summary | id=full_image package=0.001s localIndex=0.000s sharedIndex=0.000s resolver=0.000s total=0.001s
[MEM-EVENT] initialScene.load.summary | id=full_image pipeline=0.002s player=0.000s provider=0.000s preload=0.039s total=0.041s
[MEM-EVENT] bootstrap.load.summary | sceneTypeId=full_image duration=0.04s
[MEM-EVENT] bootstrap.prepare.loaded | requestId=743887CE-4D25-4696-81E6-968FA92749D3
[MEM-EVENT] bootstrap.prepare.apply | requestId=743887CE-4D25-4696-81E6-968FA92749D3 obj=279604350684345176
[PerfCounter] applySnapshot(scene): 113
[PerfCounter] applySnapshot(scene): 114
[PerfCounter] applySnapshot(scene): 115
[PerfCounter] applySnapshot(scene): 116
[MEM-EVENT] UserMediaService.init | obj=-7022572576422762054
[MEM-EVENT] preview.audio.select | toggle=ON controller=Legacy
[MEM-EVENT] preview.audio.engine.teardown
[MEM-EVENT] preview.audio.canonical.selected | toggle=ON controller=CanonicalPreviewAudioController
[MEM-EVENT] preview.audio.prepare | canonicalIdlePrepareSkipped=1
[MEM-EVENT] bootstrap.boot.summary | duration=0.00s
[MEM-DIAG] editor.boot.after | footprint: 59MB | resident: 127MB | available: 3012MB | metal: 11MB | SceneInstanceRuntime: 0 | UserMediaService: 1 | VideoFrameProvider: 0
[MEM-EVENT] bootstrap.apply.summary | duration=0.00s
[MEM-EVENT] bootstrap.prepare.summary | sceneTypeId=full_image duration=0.04s outcome=success
[MEM-EVENT] Runtime.create.start | id=1B27C22C-A3AC-4480-9EF0-810D6EB7B169 sceneType=full_image
[MEM-EVENT] SceneTypeCache.preload.start | id=full_image cached=0
[MEM-EVENT] compiledPackage.load.summary | file=compiled.tve bytes=10044 read=0.000s validate=0.000s decode=0.001s total=0.001s assets=4
[MEM-EVENT] sceneTypeLoad.summary | id=full_image package=0.001s localIndex=0.000s sharedIndex=0.000s resolver=0.000s total=0.001s
[MEM-EVENT] SceneTypeCache.preload.summary | id=full_image source=cold io=0.00s provider=0.00s textures=0.04s total=0.04s
[MEM-EVENT] SceneTypeCache.preload.stored | id=full_image total=1 ids=full_image
[MEM-EVENT] UserMediaService.init | obj=-1828324772429995310
[MEM-EVENT] SceneInstanceRuntime.init | obj=8930889427404684124 id=1B27C22C-A3AC-4480-9EF0-810D6EB7B169 type=full_image
[MEM-EVENT] UMS.cleanupVideo | obj=-1828324772429995310 blockId=block_01
[MEM-EVENT] CVTextureCache.create | owner=UserMediaTextureFactory
[MEM-EVENT] VideoFrameProvider.init | obj=-2618337405135830018
[MediaRestoreCoordinator] Restored video for block_01: presentOnReady=true, success
[MEM-EVENT] SceneInstanceRuntime.applyState | obj=8930889427404684124 id=1B27C22C-A3AC-4480-9EF0-810D6EB7B169 restored=1
[MEM-EVENT] Runtime.create.complete | id=1B27C22C-A3AC-4480-9EF0-810D6EB7B169 outcome=success total=1
[MEM-EVENT] SceneInstanceRuntime.prepare | obj=8930889427404684124 id=1B27C22C-A3AC-4480-9EF0-810D6EB7B169 frame=0
[VideoFrameProvider] READY: 1B27C22C-A3AC-4480-9EF0-810D6EB7B169_block_01_D6CA418E-C918-4CD3-8816-B0D31A2FD7B9.mov | dur=46.64s | sceneFPS=30.0 | trackFPS=25.00 | size=1920x1080 | transform=[0.0,1.0,-1.0,0.0,1080.0,0.0]
[SceneInstanceRuntime] Ready for presentation at frame 0: 1B27C22C-A3AC-4480-9EF0-810D6EB7B169
[MEM-EVENT] playback.audio.stop.begin
[MEM-DIAG] editor.close.before | footprint: 98MB | resident: 128MB | available: 2974MB | metal: n/aMB | SceneInstanceRuntime: 1 | UserMediaService: 2 | VideoFrameProvider: 1
[MEM-EVENT] playback.audio.stop.begin
[MEM-EVENT] EditorViewController.deinit | obj=279604350684345176
[MEM-DIAG] editor.close.after | footprint: 98MB | resident: 128MB | available: 2974MB | metal: n/aMB | SceneInstanceRuntime: 1 | UserMediaService: 2 | VideoFrameProvider: 1
[MEM-EVENT] UMS.releasePreview | obj=-7022572576422762054 videoProviders=0 setupTasks=0 stillTasks=0 trimTasks=0 activeVideo=0
[MEM-EVENT] TCEngine.releasePreview | runtimes=1 evictCache=true
[MEM-EVENT] VideoFrameProvider.stopPlayback | obj=-2618337405135830018 flush=true hasPlaybackTex=false hasStillTex=true hasInteractiveTex=false hasHoldTex=false
[MEM-EVENT] CVTextureCache.flush | owner=UserMediaTextureFactory
[MEM-EVENT] UMS.releasePreview | obj=-1828324772429995310 videoProviders=1 setupTasks=0 stillTasks=0 trimTasks=0 activeVideo=0
[MEM-EVENT] VideoFrameProvider.release | obj=-2618337405135830018 hasPlaybackTex=false hasStillTex=true hasInteractiveTex=false
[MEM-EVENT] VideoFrameProvider.stopPlayback | obj=-2618337405135830018 flush=true hasPlaybackTex=false hasStillTex=true hasInteractiveTex=false hasHoldTex=false
[MEM-EVENT] CVTextureCache.flush | owner=UserMediaTextureFactory
[MEM-EVENT] CVTextureCache.flush | owner=UserMediaTextureFactory
[MEM-EVENT] VideoFrameProvider.release | obj=-2618337405135830018 hasPlaybackTex=false hasStillTex=false hasInteractiveTex=false
[MEM-EVENT] VideoFrameProvider.stopPlayback | obj=-2618337405135830018 flush=true hasPlaybackTex=false hasStillTex=false hasInteractiveTex=false hasHoldTex=false
[MEM-EVENT] CVTextureCache.flush | owner=UserMediaTextureFactory
[MEM-EVENT] CVTextureCache.flush | owner=UserMediaTextureFactory
[MEM-EVENT] VideoFrameProvider.deinit | obj=-2618337405135830018
[MEM-EVENT] SceneTypeCache.evictAll | count=1
[MEM-EVENT] SceneInstanceRuntime.deinit | obj=8930889427404684124 id=1B27C22C-A3AC-4480-9EF0-810D6EB7B169
[MEM-EVENT] UserMediaService.deinit | obj=-1828324772429995310 videoProviders=0
[MEM-EVENT] Background.clearAll | keys=0
[BackgroundTextureService] Cleared all background textures
[MEM-DIAG] editor.close.afterTeardown | footprint: 88MB | resident: 122MB | available: 2983MB | metal: 29MB | SceneInstanceRuntime: 0 | UserMediaService: 1 | VideoFrameProvider: 0
[MEM-EVENT] EditorRuntime.deinit | obj=-8176796197785324707
[MEM-EVENT] UserMediaService.deinit | obj=-7022572576422762054 videoProviders=0
[MEM-DIAG] editor.close.after.2s | footprint: 48MB | resident: 122MB | available: 3024MB | metal: 0MB | SceneInstanceRuntime: 0 | UserMediaService: 0 | VideoFrameProvider: 0
[MEM-DIAG] editor.boot.before | footprint: 28MB | resident: 111MB | available: 3043MB | metal: n/aMB | SceneInstanceRuntime: 0 | UserMediaService: 0 | VideoFrameProvider: 0
[EditorReducer] Populated timeline from template defaults: 1 scenes
[MEM-EVENT] bootstrap.prepare.start | requestId=265BAFE7-AA4A-4AAC-B9B8-EF24B77B45A8 sceneTypeId=full_image obj=279604350684345176
[MEM-EVENT] compiledPackage.load.summary | file=compiled.tve bytes=10044 read=0.000s validate=0.000s decode=0.001s total=0.001s assets=4
[MEM-EVENT] sceneTypeLoad.summary | id=full_image package=0.001s localIndex=0.000s sharedIndex=0.000s resolver=0.000s total=0.002s
[MEM-EVENT] initialScene.load.summary | id=full_image pipeline=0.002s player=0.000s provider=0.000s preload=0.040s total=0.041s
[MEM-EVENT] bootstrap.load.summary | sceneTypeId=full_image duration=0.04s
[MEM-EVENT] bootstrap.prepare.loaded | requestId=265BAFE7-AA4A-4AAC-B9B8-EF24B77B45A8
[MEM-EVENT] bootstrap.prepare.apply | requestId=265BAFE7-AA4A-4AAC-B9B8-EF24B77B45A8 obj=279604350684345176
[PerfCounter] applySnapshot(scene): 117
[PerfCounter] applySnapshot(scene): 118
[MEM-EVENT] UserMediaService.init | obj=-4974503168850478982
[MEM-EVENT] preview.audio.select | toggle=ON controller=Legacy
[MEM-EVENT] preview.audio.engine.teardown
[MEM-EVENT] preview.audio.canonical.selected | toggle=ON controller=CanonicalPreviewAudioController
[MEM-EVENT] preview.audio.prepare | canonicalIdlePrepareSkipped=1
[MEM-EVENT] bootstrap.boot.summary | duration=0.00s
[MEM-DIAG] editor.boot.after | footprint: 56MB | resident: 128MB | available: 3015MB | metal: 11MB | SceneInstanceRuntime: 0 | UserMediaService: 1 | VideoFrameProvider: 0
[MEM-EVENT] bootstrap.apply.summary | duration=0.00s
[MEM-EVENT] bootstrap.prepare.summary | sceneTypeId=full_image duration=0.04s outcome=success
[MEM-EVENT] Runtime.create.start | id=65DB95F7-92B7-4A83-BF21-539634D068A0 sceneType=full_image
[MEM-EVENT] SceneTypeCache.preload.start | id=full_image cached=0
[MEM-EVENT] compiledPackage.load.summary | file=compiled.tve bytes=10044 read=0.000s validate=0.000s decode=0.001s total=0.001s assets=4
[MEM-EVENT] sceneTypeLoad.summary | id=full_image package=0.001s localIndex=0.000s sharedIndex=0.000s resolver=0.000s total=0.001s
[MEM-EVENT] SceneTypeCache.preload.summary | id=full_image source=cold io=0.00s provider=0.00s textures=0.04s total=0.04s
[MEM-EVENT] SceneTypeCache.preload.stored | id=full_image total=1 ids=full_image
[MEM-EVENT] UserMediaService.init | obj=-1219678615413004701
[MEM-EVENT] SceneInstanceRuntime.init | obj=4685859411654003291 id=65DB95F7-92B7-4A83-BF21-539634D068A0 type=full_image
[MEM-EVENT] Runtime.create.complete | id=65DB95F7-92B7-4A83-BF21-539634D068A0 outcome=success total=1
[MEM-EVENT] SceneInstanceRuntime.prepare | obj=4685859411654003291 id=65DB95F7-92B7-4A83-BF21-539634D068A0 frame=0
[SceneInstanceRuntime] Ready for presentation at frame 0: 65DB95F7-92B7-4A83-BF21-539634D068A0
[PERF] FPS: 0.5 | CPU: 1.5% (1core), 0.3% (all) | MEM: 121MB res, 62MB foot | GPU: n/a | DRAW: avg 0.00ms, p95 0.00ms, max 0.00ms
[PERF] FPS: 0.0 | CPU: 0.0% (1core), 0.0% (all) | MEM: 121MB res, 62MB foot | GPU: n/a | DRAW: avg 0.00ms, p95 0.00ms, max 0.00ms
[PerfCounter] applySnapshot(scene): 119
[PerfCounter] applySnapshot(scene): 120
[MEM-EVENT] preview.audio.markDirty | generation=1 playing=0 state=timelinePreview
[MEM-EVENT] preview.audio.select | toggle=ON controller=Canonical
[MEM-EVENT] preview.audio.prepare | canonicalIdlePrepareSkipped=1
[MEM-EVENT] audio.session.configure | ok=1
[MEM-EVENT] audio.session.activate.begin
[MEM-EVENT] audio.session.activate.end | ok=1
[MEM-EVENT] playback.audio.start.begin | compressedFrame=0 projectTimeUs=0 state=timelinePreview isPlayingBefore=0
[MEM-EVENT] displayLink.create | obj=6565876523157726968
[MEM-DIAG] playback.start | footprint: 72MB | resident: 122MB | available: 3000MB | metal: 36MB | SceneInstanceRuntime: 1 | UserMediaService: 2 | VideoFrameProvider: 0
[MEM-EVENT] playback.audio.previewStart.call | projectTimeUs=0 hostTime=193980.65872112504
[MEM-EVENT] preview.audio.select | toggle=ON controller=Canonical
[MEM-EVENT] preview.audio.start | dirty=1 hasPipeline=0 readiness=idle
[MEM-EVENT] preview.audio.canonical.legacyGateBypassed | seconds=0.0 hostTime=193980.65872112504
[MEM-EVENT] preview.audio.canonical.startPlayback.call | seconds=0.0
[MEM-EVENT] preview.audio.stage8.startPlayback.call | sinceStartMs=0.00 fromSeconds=0.0
[MEM-EVENT] preview.audio.stage8.plan.eval | sinceStartMs=0.94 elapsedMs=0.90 segments=1
[MEM-EVENT] preview.audio.canonical.plan | segments=1 fromSeconds=0.0
[MEM-EVENT] preview.audio.stage8.setup.end | sinceStartMs=13.96 graph+session+output+anchor done
[MEM-EVENT] preview.audio.canonical.preroll.build.begin | planSegments=1 range=0..<9600 gen=2
[MEM-EVENT] preview.audio.stage8.preroll.begin | sinceStartMs=14.00 range=0..<9600 sampleCount=9600 initialPrerollSamples=9600 maxChunkSamples=48000
[MEM-EVENT] preview.audio.canonical.firstFrameSignal | delivered=1
[MEM-EVENT] preview.audio.stage8.firstFrameSignal | sinceStartMs=14.29 barrierReason=firstFrameArrivedPrerollNotReady
[MEM-EVENT] preview.audio.canonical.render.begin | segments=1 range=0..<9600
[MEM-EVENT] preview.audio.stage8.cache.miss | range=0..<9600 revision=ProjectRevision(raw: 1) epoch=PlaybackEpoch(raw: 1) planIdLen=452
[MEM-EVENT] preview.audio.stage8.render.decode | source=app.audio.source.imported:08678F16-E95C-4F6F-8572-FFD14FF4BF5F sourceStart=0/1 frameCount=9600 elapsedMs=31.11
[MEM-EVENT] preview.audio.stage8.render.total | range=0..<9600 segments=1 sources=1 elapsedMs=32.74
[MEM-EVENT] preview.audio.stage8.cache.store | range=0..<9600 revision=ProjectRevision(raw: 1) epoch=PlaybackEpoch(raw: 1) planIdLen=452
[MEM-EVENT] preview.audio.canonical.render.end | sources=1
[MEM-EVENT] preview.audio.canonical.preroll.build.end | sourceCount=1 bufferCount=1
[MEM-EVENT] preview.audio.stage8.preroll.end | sinceStartMs=49.90 renderElapsedMs=35.89 sourceCount=1
[MEM-EVENT] preview.audio.stage8.barrier.cross | sinceStartMs=49.90
[MEM-EVENT] preview.audio.canonical.graph.schedule.begin | sources=1
[MEM-EVENT] preview.audio.canonical.graph.schedule.end | scheduled=1
[MEM-EVENT] preview.audio.stage8.graph.schedule.end | sinceStartMs=132.31 scheduleMs=82.40
[MEM-EVENT] preview.audio.canonical.engine.start.begin
[MEM-EVENT] preview.audio.canonical.player.play.begin
[MEM-EVENT] preview.audio.canonical.player.play.end
[MEM-EVENT] preview.audio.canonical.engine.start.end
[MEM-EVENT] preview.audio.stage8.player.play.end | sinceStartMs=132.35 playStartMs=0.02
[MEM-EVENT] preview.audio.canonical.scheduled | scheduled=1 sources=1 started=1
[MEM-EVENT] preview.audio.stage8.scheduled.total | sinceStartMs=132.36 totalStartToScheduledMs=132.36
[MEM-EVENT] preview.audio.canonical.nextChunk.requested | range=9600..<57600 gen=2 inFlight=1
[MEM-EVENT] preview.audio.canonical.nextChunk.render.begin | range=9600..<57600 gen=2
[MEM-EVENT] preview.audio.canonical.render.begin | segments=1 range=9600..<57600
[MEM-EVENT] preview.audio.stage8.cache.miss | range=9600..<57600 revision=ProjectRevision(raw: 1) epoch=PlaybackEpoch(raw: 1) planIdLen=452
[MEM-EVENT] preview.audio.stage8.render.decode | source=app.audio.source.imported:08678F16-E95C-4F6F-8572-FFD14FF4BF5F sourceStart=1/5 frameCount=48000 elapsedMs=0.64
[MEM-EVENT] preview.audio.stage8.render.total | range=9600..<57600 segments=1 sources=1 elapsedMs=10.17
[MEM-EVENT] preview.audio.stage8.cache.store | range=9600..<57600 revision=ProjectRevision(raw: 1) epoch=PlaybackEpoch(raw: 1) planIdLen=452
[MEM-EVENT] preview.audio.canonical.render.end | sources=1
[MEM-EVENT] preview.audio.canonical.nextChunk.render.end | range=9600..<57600 sourceCount=1
[MEM-EVENT] preview.audio.canonical.nextChunk.schedule.begin | range=9600..<57600 sources=1
[MEM-EVENT] preview.audio.canonical.nextChunk.schedule.end | range=9600..<57600 scheduled=1
[MEM-EVENT] preview.audio.canonical.nextChunk.requested | range=57600..<105600 gen=2 inFlight=1
[MEM-EVENT] preview.audio.canonical.nextChunk.render.begin | range=57600..<105600 gen=2
[MEM-EVENT] preview.audio.canonical.render.begin | segments=1 range=57600..<105600
[MEM-EVENT] preview.audio.stage8.cache.miss | range=57600..<105600 revision=ProjectRevision(raw: 1) epoch=PlaybackEpoch(raw: 1) planIdLen=452
[MEM-EVENT] preview.audio.stage8.render.decode | source=app.audio.source.imported:08678F16-E95C-4F6F-8572-FFD14FF4BF5F sourceStart=6/5 frameCount=48000 elapsedMs=0.38
[MEM-EVENT] preview.audio.stage8.render.total | range=57600..<105600 segments=1 sources=1 elapsedMs=6.96
[MEM-EVENT] preview.audio.stage8.cache.store | range=57600..<105600 revision=ProjectRevision(raw: 1) epoch=PlaybackEpoch(raw: 1) planIdLen=452
[MEM-EVENT] preview.audio.canonical.render.end | sources=1
[MEM-EVENT] preview.audio.canonical.nextChunk.render.end | range=57600..<105600 sourceCount=1
[MEM-EVENT] preview.audio.canonical.nextChunk.schedule.begin | range=57600..<105600 sources=1
[MEM-EVENT] preview.audio.canonical.nextChunk.schedule.end | range=57600..<105600 scheduled=1
[MEM-EVENT] preview.audio.canonical.nextChunk.requested | range=105600..<153600 gen=2 inFlight=1
[MEM-EVENT] preview.audio.canonical.nextChunk.render.begin | range=105600..<153600 gen=2
[MEM-EVENT] preview.audio.canonical.render.begin | segments=1 range=105600..<153600
[MEM-EVENT] preview.audio.stage8.cache.miss | range=105600..<153600 revision=ProjectRevision(raw: 1) epoch=PlaybackEpoch(raw: 1) planIdLen=452
[MEM-EVENT] preview.audio.stage8.render.decode | source=app.audio.source.imported:08678F16-E95C-4F6F-8572-FFD14FF4BF5F sourceStart=11/5 frameCount=48000 elapsedMs=48.27
[MEM-EVENT] preview.audio.stage8.render.total | range=105600..<153600 segments=1 sources=1 elapsedMs=56.55
[MEM-EVENT] preview.audio.stage8.cache.store | range=105600..<153600 revision=ProjectRevision(raw: 1) epoch=PlaybackEpoch(raw: 1) planIdLen=452
[MEM-EVENT] preview.audio.canonical.render.end | sources=1
[MEM-EVENT] preview.audio.canonical.nextChunk.render.end | range=105600..<153600 sourceCount=1
[MEM-EVENT] preview.audio.canonical.nextChunk.schedule.begin | range=105600..<153600 sources=1
[MEM-EVENT] preview.audio.canonical.nextChunk.schedule.end | range=105600..<153600 scheduled=1
[MEM-EVENT] preview.audio.canonical.nextChunk.requested | range=153600..<201600 gen=2 inFlight=1
[MEM-EVENT] preview.audio.canonical.nextChunk.render.begin | range=153600..<201600 gen=2
[MEM-EVENT] preview.audio.canonical.render.begin | segments=1 range=153600..<201600
[MEM-EVENT] preview.audio.stage8.cache.miss | range=153600..<201600 revision=ProjectRevision(raw: 1) epoch=PlaybackEpoch(raw: 1) planIdLen=452
[MEM-EVENT] preview.audio.stage8.render.decode | source=app.audio.source.imported:08678F16-E95C-4F6F-8572-FFD14FF4BF5F sourceStart=16/5 frameCount=48000 elapsedMs=0.40
[MEM-EVENT] preview.audio.stage8.render.total | range=153600..<201600 segments=1 sources=1 elapsedMs=6.95
[MEM-EVENT] preview.audio.stage8.cache.store | range=153600..<201600 revision=ProjectRevision(raw: 1) epoch=PlaybackEpoch(raw: 1) planIdLen=452
[MEM-EVENT] preview.audio.canonical.render.end | sources=1
[MEM-EVENT] preview.audio.canonical.nextChunk.render.end | range=153600..<201600 sourceCount=1
[MEM-EVENT] preview.audio.canonical.nextChunk.schedule.begin | range=153600..<201600 sources=1
[MEM-EVENT] preview.audio.canonical.nextChunk.schedule.end | range=153600..<201600 scheduled=1
[MEM-EVENT] preview.audio.canonical.nextChunk.requested | range=201600..<240000 gen=2 inFlight=1
[MEM-EVENT] preview.audio.canonical.nextChunk.render.begin | range=201600..<240000 gen=2
[MEM-EVENT] preview.audio.canonical.render.begin | segments=1 range=201600..<240000
[MEM-EVENT] preview.audio.stage8.cache.miss | range=201600..<240000 revision=ProjectRevision(raw: 1) epoch=PlaybackEpoch(raw: 1) planIdLen=452
[MEM-EVENT] preview.audio.stage8.render.decode | source=app.audio.source.imported:08678F16-E95C-4F6F-8572-FFD14FF4BF5F sourceStart=21/5 frameCount=38400 elapsedMs=0.35
[MEM-EVENT] preview.audio.stage8.render.total | range=201600..<240000 segments=1 sources=1 elapsedMs=6.09
[MEM-EVENT] preview.audio.stage8.cache.store | range=201600..<240000 revision=ProjectRevision(raw: 1) epoch=PlaybackEpoch(raw: 1) planIdLen=452
[MEM-EVENT] preview.audio.canonical.render.end | sources=1
[MEM-EVENT] preview.audio.canonical.nextChunk.render.end | range=201600..<240000 sourceCount=1
[MEM-EVENT] preview.audio.canonical.nextChunk.schedule.begin | range=201600..<240000 sources=1
[MEM-EVENT] preview.audio.canonical.nextChunk.schedule.end | range=201600..<240000 scheduled=1
[MEM-EVENT] preview.audio.canonical.nextChunk.endOfPlan | planEnd=240000
[PERF] FPS: 8.5 | CPU: 19.8% (1core), 3.3% (all) | MEM: 122MB res, 76MB foot | GPU: n/a | DRAW: avg 0.00ms, p95 0.00ms, max 0.00ms
[MEM-EVENT] playback.audio.stop.begin
[MEM-EVENT] displayLink.invalidate | obj=6565876523157726968
[PerfCounter] applySnapshot(scene): 121
[PerfCounter] applySnapshot(scene): 122
[PerfCounter] layout(scene): 60
[PerfCounter] applySnapshot(scene): 123
[PerfCounter] applySnapshot(scene): 124
[PerfCounter] applySnapshot(scene): 125
[PerfCounter] applySnapshot(scene): 126
[PerfCounter] applySnapshot(scene): 127
[PerfCounter] applySnapshot(scene): 128
[PerfCounter] applySnapshot(scene): 129
[PerfCounter] applySnapshot(scene): 130
[PerfCounter] applySnapshot(scene): 131
[PerfCounter] applySnapshot(scene): 132
[PerfCounter] layout(scene): 70
[PerfCounter] applySnapshot(scene): 133
[PerfCounter] applySnapshot(scene): 134
[PerfCounter] applySnapshot(scene): 135
[PerfCounter] applySnapshot(scene): 136
[PerfCounter] applySnapshot(scene): 137
[PerfCounter] applySnapshot(scene): 138
[MEM-EVENT] preview.audio.markDirty | generation=2 playing=0 state=timelinePreview
[MEM-EVENT] preview.audio.select | toggle=ON controller=Canonical
[MEM-EVENT] preview.audio.prepare | canonicalIdlePrepareSkipped=1
[PERF] FPS: 17.0 | CPU: 9.8% (1core), 1.6% (all) | MEM: 122MB res, 77MB foot | GPU: n/a | DRAW: avg 0.00ms, p95 0.00ms, max 0.00ms
[MEM-EVENT] playback.audio.stop.begin
[PERF] FPS: 1.0 | CPU: 3.6% (1core), 0.6% (all) | MEM: 143MB res, 107MB foot | GPU: avg 1.00ms, p95 1.00ms | DRAW: avg 0.10ms, p95 0.10ms, max 0.10ms
[PERF] FPS: 0.0 | CPU: 0.0% (1core), 0.0% (all) | MEM: 142MB res, 101MB foot | GPU: n/a | DRAW: avg 0.00ms, p95 0.00ms, max 0.00ms
[PERF] FPS: 0.0 | CPU: 2.2% (1core), 0.4% (all) | MEM: 134MB res, 93MB foot | GPU: n/a | DRAW: avg 0.00ms, p95 0.00ms, max 0.00ms
[MEM-DIAG] playback.stop.cleanup | footprint: 93MB | resident: 134MB | available: 2979MB | metal: 57MB | SceneInstanceRuntime: 1 | UserMediaService: 2 | VideoFrameProvider: 0
[MEM-DIAG]   pool | avail: 0 (0.0MB) | inUse: 0 (~0.0MB) | total: ~0.0MB
[MEM-DIAG]   sceneTypeCache | cached: 1 [full_image] loading: 0 | textures: 2 ~9.7MB
[MEM-DIAG]   overlayCache | entries: 0 MB: 0.0
[MEM-DIAG]   runtimes: 1
[MEM-DIAG]   videoProviders: 0
[MEM-EVENT] playback.audio.sessionDeactivate.call
[MEM-EVENT] audio.session.deactivate.begin
[MEM-EVENT] audio.session.deactivate.end | ok=1
[MEM-DIAG] playback.stop.after | footprint: 93MB | resident: 134MB | available: 2979MB | metal: 57MB | SceneInstanceRuntime: 1 | UserMediaService: 2 | VideoFrameProvider: 0
[MEM-DIAG]   pool | avail: 0 (0.0MB) | inUse: 0 (~0.0MB) | total: ~0.0MB
[MEM-DIAG]   sceneTypeCache | cached: 1 [full_image] loading: 0 | textures: 2 ~9.7MB
[MEM-DIAG]   overlayCache | entries: 0 MB: 0.0
[MEM-DIAG]   runtimes: 1
[MEM-DIAG]   videoProviders: 0
[MEM-EVENT] SceneInstanceRuntime.resetState | obj=4685859411654003291 id=65DB95F7-92B7-4A83-BF21-539634D068A0
[MEM-EVENT] SceneInstanceRuntime.resetState | obj=4685859411654003291 id=65DB95F7-92B7-4A83-BF21-539634D068A0
[MEM-EVENT] UMS.cleanupVideo | obj=-4974503168850478982 blockId=block_01
[MEM-EVENT] CVTextureCache.create | owner=UserMediaTextureFactory
[MEM-EVENT] VideoFrameProvider.init | obj=3803819361901356864
[MediaRestoreCoordinator] Restored video for block_01: presentOnReady=true, success
[MEM-EVENT] UMS.cleanupVideo | obj=-1219678615413004701 blockId=block_01
[MEM-EVENT] CVTextureCache.create | owner=UserMediaTextureFactory
[MEM-EVENT] VideoFrameProvider.init | obj=1717313557461238803
[MediaRestoreCoordinator] Restored video for block_01: presentOnReady=true, success
[MEM-EVENT] SceneInstanceRuntime.applyState | obj=4685859411654003291 id=65DB95F7-92B7-4A83-BF21-539634D068A0 restored=1
[TimelineCompositionEngine] Re-applied state to loaded runtime: 65DB95F7-92B7-4A83-BF21-539634D068A0
[MEM-EVENT] preview.audio.markDirty | generation=3 playing=0 state=sceneEdit(instanceId: 65DB95F7-92B7-4A83-BF21-539634D068A0)
[MEM-EVENT] UMS.cleanupVideo | obj=-1219678615413004701 blockId=block_01
[MEM-EVENT] VideoFrameProvider.release | obj=1717313557461238803 hasPlaybackTex=false hasStillTex=false hasInteractiveTex=false
[MEM-EVENT] VideoFrameProvider.stopPlayback | obj=1717313557461238803 flush=true hasPlaybackTex=false hasStillTex=false hasInteractiveTex=false hasHoldTex=false
[MEM-EVENT] CVTextureCache.flush | owner=UserMediaTextureFactory
[MEM-EVENT] CVTextureCache.flush | owner=UserMediaTextureFactory
[MEM-EVENT] CVTextureCache.create | owner=UserMediaTextureFactory
[MEM-EVENT] VideoFrameProvider.init | obj=-1519639419666613669
[MediaRestoreCoordinator] Restored video for block_01: presentOnReady=true, success
[MEM-EVENT] SceneInstanceRuntime.applyState | obj=4685859411654003291 id=65DB95F7-92B7-4A83-BF21-539634D068A0 restored=1
[TimelineCompositionEngine] Re-applied state to loaded runtime: 65DB95F7-92B7-4A83-BF21-539634D068A0
[VideoFrameProvider] READY: 65DB95F7-92B7-4A83-BF21-539634D068A0_block_01_2624837C-CB48-4591-8641-048E8D8A4235.mov | dur=57.26s | sceneFPS=30.0 | trackFPS=24.99 | size=1920x1080 | transform=[0.0,1.0,-1.0,0.0,1080.0,0.0]
[MEM-EVENT] VideoFrameProvider.release | obj=1717313557461238803 hasPlaybackTex=false hasStillTex=false hasInteractiveTex=false
[MEM-EVENT] VideoFrameProvider.stopPlayback | obj=1717313557461238803 flush=true hasPlaybackTex=false hasStillTex=false hasInteractiveTex=false hasHoldTex=false
[MEM-EVENT] CVTextureCache.flush | owner=UserMediaTextureFactory
[VideoFrameProvider] READY: 65DB95F7-92B7-4A83-BF21-539634D068A0_block_01_2624837C-CB48-4591-8641-048E8D8A4235.mov | dur=57.26s | sceneFPS=30.0 | trackFPS=24.99 | size=1920x1080 | transform=[0.0,1.0,-1.0,0.0,1080.0,0.0]
[MEM-EVENT] CVTextureCache.flush | owner=UserMediaTextureFactory
[MEM-EVENT] VideoFrameProvider.deinit | obj=1717313557461238803
[MEM-EVENT] SceneInstanceRuntime.prepare | obj=4685859411654003291 id=65DB95F7-92B7-4A83-BF21-539634D068A0 frame=51
[SceneInstanceRuntime] Ready for presentation at frame 51: 65DB95F7-92B7-4A83-BF21-539634D068A0
[PERF] FPS: 3.0 | CPU: 8.2% (1core), 1.4% (all) | MEM: 132MB res, 150MB foot | GPU: avg 4.01ms, p95 5.77ms | DRAW: avg 0.66ms, p95 0.47ms, max 1.61ms
[MEM-DIAG] playback.stop.after.2s | footprint: 150MB | resident: 132MB | available: 2922MB | metal: 85MB | SceneInstanceRuntime: 1 | UserMediaService: 2 | VideoFrameProvider: 2
[MEM-DIAG]   pool | avail: 8 (17.4MB) | inUse: 0 (~0.0MB) | total: ~17.4MB
[MEM-DIAG]   pool.owner | owner=mask.boolean.bbox created=8 MB=17.4
[MEM-DIAG]   sceneTypeCache | cached: 1 [full_image] loading: 0 | textures: 2 ~9.7MB
[MEM-DIAG]   overlayCache | entries: 0 MB: 0.0
[MEM-DIAG]   runtimes: 1
[MEM-DIAG]   videoProviders: 2
[MEM-EVENT] audio.session.activate.begin
[MEM-EVENT] audio.session.activate.end | ok=1
[MEM-EVENT] playback.audio.start.begin | compressedFrame=51 projectTimeUs=1700000 state=timelinePreview isPlayingBefore=0
[MEM-EVENT] displayLink.create | obj=6565876523157726968
[MEM-DIAG] playback.start | footprint: 150MB | resident: 132MB | available: 2922MB | metal: 85MB | SceneInstanceRuntime: 1 | UserMediaService: 2 | VideoFrameProvider: 2
[MEM-EVENT] playback.audio.previewStart.call | projectTimeUs=1700000 hostTime=193991.99594200004
[MEM-EVENT] preview.audio.select | toggle=ON controller=Canonical
[MEM-EVENT] preview.audio.start | dirty=1 hasPipeline=1 readiness=primed
[MEM-EVENT] preview.audio.canonical.legacyGateBypassed | seconds=1.7 hostTime=193991.99594200004
[MEM-EVENT] preview.audio.canonical.startPlayback.call | seconds=1.7
[MEM-EVENT] preview.audio.stage8.startPlayback.call | sinceStartMs=0.00 fromSeconds=1.7
[MEM-EVENT] preview.audio.stage8.plan.eval | sinceStartMs=1.10 elapsedMs=1.07 segments=2
[MEM-EVENT] preview.audio.canonical.plan | segments=2 fromSeconds=1.7
[MEM-EVENT] preview.audio.stage8.setup.end | sinceStartMs=3.38 graph+session+output+anchor done
[MEM-EVENT] preview.audio.canonical.preroll.build.begin | planSegments=2 range=81600..<91200 gen=7
[MEM-EVENT] preview.audio.stage8.preroll.begin | sinceStartMs=3.46 range=81600..<91200 sampleCount=9600 initialPrerollSamples=9600 maxChunkSamples=48000
[MEM-EVENT] preview.audio.canonical.render.begin | segments=2 range=81600..<91200
[MEM-EVENT] preview.audio.stage8.cache.miss | range=81600..<91200 revision=ProjectRevision(raw: 2) epoch=PlaybackEpoch(raw: 2) planIdLen=1070
[VideoFrameProvider] playback: 1 OK, 0 nil (0.0%) | itemTime=1.715s | lastExtracted=1.748s | active=true
[MEM-EVENT] preview.audio.canonical.firstFrameSignal | delivered=1
[MEM-EVENT] preview.audio.stage8.firstFrameSignal | sinceStartMs=22.97 barrierReason=firstFrameArrivedPrerollNotReady
[MEM-EVENT] preview.audio.stage8.render.decode | source=app.audio.source.imported:08678F16-E95C-4F6F-8572-FFD14FF4BF5F sourceStart=17/10 frameCount=9600 elapsedMs=94.09
[MEM-EVENT] preview.audio.stage8.render.decode | source=app.audio.source.videoLayer:scene-0-65DB95F7-92B7-4A83-BF21-539634D068A0:block_01 sourceStart=17/10 frameCount=9600 elapsedMs=129.58
[MEM-EVENT] preview.audio.stage8.render.total | range=81600..<91200 segments=2 sources=2 elapsedMs=227.25
[MEM-EVENT] preview.audio.stage8.cache.store | range=81600..<91200 revision=ProjectRevision(raw: 2) epoch=PlaybackEpoch(raw: 2) planIdLen=1070
[MEM-EVENT] preview.audio.canonical.render.end | sources=2
[MEM-EVENT] preview.audio.canonical.preroll.build.end | sourceCount=2 bufferCount=2
[MEM-EVENT] preview.audio.stage8.preroll.end | sinceStartMs=232.65 renderElapsedMs=229.19 sourceCount=2
[MEM-EVENT] preview.audio.stage8.barrier.cross | sinceStartMs=232.66
[MEM-EVENT] preview.audio.canonical.graph.schedule.begin | sources=2
[MEM-EVENT] preview.audio.canonical.graph.schedule.end | scheduled=1
[MEM-EVENT] preview.audio.stage8.graph.schedule.end | sinceStartMs=281.68 scheduleMs=49.01
[MEM-EVENT] preview.audio.canonical.engine.start.begin
[MEM-EVENT] preview.audio.canonical.player.play.begin
[MEM-EVENT] preview.audio.canonical.player.play.end
[MEM-EVENT] preview.audio.canonical.engine.start.end
[MEM-EVENT] preview.audio.stage8.player.play.end | sinceStartMs=281.70 playStartMs=0.02
[MEM-EVENT] preview.audio.canonical.scheduled | scheduled=1 sources=2 started=1
[MEM-EVENT] preview.audio.stage8.scheduled.total | sinceStartMs=281.71 totalStartToScheduledMs=281.71
[MEM-EVENT] preview.audio.canonical.nextChunk.requested | range=91200..<139200 gen=10 inFlight=1
[MEM-EVENT] preview.audio.canonical.nextChunk.render.begin | range=91200..<139200 gen=10
[MEM-EVENT] preview.audio.canonical.render.begin | segments=2 range=91200..<139200
[MEM-EVENT] preview.audio.stage8.cache.miss | range=91200..<139200 revision=ProjectRevision(raw: 2) epoch=PlaybackEpoch(raw: 2) planIdLen=1070
[MEM-EVENT] preview.audio.stage8.render.decode | source=app.audio.source.imported:08678F16-E95C-4F6F-8572-FFD14FF4BF5F sourceStart=19/10 frameCount=48000 elapsedMs=31.39
[MEM-EVENT] preview.audio.stage8.render.decode | source=app.audio.source.videoLayer:scene-0-65DB95F7-92B7-4A83-BF21-539634D068A0:block_01 sourceStart=19/10 frameCount=48000 elapsedMs=25.11
[MEM-EVENT] preview.audio.stage8.render.total | range=91200..<139200 segments=2 sources=2 elapsedMs=70.36
[MEM-EVENT] preview.audio.stage8.cache.store | range=91200..<139200 revision=ProjectRevision(raw: 2) epoch=PlaybackEpoch(raw: 2) planIdLen=1070
[MEM-EVENT] preview.audio.canonical.render.end | sources=2
[MEM-EVENT] preview.audio.canonical.nextChunk.render.end | range=91200..<139200 sourceCount=2
[MEM-EVENT] preview.audio.canonical.nextChunk.schedule.begin | range=91200..<139200 sources=2
[MEM-EVENT] preview.audio.canonical.nextChunk.schedule.end | range=91200..<139200 scheduled=1
[MEM-EVENT] preview.audio.canonical.nextChunk.requested | range=139200..<187200 gen=10 inFlight=1
[MEM-EVENT] preview.audio.canonical.nextChunk.render.begin | range=139200..<187200 gen=10
[MEM-EVENT] preview.audio.canonical.render.begin | segments=2 range=139200..<187200
[MEM-EVENT] preview.audio.stage8.cache.miss | range=139200..<187200 revision=ProjectRevision(raw: 2) epoch=PlaybackEpoch(raw: 2) planIdLen=1070
[MEM-EVENT] preview.audio.stage8.render.decode | source=app.audio.source.imported:08678F16-E95C-4F6F-8572-FFD14FF4BF5F sourceStart=29/10 frameCount=48000 elapsedMs=30.27
[MEM-EVENT] preview.audio.stage8.render.decode | source=app.audio.source.videoLayer:scene-0-65DB95F7-92B7-4A83-BF21-539634D068A0:block_01 sourceStart=29/10 frameCount=48000 elapsedMs=24.54
[MEM-EVENT] preview.audio.stage8.render.total | range=139200..<187200 segments=2 sources=2 elapsedMs=68.98
[MEM-EVENT] preview.audio.stage8.cache.store | range=139200..<187200 revision=ProjectRevision(raw: 2) epoch=PlaybackEpoch(raw: 2) planIdLen=1070
[MEM-EVENT] preview.audio.canonical.render.end | sources=2
[MEM-EVENT] preview.audio.canonical.nextChunk.render.end | range=139200..<187200 sourceCount=2
[MEM-EVENT] preview.audio.canonical.nextChunk.schedule.begin | range=139200..<187200 sources=2
[MEM-EVENT] preview.audio.canonical.nextChunk.schedule.end | range=139200..<187200 scheduled=1
[MEM-EVENT] preview.audio.canonical.nextChunk.requested | range=187200..<235200 gen=10 inFlight=1
[MEM-EVENT] preview.audio.canonical.nextChunk.render.begin | range=187200..<235200 gen=10
[MEM-EVENT] preview.audio.canonical.render.begin | segments=2 range=187200..<235200
[MEM-EVENT] preview.audio.stage8.cache.miss | range=187200..<235200 revision=ProjectRevision(raw: 2) epoch=PlaybackEpoch(raw: 2) planIdLen=1070
[MEM-EVENT] preview.audio.stage8.render.decode | source=app.audio.source.imported:08678F16-E95C-4F6F-8572-FFD14FF4BF5F sourceStart=39/10 frameCount=48000 elapsedMs=30.03
[MEM-EVENT] preview.audio.stage8.render.decode | source=app.audio.source.videoLayer:scene-0-65DB95F7-92B7-4A83-BF21-539634D068A0:block_01 sourceStart=39/10 frameCount=48000 elapsedMs=26.22
[MEM-EVENT] preview.audio.stage8.render.total | range=187200..<235200 segments=2 sources=2 elapsedMs=70.08
[MEM-EVENT] preview.audio.stage8.cache.store | range=187200..<235200 revision=ProjectRevision(raw: 2) epoch=PlaybackEpoch(raw: 2) planIdLen=1070
[MEM-EVENT] preview.audio.canonical.render.end | sources=2
[MEM-EVENT] preview.audio.canonical.nextChunk.render.end | range=187200..<235200 sourceCount=2
[MEM-EVENT] preview.audio.canonical.nextChunk.schedule.begin | range=187200..<235200 sources=2
[MEM-EVENT] preview.audio.canonical.nextChunk.schedule.end | range=187200..<235200 scheduled=1
[MEM-EVENT] preview.audio.canonical.nextChunk.requested | range=235200..<283200 gen=10 inFlight=1
[MEM-EVENT] preview.audio.canonical.nextChunk.render.begin | range=235200..<283200 gen=10
[MEM-EVENT] preview.audio.canonical.render.begin | segments=2 range=235200..<283200
[MEM-EVENT] preview.audio.stage8.cache.miss | range=235200..<283200 revision=ProjectRevision(raw: 2) epoch=PlaybackEpoch(raw: 2) planIdLen=1070
[MEM-EVENT] preview.audio.stage8.render.decode | source=app.audio.source.imported:08678F16-E95C-4F6F-8572-FFD14FF4BF5F sourceStart=49/10 frameCount=48000 elapsedMs=29.50
[MEM-EVENT] preview.audio.stage8.render.decode | source=app.audio.source.videoLayer:scene-0-65DB95F7-92B7-4A83-BF21-539634D068A0:block_01 sourceStart=49/10 frameCount=48000 elapsedMs=23.83
[MEM-EVENT] preview.audio.stage8.render.total | range=235200..<283200 segments=2 sources=2 elapsedMs=67.06
[MEM-EVENT] preview.audio.stage8.cache.store | range=235200..<283200 revision=ProjectRevision(raw: 2) epoch=PlaybackEpoch(raw: 2) planIdLen=1070
[MEM-EVENT] preview.audio.canonical.render.end | sources=2
[MEM-EVENT] preview.audio.canonical.nextChunk.render.end | range=235200..<283200 sourceCount=2
[MEM-EVENT] preview.audio.canonical.nextChunk.schedule.begin | range=235200..<283200 sources=2
[MEM-EVENT] preview.audio.canonical.nextChunk.schedule.end | range=235200..<283200 scheduled=1
[MEM-EVENT] preview.audio.canonical.nextChunk.requested | range=283200..<331200 gen=10 inFlight=1
[MEM-EVENT] preview.audio.canonical.nextChunk.render.begin | range=283200..<331200 gen=10
[MEM-EVENT] preview.audio.canonical.render.begin | segments=2 range=283200..<331200
[MEM-EVENT] preview.audio.stage8.cache.miss | range=283200..<331200 revision=ProjectRevision(raw: 2) epoch=PlaybackEpoch(raw: 2) planIdLen=1070
[MEM-EVENT] preview.audio.stage8.render.decode | source=app.audio.source.imported:08678F16-E95C-4F6F-8572-FFD14FF4BF5F sourceStart=59/10 frameCount=48000 elapsedMs=30.04
[MEM-EVENT] preview.audio.stage8.render.decode | source=app.audio.source.videoLayer:scene-0-65DB95F7-92B7-4A83-BF21-539634D068A0:block_01 sourceStart=59/10 frameCount=48000 elapsedMs=24.70
[MEM-EVENT] preview.audio.stage8.render.total | range=283200..<331200 segments=2 sources=2 elapsedMs=68.82
[MEM-EVENT] preview.audio.stage8.cache.store | range=283200..<331200 revision=ProjectRevision(raw: 2) epoch=PlaybackEpoch(raw: 2) planIdLen=1070
[MEM-EVENT] preview.audio.canonical.render.end | sources=2
[MEM-EVENT] preview.audio.canonical.nextChunk.render.end | range=283200..<331200 sourceCount=2
[MEM-EVENT] preview.audio.canonical.nextChunk.schedule.begin | range=283200..<331200 sources=2
[MEM-EVENT] preview.audio.canonical.nextChunk.schedule.end | range=283200..<331200 scheduled=1
[MEM-EVENT] preview.audio.canonical.nextChunk.requested | range=331200..<379200 gen=10 inFlight=1
[MEM-EVENT] preview.audio.canonical.nextChunk.render.begin | range=331200..<379200 gen=10
[MEM-EVENT] preview.audio.canonical.render.begin | segments=2 range=331200..<379200
[MEM-EVENT] preview.audio.stage8.cache.miss | range=331200..<379200 revision=ProjectRevision(raw: 2) epoch=PlaybackEpoch(raw: 2) planIdLen=1070
[MEM-EVENT] preview.audio.stage8.render.decode | source=app.audio.source.imported:08678F16-E95C-4F6F-8572-FFD14FF4BF5F sourceStart=69/10 frameCount=48000 elapsedMs=31.66
[MEM-EVENT] preview.audio.stage8.render.decode | source=app.audio.source.videoLayer:scene-0-65DB95F7-92B7-4A83-BF21-539634D068A0:block_01 sourceStart=69/10 frameCount=48000 elapsedMs=25.58
[MEM-EVENT] preview.audio.stage8.render.total | range=331200..<379200 segments=2 sources=2 elapsedMs=71.20
[MEM-EVENT] preview.audio.stage8.cache.store | range=331200..<379200 revision=ProjectRevision(raw: 2) epoch=PlaybackEpoch(raw: 2) planIdLen=1070
[MEM-EVENT] preview.audio.canonical.render.end | sources=2
[MEM-EVENT] preview.audio.canonical.nextChunk.render.end | range=331200..<379200 sourceCount=2
[MEM-EVENT] preview.audio.canonical.nextChunk.schedule.begin | range=331200..<379200 sources=2
[MEM-EVENT] preview.audio.canonical.nextChunk.schedule.end | range=331200..<379200 scheduled=1
[MEM-EVENT] preview.audio.canonical.nextChunk.requested | range=379200..<427200 gen=10 inFlight=1
[MEM-EVENT] preview.audio.canonical.nextChunk.render.begin | range=379200..<427200 gen=10
[MEM-EVENT] preview.audio.canonical.render.begin | segments=2 range=379200..<427200
[MEM-EVENT] preview.audio.stage8.cache.miss | range=379200..<427200 revision=ProjectRevision(raw: 2) epoch=PlaybackEpoch(raw: 2) planIdLen=1070
[MEM-EVENT] preview.audio.stage8.render.decode | source=app.audio.source.imported:08678F16-E95C-4F6F-8572-FFD14FF4BF5F sourceStart=79/10 frameCount=48000 elapsedMs=29.40
[MEM-EVENT] preview.audio.stage8.render.decode | source=app.audio.source.videoLayer:scene-0-65DB95F7-92B7-4A83-BF21-539634D068A0:block_01 sourceStart=79/10 frameCount=48000 elapsedMs=24.95
[MEM-EVENT] preview.audio.stage8.render.total | range=379200..<427200 segments=2 sources=2 elapsedMs=68.36
[MEM-EVENT] preview.audio.stage8.cache.store | range=379200..<427200 revision=ProjectRevision(raw: 2) epoch=PlaybackEpoch(raw: 2) planIdLen=1070
[MEM-EVENT] preview.audio.canonical.render.end | sources=2
[MEM-EVENT] preview.audio.canonical.nextChunk.render.end | range=379200..<427200 sourceCount=2
[MEM-EVENT] preview.audio.canonical.nextChunk.schedule.begin | range=379200..<427200 sources=2
[MEM-EVENT] preview.audio.canonical.nextChunk.schedule.end | range=379200..<427200 scheduled=1
[MEM-EVENT] preview.audio.canonical.nextChunk.requested | range=427200..<475200 gen=10 inFlight=1
[MEM-EVENT] preview.audio.canonical.nextChunk.render.begin | range=427200..<475200 gen=10
[MEM-EVENT] preview.audio.canonical.render.begin | segments=2 range=427200..<475200
[MEM-EVENT] preview.audio.stage8.cache.miss | range=427200..<475200 revision=ProjectRevision(raw: 2) epoch=PlaybackEpoch(raw: 2) planIdLen=1070
[MEM-EVENT] preview.audio.stage8.render.decode | source=app.audio.source.imported:08678F16-E95C-4F6F-8572-FFD14FF4BF5F sourceStart=89/10 frameCount=48000 elapsedMs=29.74
[MEM-EVENT] preview.audio.stage8.render.decode | source=app.audio.source.videoLayer:scene-0-65DB95F7-92B7-4A83-BF21-539634D068A0:block_01 sourceStart=89/10 frameCount=48000 elapsedMs=24.82
[MEM-EVENT] preview.audio.stage8.render.total | range=427200..<475200 segments=2 sources=2 elapsedMs=68.24
[MEM-EVENT] preview.audio.stage8.cache.store | range=427200..<475200 revision=ProjectRevision(raw: 2) epoch=PlaybackEpoch(raw: 2) planIdLen=1070
[MEM-EVENT] preview.audio.canonical.render.end | sources=2
[MEM-EVENT] preview.audio.canonical.nextChunk.render.end | range=427200..<475200 sourceCount=2
[MEM-EVENT] preview.audio.canonical.nextChunk.schedule.begin | range=427200..<475200 sources=2
[MEM-EVENT] preview.audio.canonical.nextChunk.schedule.end | range=427200..<475200 scheduled=1
[MEM-EVENT] preview.audio.canonical.nextChunk.requested | range=475200..<521601 gen=10 inFlight=1
[MEM-EVENT] preview.audio.canonical.nextChunk.render.begin | range=475200..<521601 gen=10
[MEM-EVENT] preview.audio.canonical.render.begin | segments=2 range=475200..<521601
[MEM-EVENT] preview.audio.stage8.cache.miss | range=475200..<521601 revision=ProjectRevision(raw: 2) epoch=PlaybackEpoch(raw: 2) planIdLen=1070
[MEM-EVENT] preview.audio.stage8.render.decode | source=app.audio.source.imported:08678F16-E95C-4F6F-8572-FFD14FF4BF5F sourceStart=99/10 frameCount=46401 elapsedMs=29.01
[MEM-EVENT] preview.audio.stage8.render.decode | source=app.audio.source.videoLayer:scene-0-65DB95F7-92B7-4A83-BF21-539634D068A0:block_01 sourceStart=99/10 frameCount=46401 elapsedMs=25.00
[MEM-EVENT] preview.audio.stage8.render.total | range=475200..<521601 segments=2 sources=2 elapsedMs=69.18
[MEM-EVENT] preview.audio.stage8.cache.store | range=475200..<521601 revision=ProjectRevision(raw: 2) epoch=PlaybackEpoch(raw: 2) planIdLen=1070
[MEM-EVENT] preview.audio.canonical.render.end | sources=2
[MEM-EVENT] preview.audio.canonical.nextChunk.render.end | range=475200..<521601 sourceCount=2
[MEM-EVENT] preview.audio.canonical.nextChunk.schedule.begin | range=475200..<521601 sources=2
[MEM-EVENT] preview.audio.canonical.nextChunk.schedule.end | range=475200..<521601 scheduled=1
[MEM-EVENT] preview.audio.canonical.nextChunk.endOfPlan | planEnd=521601
[PERF] FPS: 18.5 | CPU: 41.5% (1core), 6.9% (all) | MEM: 133MB res, 223MB foot | GPU: n/a | DRAW: avg 0.00ms, p95 0.00ms, max 0.00ms
[VideoFrameProvider] playback: 60 OK, 0 nil (0.0%) | itemTime=3.717s | lastExtracted=3.748s | active=true
[MEM-EVENT] playback.audio.stop.begin
[MEM-EVENT] displayLink.invalidate | obj=6565876523157726968
[MEM-EVENT] VideoFrameProvider.stopPlayback | obj=-1519639419666613669 flush=false hasPlaybackTex=true hasStillTex=true hasInteractiveTex=false hasHoldTex=false
[PerfCounter] applySnapshot(scene): 139
[PerfCounter] applySnapshot(scene): 140
[PerfCounter] layout(scene): 80
[PerfCounter] applySnapshot(scene): 141
[PerfCounter] applySnapshot(scene): 142
[PerfCounter] applySnapshot(scene): 143
[PerfCounter] applySnapshot(scene): 144
[PerfCounter] applySnapshot(scene): 145
[PerfCounter] applySnapshot(scene): 146
[PerfCounter] applySnapshot(scene): 147
[PerfCounter] applySnapshot(scene): 148
[PerfCounter] applySnapshot(scene): 149
[PerfCounter] applySnapshot(scene): 150
[MEM-EVENT] preview.audio.markDirty | generation=4 playing=0 state=timelinePreview
[MEM-EVENT] preview.audio.select | toggle=ON controller=Canonical
[MEM-EVENT] preview.audio.prepare | canonicalIdlePrepareSkipped=1
[PERF] FPS: 21.0 | CPU: 4.7% (1core), 0.8% (all) | MEM: 133MB res, 197MB foot | GPU: n/a | DRAW: avg 0.00ms, p95 0.00ms, max 0.00ms
[MEM-EVENT] audio.session.activate.begin
[MEM-EVENT] audio.session.activate.end | ok=1
[MEM-EVENT] playback.audio.start.begin | compressedFrame=128 projectTimeUs=4266666 state=timelinePreview isPlayingBefore=0
[MEM-EVENT] displayLink.create | obj=6565876523157726968
[MEM-DIAG] playback.start | footprint: 196MB | resident: 133MB | available: 2876MB | metal: 158MB | SceneInstanceRuntime: 1 | UserMediaService: 2 | VideoFrameProvider: 2
[MEM-EVENT] playback.audio.previewStart.call | projectTimeUs=4266666 hostTime=193995.5761613334
[MEM-EVENT] preview.audio.select | toggle=ON controller=Canonical
[MEM-EVENT] preview.audio.start | dirty=1 hasPipeline=1 readiness=primed
[MEM-EVENT] preview.audio.canonical.legacyGateBypassed | seconds=4.266666 hostTime=193995.5761613334
[MEM-EVENT] preview.audio.canonical.startPlayback.call | seconds=4.266666
[MEM-EVENT] preview.audio.stage8.startPlayback.call | sinceStartMs=0.01 fromSeconds=4.266666
[MEM-EVENT] preview.audio.stage8.plan.eval | sinceStartMs=4.57 elapsedMs=4.44 segments=2
[MEM-EVENT] preview.audio.canonical.plan | segments=2 fromSeconds=4.266666
[MEM-EVENT] preview.audio.stage8.setup.end | sinceStartMs=8.46 graph+session+output+anchor done
[MEM-EVENT] preview.audio.canonical.preroll.build.begin | planSegments=2 range=204799..<214399 gen=10
[MEM-EVENT] preview.audio.stage8.preroll.begin | sinceStartMs=8.58 range=204799..<214399 sampleCount=9600 initialPrerollSamples=9600 maxChunkSamples=48000
[MEM-EVENT] preview.audio.canonical.firstFrameSignal | delivered=1
[MEM-EVENT] preview.audio.stage8.firstFrameSignal | sinceStartMs=10.69 barrierReason=firstFrameArrivedPrerollNotReady
[MEM-EVENT] preview.audio.canonical.render.begin | segments=2 range=204799..<214399
[MEM-EVENT] preview.audio.stage8.cache.miss | range=204799..<214399 revision=ProjectRevision(raw: 3) epoch=PlaybackEpoch(raw: 3) planIdLen=1038
[MEM-EVENT] preview.audio.stage8.render.decode | source=app.audio.source.imported:08678F16-E95C-4F6F-8572-FFD14FF4BF5F sourceStart=204799/48000 frameCount=9600 elapsedMs=64.69
[MEM-EVENT] preview.audio.stage8.render.decode | source=app.audio.source.videoLayer:scene-0-65DB95F7-92B7-4A83-BF21-539634D068A0:block_01 sourceStart=204799/48000 frameCount=9600 elapsedMs=32.35
[MEM-EVENT] preview.audio.stage8.render.total | range=204799..<214399 segments=2 sources=2 elapsedMs=101.16
[MEM-EVENT] preview.audio.stage8.cache.store | range=204799..<214399 revision=ProjectRevision(raw: 3) epoch=PlaybackEpoch(raw: 3) planIdLen=1038
[MEM-EVENT] preview.audio.canonical.render.end | sources=2
[MEM-EVENT] preview.audio.canonical.preroll.build.end | sourceCount=2 bufferCount=2
[MEM-EVENT] preview.audio.stage8.preroll.end | sinceStartMs=116.67 renderElapsedMs=108.09 sourceCount=2
[MEM-EVENT] preview.audio.stage8.barrier.cross | sinceStartMs=116.70
[MEM-EVENT] preview.audio.canonical.graph.schedule.begin | sources=2
[MEM-EVENT] preview.audio.canonical.graph.schedule.end | scheduled=1
[MEM-EVENT] preview.audio.stage8.graph.schedule.end | sinceStartMs=156.73 scheduleMs=40.03
[MEM-EVENT] preview.audio.canonical.engine.start.begin
[MEM-EVENT] preview.audio.canonical.player.play.begin
[MEM-EVENT] preview.audio.canonical.player.play.end
[MEM-EVENT] preview.audio.canonical.engine.start.end
[MEM-EVENT] preview.audio.stage8.player.play.end | sinceStartMs=156.76 playStartMs=0.02
[MEM-EVENT] preview.audio.canonical.scheduled | scheduled=1 sources=2 started=1
[MEM-EVENT] preview.audio.stage8.scheduled.total | sinceStartMs=156.77 totalStartToScheduledMs=156.77
[MEM-EVENT] preview.audio.canonical.nextChunk.requested | range=214399..<262399 gen=14 inFlight=1
[MEM-EVENT] preview.audio.canonical.nextChunk.render.begin | range=214399..<262399 gen=14
[MEM-EVENT] preview.audio.canonical.render.begin | segments=2 range=214399..<262399
[MEM-EVENT] preview.audio.stage8.cache.miss | range=214399..<262399 revision=ProjectRevision(raw: 3) epoch=PlaybackEpoch(raw: 3) planIdLen=1038
[MEM-EVENT] preview.audio.stage8.render.decode | source=app.audio.source.imported:08678F16-E95C-4F6F-8572-FFD14FF4BF5F sourceStart=214399/48000 frameCount=48000 elapsedMs=30.12
[MEM-EVENT] preview.audio.stage8.render.decode | source=app.audio.source.videoLayer:scene-0-65DB95F7-92B7-4A83-BF21-539634D068A0:block_01 sourceStart=214399/48000 frameCount=48000 elapsedMs=24.27
[MEM-EVENT] preview.audio.stage8.render.total | range=214399..<262399 segments=2 sources=2 elapsedMs=68.50
[MEM-EVENT] preview.audio.stage8.cache.store | range=214399..<262399 revision=ProjectRevision(raw: 3) epoch=PlaybackEpoch(raw: 3) planIdLen=1038
[MEM-EVENT] preview.audio.canonical.render.end | sources=2
[MEM-EVENT] preview.audio.canonical.nextChunk.render.end | range=214399..<262399 sourceCount=2
[MEM-EVENT] preview.audio.canonical.nextChunk.schedule.begin | range=214399..<262399 sources=2
[MEM-EVENT] preview.audio.canonical.nextChunk.schedule.end | range=214399..<262399 scheduled=1
[MEM-EVENT] preview.audio.canonical.nextChunk.requested | range=262399..<310399 gen=14 inFlight=1
[MEM-EVENT] preview.audio.canonical.nextChunk.render.begin | range=262399..<310399 gen=14
[MEM-EVENT] preview.audio.canonical.render.begin | segments=2 range=262399..<310399
[MEM-EVENT] preview.audio.stage8.cache.miss | range=262399..<310399 revision=ProjectRevision(raw: 3) epoch=PlaybackEpoch(raw: 3) planIdLen=1038
[MEM-EVENT] preview.audio.stage8.render.decode | source=app.audio.source.imported:08678F16-E95C-4F6F-8572-FFD14FF4BF5F sourceStart=262399/48000 frameCount=48000 elapsedMs=31.09
[MEM-EVENT] preview.audio.stage8.render.decode | source=app.audio.source.videoLayer:scene-0-65DB95F7-92B7-4A83-BF21-539634D068A0:block_01 sourceStart=262399/48000 frameCount=48000 elapsedMs=25.94
[MEM-EVENT] preview.audio.stage8.render.total | range=262399..<310399 segments=2 sources=2 elapsedMs=71.38
[MEM-EVENT] preview.audio.stage8.cache.store | range=262399..<310399 revision=ProjectRevision(raw: 3) epoch=PlaybackEpoch(raw: 3) planIdLen=1038
[MEM-EVENT] preview.audio.canonical.render.end | sources=2
[MEM-EVENT] preview.audio.canonical.nextChunk.render.end | range=262399..<310399 sourceCount=2
[MEM-EVENT] preview.audio.canonical.nextChunk.schedule.begin | range=262399..<310399 sources=2
[MEM-EVENT] preview.audio.canonical.nextChunk.schedule.end | range=262399..<310399 scheduled=1
[MEM-EVENT] preview.audio.canonical.nextChunk.requested | range=310399..<358399 gen=14 inFlight=1
[MEM-EVENT] preview.audio.canonical.nextChunk.render.begin | range=310399..<358399 gen=14
[MEM-EVENT] preview.audio.canonical.render.begin | segments=2 range=310399..<358399
[MEM-EVENT] preview.audio.stage8.cache.miss | range=310399..<358399 revision=ProjectRevision(raw: 3) epoch=PlaybackEpoch(raw: 3) planIdLen=1038
[MEM-EVENT] preview.audio.stage8.render.decode | source=app.audio.source.imported:08678F16-E95C-4F6F-8572-FFD14FF4BF5F sourceStart=310399/48000 frameCount=48000 elapsedMs=30.95
[MEM-EVENT] preview.audio.stage8.render.decode | source=app.audio.source.videoLayer:scene-0-65DB95F7-92B7-4A83-BF21-539634D068A0:block_01 sourceStart=310399/48000 frameCount=48000 elapsedMs=25.41
[MEM-EVENT] preview.audio.stage8.render.total | range=310399..<358399 segments=2 sources=2 elapsedMs=70.31
[MEM-EVENT] preview.audio.stage8.cache.store | range=310399..<358399 revision=ProjectRevision(raw: 3) epoch=PlaybackEpoch(raw: 3) planIdLen=1038
[MEM-EVENT] preview.audio.canonical.render.end | sources=2
[MEM-EVENT] preview.audio.canonical.nextChunk.render.end | range=310399..<358399 sourceCount=2
[MEM-EVENT] preview.audio.canonical.nextChunk.schedule.begin | range=310399..<358399 sources=2
[MEM-EVENT] preview.audio.canonical.nextChunk.schedule.end | range=310399..<358399 scheduled=1
[MEM-EVENT] preview.audio.canonical.nextChunk.requested | range=358399..<406399 gen=14 inFlight=1
[MEM-EVENT] preview.audio.canonical.nextChunk.render.begin | range=358399..<406399 gen=14
[MEM-EVENT] preview.audio.canonical.render.begin | segments=2 range=358399..<406399
[MEM-EVENT] preview.audio.stage8.cache.miss | range=358399..<406399 revision=ProjectRevision(raw: 3) epoch=PlaybackEpoch(raw: 3) planIdLen=1038
[MEM-EVENT] playback.audio.stop.begin
[MEM-EVENT] displayLink.invalidate | obj=6565876523157726968
[MEM-EVENT] VideoFrameProvider.stopPlayback | obj=-1519639419666613669 flush=false hasPlaybackTex=true hasStillTex=true hasInteractiveTex=false hasHoldTex=false
[MEM-EVENT] playback.idleReclaim.skip | reason=scrubActive
[MEM-EVENT] preview.audio.stage8.render.decode | source=app.audio.source.imported:08678F16-E95C-4F6F-8572-FFD14FF4BF5F sourceStart=358399/48000 frameCount=48000 elapsedMs=79.37
[MEM-EVENT] preview.audio.stage8.render.decode | source=app.audio.source.videoLayer:scene-0-65DB95F7-92B7-4A83-BF21-539634D068A0:block_01 sourceStart=358399/48000 frameCount=48000 elapsedMs=30.43
[MEM-EVENT] preview.audio.stage8.render.total | range=358399..<406399 segments=2 sources=2 elapsedMs=124.14
[MEM-EVENT] preview.audio.stage8.cache.store | range=358399..<406399 revision=ProjectRevision(raw: 3) epoch=PlaybackEpoch(raw: 3) planIdLen=1038
[MEM-EVENT] preview.audio.canonical.render.end | sources=2
[MEM-EVENT] preview.audio.canonical.nextChunk.dropped | gen=14 current=16 reason=staleOrStopped
[SCRUB-DIAG] FINAL - scroll: 0.0/s | scrubChanged: 0.0/s | playhead: 0.0/s (elapsed: 86.70s)
[SCRUB-DIAG] FINAL - scroll: 0.0/s | scrubChanged: 0.0/s | playhead: 0.0/s (elapsed: 0.30s)
[MEM-EVENT] audio.session.activate.begin
[MEM-EVENT] audio.session.activate.end | ok=1
[MEM-EVENT] playback.audio.start.begin | compressedFrame=278 projectTimeUs=9266666 state=timelinePreview isPlayingBefore=0
[MEM-EVENT] displayLink.create | obj=6565876523157726968
[MEM-DIAG] playback.start | footprint: 192MB | resident: 133MB | available: 2879MB | metal: 150MB | SceneInstanceRuntime: 1 | UserMediaService: 2 | VideoFrameProvider: 2
[MEM-EVENT] playback.audio.previewStart.call | projectTimeUs=9266666 hostTime=193996.8564359167
[MEM-EVENT] preview.audio.select | toggle=ON controller=Canonical
[MEM-EVENT] preview.audio.start | dirty=0 hasPipeline=1 readiness=primed
[MEM-EVENT] preview.audio.canonical.legacyGateBypassed | seconds=9.266666 hostTime=193996.8564359167
[MEM-EVENT] preview.audio.canonical.startPlayback.call | seconds=9.266666
[MEM-EVENT] preview.audio.stage8.startPlayback.call | sinceStartMs=0.01 fromSeconds=9.266666
[MEM-EVENT] preview.audio.stage8.plan.eval | sinceStartMs=4.53 elapsedMs=4.39 segments=2
[MEM-EVENT] preview.audio.canonical.plan | segments=2 fromSeconds=9.266666
[MEM-EVENT] preview.audio.stage8.setup.end | sinceStartMs=8.68 graph+session+output+anchor done
[MEM-EVENT] preview.audio.canonical.preroll.build.begin | planSegments=2 range=444799..<454399 gen=13
[MEM-EVENT] preview.audio.stage8.preroll.begin | sinceStartMs=8.79 range=444799..<454399 sampleCount=9600 initialPrerollSamples=9600 maxChunkSamples=48000
[MEM-EVENT] preview.audio.canonical.render.begin | segments=2 range=444799..<454399
[MEM-EVENT] preview.audio.stage8.cache.miss | range=444799..<454399 revision=ProjectRevision(raw: 4) epoch=PlaybackEpoch(raw: 4) planIdLen=1038
[VideoFrameProvider] playback: 30 OK, 0 nil (0.0%) | itemTime=4.715s | lastExtracted=4.715s | active=true
[MEM-EVENT] preview.audio.canonical.firstFrameSignal | delivered=1
[MEM-EVENT] preview.audio.stage8.firstFrameSignal | sinceStartMs=14.10 barrierReason=firstFrameArrivedPrerollNotReady
[MEM-EVENT] preview.audio.stage8.render.decode | source=app.audio.source.imported:08678F16-E95C-4F6F-8572-FFD14FF4BF5F sourceStart=444799/48000 frameCount=9600 elapsedMs=63.30
[MEM-EVENT] preview.audio.stage8.render.decode | source=app.audio.source.videoLayer:scene-0-65DB95F7-92B7-4A83-BF21-539634D068A0:block_01 sourceStart=444799/48000 frameCount=9600 elapsedMs=34.09
[MEM-EVENT] preview.audio.stage8.render.total | range=444799..<454399 segments=2 sources=2 elapsedMs=102.33
[MEM-EVENT] preview.audio.stage8.cache.store | range=444799..<454399 revision=ProjectRevision(raw: 4) epoch=PlaybackEpoch(raw: 4) planIdLen=1038
[MEM-EVENT] preview.audio.canonical.render.end | sources=2
[MEM-EVENT] preview.audio.canonical.preroll.build.end | sourceCount=2 bufferCount=2
[MEM-EVENT] preview.audio.stage8.preroll.end | sinceStartMs=112.62 renderElapsedMs=103.84 sourceCount=2
[MEM-EVENT] preview.audio.stage8.barrier.cross | sinceStartMs=112.63
[MEM-EVENT] preview.audio.canonical.graph.schedule.begin | sources=2
[MEM-EVENT] preview.audio.canonical.graph.schedule.end | scheduled=1
[MEM-EVENT] preview.audio.stage8.graph.schedule.end | sinceStartMs=156.29 scheduleMs=43.64
[MEM-EVENT] preview.audio.canonical.engine.start.begin
[MEM-EVENT] preview.audio.canonical.player.play.begin
[MEM-EVENT] preview.audio.canonical.player.play.end
[MEM-EVENT] preview.audio.canonical.engine.start.end
[MEM-EVENT] preview.audio.stage8.player.play.end | sinceStartMs=156.31 playStartMs=0.02
[MEM-EVENT] preview.audio.canonical.scheduled | scheduled=1 sources=2 started=1
[MEM-EVENT] preview.audio.stage8.scheduled.total | sinceStartMs=156.32 totalStartToScheduledMs=156.32
[MEM-EVENT] preview.audio.canonical.nextChunk.requested | range=454399..<502399 gen=18 inFlight=1
[MEM-EVENT] preview.audio.canonical.nextChunk.render.begin | range=454399..<502399 gen=18
[MEM-EVENT] preview.audio.canonical.render.begin | segments=2 range=454399..<502399
[MEM-EVENT] preview.audio.stage8.cache.miss | range=454399..<502399 revision=ProjectRevision(raw: 4) epoch=PlaybackEpoch(raw: 4) planIdLen=1038
[MEM-EVENT] preview.audio.stage8.render.decode | source=app.audio.source.imported:08678F16-E95C-4F6F-8572-FFD14FF4BF5F sourceStart=454399/48000 frameCount=48000 elapsedMs=30.79
[MEM-EVENT] preview.audio.stage8.render.decode | source=app.audio.source.videoLayer:scene-0-65DB95F7-92B7-4A83-BF21-539634D068A0:block_01 sourceStart=454399/48000 frameCount=48000 elapsedMs=24.43
[MEM-EVENT] preview.audio.stage8.render.total | range=454399..<502399 segments=2 sources=2 elapsedMs=69.04
[MEM-EVENT] preview.audio.stage8.cache.store | range=454399..<502399 revision=ProjectRevision(raw: 4) epoch=PlaybackEpoch(raw: 4) planIdLen=1038
[MEM-EVENT] preview.audio.canonical.render.end | sources=2
[MEM-EVENT] preview.audio.canonical.nextChunk.render.end | range=454399..<502399 sourceCount=2
[MEM-EVENT] preview.audio.canonical.nextChunk.schedule.begin | range=454399..<502399 sources=2
[MEM-EVENT] preview.audio.canonical.nextChunk.schedule.end | range=454399..<502399 scheduled=1
[MEM-EVENT] preview.audio.canonical.nextChunk.requested | range=502399..<550399 gen=18 inFlight=1
[MEM-EVENT] preview.audio.canonical.nextChunk.render.begin | range=502399..<550399 gen=18
[MEM-EVENT] preview.audio.canonical.render.begin | segments=2 range=502399..<550399
[MEM-EVENT] preview.audio.stage8.cache.miss | range=502399..<550399 revision=ProjectRevision(raw: 4) epoch=PlaybackEpoch(raw: 4) planIdLen=1038
[MEM-EVENT] preview.audio.stage8.render.decode | source=app.audio.source.imported:08678F16-E95C-4F6F-8572-FFD14FF4BF5F sourceStart=502399/48000 frameCount=48000 elapsedMs=30.28
[MEM-EVENT] preview.audio.stage8.render.decode | source=app.audio.source.videoLayer:scene-0-65DB95F7-92B7-4A83-BF21-539634D068A0:block_01 sourceStart=502399/48000 frameCount=48000 elapsedMs=24.67
[MEM-EVENT] preview.audio.stage8.render.total | range=502399..<550399 segments=2 sources=2 elapsedMs=69.38
[MEM-EVENT] preview.audio.stage8.cache.store | range=502399..<550399 revision=ProjectRevision(raw: 4) epoch=PlaybackEpoch(raw: 4) planIdLen=1038
[MEM-EVENT] preview.audio.canonical.render.end | sources=2
[MEM-EVENT] preview.audio.canonical.nextChunk.render.end | range=502399..<550399 sourceCount=2
[MEM-EVENT] preview.audio.canonical.nextChunk.schedule.begin | range=502399..<550399 sources=2
[MEM-EVENT] preview.audio.canonical.nextChunk.schedule.end | range=502399..<550399 scheduled=1
[MEM-EVENT] preview.audio.canonical.nextChunk.requested | range=550399..<598399 gen=18 inFlight=1
[MEM-EVENT] preview.audio.canonical.nextChunk.render.begin | range=550399..<598399 gen=18
[MEM-EVENT] preview.audio.canonical.render.begin | segments=2 range=550399..<598399
[MEM-EVENT] preview.audio.stage8.cache.miss | range=550399..<598399 revision=ProjectRevision(raw: 4) epoch=PlaybackEpoch(raw: 4) planIdLen=1038
[MEM-EVENT] preview.audio.stage8.render.decode | source=app.audio.source.imported:08678F16-E95C-4F6F-8572-FFD14FF4BF5F sourceStart=550399/48000 frameCount=48000 elapsedMs=29.94
[MEM-EVENT] preview.audio.stage8.render.decode | source=app.audio.source.videoLayer:scene-0-65DB95F7-92B7-4A83-BF21-539634D068A0:block_01 sourceStart=550399/48000 frameCount=48000 elapsedMs=25.87
[PERF] FPS: 23.0 | CPU: 32.2% (1core), 5.4% (all) | MEM: 133MB res, 189MB foot | GPU: n/a | DRAW: avg 0.00ms, p95 0.00ms, max 0.00ms
[MEM-EVENT] preview.audio.stage8.render.total | range=550399..<598399 segments=2 sources=2 elapsedMs=70.00
[MEM-EVENT] preview.audio.stage8.cache.store | range=550399..<598399 revision=ProjectRevision(raw: 4) epoch=PlaybackEpoch(raw: 4) planIdLen=1038
[MEM-EVENT] preview.audio.canonical.render.end | sources=2
[MEM-EVENT] preview.audio.canonical.nextChunk.render.end | range=550399..<598399 sourceCount=2
[MEM-EVENT] preview.audio.canonical.nextChunk.schedule.begin | range=550399..<598399 sources=2
[MEM-EVENT] preview.audio.canonical.nextChunk.schedule.end | range=550399..<598399 scheduled=1
[MEM-EVENT] preview.audio.canonical.nextChunk.requested | range=598399..<646399 gen=18 inFlight=1
[MEM-EVENT] preview.audio.canonical.nextChunk.render.begin | range=598399..<646399 gen=18
[MEM-EVENT] preview.audio.canonical.render.begin | segments=2 range=598399..<646399
[MEM-EVENT] preview.audio.stage8.cache.miss | range=598399..<646399 revision=ProjectRevision(raw: 4) epoch=PlaybackEpoch(raw: 4) planIdLen=1038
[MEM-EVENT] preview.audio.stage8.render.decode | source=app.audio.source.imported:08678F16-E95C-4F6F-8572-FFD14FF4BF5F sourceStart=598399/48000 frameCount=48000 elapsedMs=28.51
[MEM-EVENT] preview.audio.stage8.render.decode | source=app.audio.source.videoLayer:scene-0-65DB95F7-92B7-4A83-BF21-539634D068A0:block_01 sourceStart=598399/48000 frameCount=48000 elapsedMs=24.35
[MEM-EVENT] preview.audio.stage8.render.total | range=598399..<646399 segments=2 sources=2 elapsedMs=66.45
[MEM-EVENT] preview.audio.stage8.cache.store | range=598399..<646399 revision=ProjectRevision(raw: 4) epoch=PlaybackEpoch(raw: 4) planIdLen=1038
[MEM-EVENT] preview.audio.canonical.render.end | sources=2
[MEM-EVENT] preview.audio.canonical.nextChunk.render.end | range=598399..<646399 sourceCount=2
[MEM-EVENT] preview.audio.canonical.nextChunk.schedule.begin | range=598399..<646399 sources=2
[MEM-EVENT] preview.audio.canonical.nextChunk.schedule.end | range=598399..<646399 scheduled=1
[MEM-EVENT] preview.audio.canonical.nextChunk.requested | range=646399..<664800 gen=18 inFlight=1
[MEM-EVENT] preview.audio.canonical.nextChunk.render.begin | range=646399..<664800 gen=18
[MEM-EVENT] preview.audio.canonical.render.begin | segments=2 range=646399..<664800
[MEM-EVENT] preview.audio.stage8.cache.miss | range=646399..<664800 revision=ProjectRevision(raw: 4) epoch=PlaybackEpoch(raw: 4) planIdLen=1038
[MEM-EVENT] preview.audio.stage8.render.decode | source=app.audio.source.imported:08678F16-E95C-4F6F-8572-FFD14FF4BF5F sourceStart=646399/48000 frameCount=18401 elapsedMs=24.90
[MEM-EVENT] preview.audio.stage8.render.decode | source=app.audio.source.videoLayer:scene-0-65DB95F7-92B7-4A83-BF21-539634D068A0:block_01 sourceStart=646399/48000 frameCount=18401 elapsedMs=25.01
[MEM-EVENT] preview.audio.stage8.render.total | range=646399..<664800 segments=2 sources=2 elapsedMs=55.98
[MEM-EVENT] preview.audio.stage8.cache.store | range=646399..<664800 revision=ProjectRevision(raw: 4) epoch=PlaybackEpoch(raw: 4) planIdLen=1038
[MEM-EVENT] preview.audio.canonical.render.end | sources=2
[MEM-EVENT] preview.audio.canonical.nextChunk.render.end | range=646399..<664800 sourceCount=2
[MEM-EVENT] preview.audio.canonical.nextChunk.schedule.begin | range=646399..<664800 sources=2
[MEM-EVENT] preview.audio.canonical.nextChunk.schedule.end | range=646399..<664800 scheduled=1
[MEM-EVENT] preview.audio.canonical.nextChunk.endOfPlan | planEnd=664800
[VideoFrameProvider] playback: 60 OK, 0 nil (0.0%) | itemTime=11.273s | lastExtracted=11.303s | active=true
[PERF] FPS: 30.0 | CPU: 26.6% (1core), 4.4% (all) | MEM: 133MB res, 204MB foot | GPU: n/a | DRAW: avg 0.00ms, p95 0.00ms, max 0.00ms
[VideoFrameProvider] playback: 60 OK, 0 nil (0.0%) | itemTime=13.273s | lastExtracted=13.303s | active=true
[PERF] FPS: 30.0 | CPU: 27.3% (1core), 4.5% (all) | MEM: 133MB res, 204MB foot | GPU: n/a | DRAW: avg 0.00ms, p95 0.00ms, max 0.00ms
[MEM-EVENT] playback.audio.stop.begin
[MEM-EVENT] displayLink.invalidate | obj=6565876523157726968
[MEM-EVENT] VideoFrameProvider.stopPlayback | obj=-1519639419666613669 flush=false hasPlaybackTex=true hasStillTex=true hasInteractiveTex=true hasHoldTex=false
[PERF] FPS: 2.5 | CPU: 0.0% (1core), 0.0% (all) | MEM: 133MB res, 198MB foot | GPU: n/a | DRAW: avg 0.00ms, p95 0.00ms, max 0.00ms
[PERF] FPS: 0.0 | CPU: 1.8% (1core), 0.3% (all) | MEM: 133MB res, 198MB foot | GPU: n/a | DRAW: avg 0.00ms, p95 0.00ms, max 0.00ms
[MEM-DIAG] playback.stop.cleanup | footprint: 198MB | resident: 132MB | available: 2874MB | metal: 166MB | SceneInstanceRuntime: 1 | UserMediaService: 2 | VideoFrameProvider: 2
[MEM-DIAG]   pool | avail: 4 (3.9MB) | inUse: 0 (~0.0MB) | total: ~3.9MB
[MEM-DIAG]   pool.owner | owner=mask.boolean.bbox created=8 MB=17.4
[MEM-DIAG]   sceneTypeCache | cached: 1 [full_image] loading: 0 | textures: 2 ~9.7MB
[MEM-DIAG]   overlayCache | entries: 0 MB: 0.0
[MEM-DIAG]   runtimes: 1
[MEM-DIAG]   videoProviders: 2
[MEM-EVENT] VideoFrameProvider.stopPlayback | obj=-1519639419666613669 flush=true hasPlaybackTex=true hasStillTex=true hasInteractiveTex=true hasHoldTex=false
[MEM-EVENT] CVTextureCache.flush | owner=UserMediaTextureFactory
[MEM-EVENT] playback.audio.sessionDeactivate.call
[MEM-EVENT] audio.session.deactivate.begin
[MEM-EVENT] audio.session.deactivate.end | ok=1
[MEM-DIAG] playback.stop.after | footprint: 111MB | resident: 132MB | available: 2961MB | metal: 79MB | SceneInstanceRuntime: 1 | UserMediaService: 2 | VideoFrameProvider: 2
[MEM-DIAG]   pool | avail: 4 (3.9MB) | inUse: 0 (~0.0MB) | total: ~3.9MB
[MEM-DIAG]   pool.owner | owner=mask.boolean.bbox created=8 MB=17.4
[MEM-DIAG]   sceneTypeCache | cached: 1 [full_image] loading: 0 | textures: 2 ~9.7MB
[MEM-DIAG]   overlayCache | entries: 0 MB: 0.0
[MEM-DIAG]   runtimes: 1
[MEM-DIAG]   videoProviders: 2
[PERF] FPS: 0.0 | CPU: 0.1% (1core), 0.0% (all) | MEM: 132MB res, 111MB foot | GPU: n/a | DRAW: avg 0.00ms, p95 0.00ms, max 0.00ms
[MEM-DIAG] playback.stop.after.2s | footprint: 111MB | resident: 132MB | available: 2961MB | metal: 79MB | SceneInstanceRuntime: 1 | UserMediaService: 2 | VideoFrameProvider: 2
[MEM-DIAG]   pool | avail: 4 (3.9MB) | inUse: 0 (~0.0MB) | total: ~3.9MB
[MEM-DIAG]   pool.owner | owner=mask.boolean.bbox created=8 MB=17.4
[MEM-DIAG]   sceneTypeCache | cached: 1 [full_image] loading: 0 | textures: 2 ~9.7MB
[MEM-DIAG]   overlayCache | entries: 0 MB: 0.0
[MEM-DIAG]   runtimes: 1
[MEM-DIAG]   videoProviders: 2
[PERF] FPS: 0.0 | CPU: 0.0% (1core), 0.0% (all) | MEM: 132MB res, 111MB foot | GPU: n/a | DRAW: avg 0.00ms, p95 0.00ms, max 0.00ms
[PERF] FPS: 0.0 | CPU: 0.0% (1core), 0.0% (all) | MEM: 132MB res, 111MB foot | GPU: n/a | DRAW: avg 0.00ms, p95 0.00ms, max 0.00ms
[PERF] FPS: 0.0 | CPU: 0.0% (1core), 0.0% (all) | MEM: 132MB res, 111MB foot | GPU: n/a | DRAW: avg 0.00ms, p95 0.00ms, max 0.00ms
[PERF] FPS: 0.0 | CPU: 0.0% (1core), 0.0% (all) | MEM: 132MB res, 111MB foot | GPU: n/a | DRAW: avg 0.00ms, p95 0.00ms, max 0.00ms
[PERF] FPS: 0.0 | CPU: 0.0% (1core), 0.0% (all) | MEM: 132MB res, 111MB foot | GPU: n/a | DRAW: avg 0.00ms, p95 0.00ms, max 0.00ms
[PERF] FPS: 0.0 | CPU: 0.0% (1core), 0.0% (all) | MEM: 132MB res, 111MB foot | GPU: n/a | DRAW: avg 0.00ms, p95 0.00ms, max 0.00ms
[PERF] FPS: 0.0 | CPU: 0.0% (1core), 0.0% (all) | MEM: 132MB res, 111MB foot | GPU: n/a | DRAW: avg 0.00ms, p95 0.00ms, max 0.00ms
[PERF] FPS: 0.0 | CPU: 0.0% (1core), 0.0% (all) | MEM: 132MB res, 111MB foot | GPU: n/a | DRAW: avg 0.00ms, p95 0.00ms, max 0.00ms
[PERF] FPS: 0.0 | CPU: 0.0% (1core), 0.0% (all) | MEM: 132MB res, 111MB foot | GPU: n/a | DRAW: avg 0.00ms, p95 0.00ms, max 0.00ms
[MEM-EVENT] playback.audio.stop.begin
[FileProjectMediaStore] GC deleted 2 orphan file(s) from Media/UserMedia
[PERF] FPS: 0.0 | CPU: 18.4% (1core), 3.1% (all) | MEM: 132MB res, 111MB foot | GPU: n/a | DRAW: avg 0.00ms, p95 0.00ms, max 0.00ms
[MEM-DIAG] editor.close.before | footprint: 111MB | resident: 132MB | available: 2961MB | metal: n/aMB | SceneInstanceRuntime: 1 | UserMediaService: 2 | VideoFrameProvider: 2
[MEM-EVENT] playback.audio.stop.begin
[MEM-EVENT] EditorViewController.deinit | obj=279604350684345176
[MEM-DIAG] editor.close.after | footprint: 107MB | resident: 132MB | available: 2965MB | metal: n/aMB | SceneInstanceRuntime: 1 | UserMediaService: 2 | VideoFrameProvider: 2
[MEM-EVENT] UMS.releasePreview | obj=-4974503168850478982 videoProviders=1 setupTasks=0 stillTasks=0 trimTasks=0 activeVideo=0
[MEM-EVENT] VideoFrameProvider.release | obj=3803819361901356864 hasPlaybackTex=false hasStillTex=true hasInteractiveTex=false
[MEM-EVENT] VideoFrameProvider.stopPlayback | obj=3803819361901356864 flush=true hasPlaybackTex=false hasStillTex=true hasInteractiveTex=false hasHoldTex=false
[MEM-EVENT] CVTextureCache.flush | owner=UserMediaTextureFactory
[MEM-EVENT] CVTextureCache.flush | owner=UserMediaTextureFactory
[MEM-EVENT] VideoFrameProvider.release | obj=3803819361901356864 hasPlaybackTex=false hasStillTex=false hasInteractiveTex=false
[MEM-EVENT] VideoFrameProvider.stopPlayback | obj=3803819361901356864 flush=true hasPlaybackTex=false hasStillTex=false hasInteractiveTex=false hasHoldTex=false
[MEM-EVENT] CVTextureCache.flush | owner=UserMediaTextureFactory
[MEM-EVENT] CVTextureCache.flush | owner=UserMediaTextureFactory
[MEM-EVENT] VideoFrameProvider.deinit | obj=3803819361901356864
[MEM-EVENT] TCEngine.releasePreview | runtimes=1 evictCache=true
[MEM-EVENT] VideoFrameProvider.stopPlayback | obj=-1519639419666613669 flush=true hasPlaybackTex=false hasStillTex=true hasInteractiveTex=true hasHoldTex=false
[MEM-EVENT] CVTextureCache.flush | owner=UserMediaTextureFactory
[MEM-EVENT] UMS.releasePreview | obj=-1219678615413004701 videoProviders=1 setupTasks=0 stillTasks=0 trimTasks=0 activeVideo=0
[MEM-EVENT] VideoFrameProvider.release | obj=-1519639419666613669 hasPlaybackTex=false hasStillTex=true hasInteractiveTex=false
[MEM-EVENT] VideoFrameProvider.stopPlayback | obj=-1519639419666613669 flush=true hasPlaybackTex=false hasStillTex=true hasInteractiveTex=false hasHoldTex=false
[MEM-EVENT] CVTextureCache.flush | owner=UserMediaTextureFactory
[MEM-EVENT] CVTextureCache.flush | owner=UserMediaTextureFactory
[MEM-EVENT] VideoFrameProvider.release | obj=-1519639419666613669 hasPlaybackTex=false hasStillTex=false hasInteractiveTex=false
[MEM-EVENT] VideoFrameProvider.stopPlayback | obj=-1519639419666613669 flush=true hasPlaybackTex=false hasStillTex=false hasInteractiveTex=false hasHoldTex=false
[MEM-EVENT] CVTextureCache.flush | owner=UserMediaTextureFactory
[MEM-EVENT] CVTextureCache.flush | owner=UserMediaTextureFactory
[MEM-EVENT] VideoFrameProvider.deinit | obj=-1519639419666613669
[MEM-EVENT] SceneTypeCache.evictAll | count=1
[MEM-EVENT] SceneInstanceRuntime.deinit | obj=4685859411654003291 id=65DB95F7-92B7-4A83-BF21-539634D068A0
[MEM-EVENT] UserMediaService.deinit | obj=-1219678615413004701 videoProviders=0
[MEM-EVENT] Background.clearAll | keys=0
[BackgroundTextureService] Cleared all background textures
[MEM-DIAG] editor.close.afterTeardown | footprint: 84MB | resident: 117MB | available: 2988MB | metal: 37MB | SceneInstanceRuntime: 0 | UserMediaService: 1 | VideoFrameProvider: 0
[MEM-EVENT] EditorRuntime.deinit | obj=6565876523157726968
[MEM-EVENT] UserMediaService.deinit | obj=-4974503168850478982 videoProviders=0
[MEM-DIAG] editor.boot.before | footprint: 35MB | resident: 116MB | available: 3036MB | metal: n/aMB | SceneInstanceRuntime: 0 | UserMediaService: 0 | VideoFrameProvider: 0
[PerfCounter] layout(scene): 90
[EditorReducer] Populated timeline from template defaults: 1 scenes
[MEM-EVENT] bootstrap.prepare.start | requestId=110AED7B-AF03-49FB-BB3A-D49E9E92E3B3 sceneTypeId=full_image obj=279604350684345176
[MEM-EVENT] compiledPackage.load.summary | file=compiled.tve bytes=10044 read=0.000s validate=0.000s decode=0.001s total=0.001s assets=4
[MEM-EVENT] sceneTypeLoad.summary | id=full_image package=0.001s localIndex=0.000s sharedIndex=0.000s resolver=0.000s total=0.001s
[MEM-EVENT] initialScene.load.summary | id=full_image pipeline=0.002s player=0.000s provider=0.000s preload=0.039s total=0.041s
[MEM-EVENT] bootstrap.load.summary | sceneTypeId=full_image duration=0.04s
[MEM-EVENT] bootstrap.prepare.loaded | requestId=110AED7B-AF03-49FB-BB3A-D49E9E92E3B3
[MEM-EVENT] bootstrap.prepare.apply | requestId=110AED7B-AF03-49FB-BB3A-D49E9E92E3B3 obj=279604350684345176
[PerfCounter] applySnapshot(scene): 151
[PerfCounter] applySnapshot(scene): 152
[MEM-EVENT] UserMediaService.init | obj=-7167105522691929699
[MEM-EVENT] preview.audio.select | toggle=ON controller=Legacy
[MEM-EVENT] preview.audio.engine.teardown
[MEM-EVENT] preview.audio.canonical.selected | toggle=ON controller=CanonicalPreviewAudioController
[MEM-EVENT] preview.audio.prepare | canonicalIdlePrepareSkipped=1
[MEM-EVENT] bootstrap.boot.summary | duration=0.00s
[MEM-DIAG] editor.boot.after | footprint: 62MB | resident: 131MB | available: 3010MB | metal: 11MB | SceneInstanceRuntime: 0 | UserMediaService: 1 | VideoFrameProvider: 0
[MEM-EVENT] bootstrap.apply.summary | duration=0.00s
[MEM-EVENT] bootstrap.prepare.summary | sceneTypeId=full_image duration=0.04s outcome=success
[MEM-EVENT] Runtime.create.start | id=BBB22040-71D4-4001-8BBD-73623FEC4324 sceneType=full_image
[MEM-EVENT] SceneTypeCache.preload.start | id=full_image cached=0
[MEM-EVENT] compiledPackage.load.summary | file=compiled.tve bytes=10044 read=0.000s validate=0.000s decode=0.001s total=0.001s assets=4
[MEM-EVENT] sceneTypeLoad.summary | id=full_image package=0.001s localIndex=0.000s sharedIndex=0.000s resolver=0.000s total=0.001s
[MEM-EVENT] SceneTypeCache.preload.summary | id=full_image source=cold io=0.00s provider=0.00s textures=0.04s total=0.04s
[MEM-EVENT] SceneTypeCache.preload.stored | id=full_image total=1 ids=full_image
[MEM-EVENT] UserMediaService.init | obj=7623755430673507791
[MEM-EVENT] SceneInstanceRuntime.init | obj=6165002670674583683 id=BBB22040-71D4-4001-8BBD-73623FEC4324 type=full_image
[MEM-EVENT] Runtime.create.complete | id=BBB22040-71D4-4001-8BBD-73623FEC4324 outcome=success total=1
[MEM-EVENT] SceneInstanceRuntime.prepare | obj=6165002670674583683 id=BBB22040-71D4-4001-8BBD-73623FEC4324 frame=0
[SceneInstanceRuntime] Ready for presentation at frame 0: BBB22040-71D4-4001-8BBD-73623FEC4324
[MEM-DIAG] editor.close.after.2s | footprint: 79MB | resident: 132MB | available: 2992MB | metal: 31MB | SceneInstanceRuntime: 1 | UserMediaService: 2 | VideoFrameProvider: 0
[PERF] FPS: 0.5 | CPU: 0.0% (1core), 0.0% (all) | MEM: 132MB res, 72MB foot | GPU: n/a | DRAW: avg 0.00ms, p95 0.00ms, max 0.00ms
[MEM-EVENT] playback.audio.stop.begin
[PERF] FPS: 1.0 | CPU: 58.0% (1core), 9.7% (all) | MEM: 151MB res, 115MB foot | GPU: avg 0.98ms, p95 0.98ms | DRAW: avg 0.08ms, p95 0.08ms, max 0.08ms
[PERF] FPS: 0.0 | CPU: 4.9% (1core), 0.8% (all) | MEM: 141MB res, 99MB foot | GPU: n/a | DRAW: avg 0.00ms, p95 0.00ms, max 0.00ms
[MEM-EVENT] SceneInstanceRuntime.resetState | obj=6165002670674583683 id=BBB22040-71D4-4001-8BBD-73623FEC4324
[MEM-EVENT] SceneInstanceRuntime.resetState | obj=6165002670674583683 id=BBB22040-71D4-4001-8BBD-73623FEC4324
[MEM-EVENT] UMS.cleanupVideo | obj=-7167105522691929699 blockId=block_01
[MEM-EVENT] CVTextureCache.create | owner=UserMediaTextureFactory
[MEM-EVENT] VideoFrameProvider.init | obj=-6789439980003768333
[MediaRestoreCoordinator] Restored video for block_01: presentOnReady=true, success
[MEM-EVENT] UMS.cleanupVideo | obj=7623755430673507791 blockId=block_01
[MEM-EVENT] CVTextureCache.create | owner=UserMediaTextureFactory
[MEM-EVENT] VideoFrameProvider.init | obj=-4373606678782037752
[MediaRestoreCoordinator] Restored video for block_01: presentOnReady=true, success
[MEM-EVENT] SceneInstanceRuntime.applyState | obj=6165002670674583683 id=BBB22040-71D4-4001-8BBD-73623FEC4324 restored=1
[TimelineCompositionEngine] Re-applied state to loaded runtime: BBB22040-71D4-4001-8BBD-73623FEC4324
[MEM-EVENT] preview.audio.markDirty | generation=1 playing=0 state=sceneEdit(instanceId: BBB22040-71D4-4001-8BBD-73623FEC4324)
[MEM-EVENT] UMS.cleanupVideo | obj=7623755430673507791 blockId=block_01
[MEM-EVENT] VideoFrameProvider.release | obj=-4373606678782037752 hasPlaybackTex=false hasStillTex=false hasInteractiveTex=false
[MEM-EVENT] VideoFrameProvider.stopPlayback | obj=-4373606678782037752 flush=true hasPlaybackTex=false hasStillTex=false hasInteractiveTex=false hasHoldTex=false
[MEM-EVENT] CVTextureCache.flush | owner=UserMediaTextureFactory
[MEM-EVENT] CVTextureCache.flush | owner=UserMediaTextureFactory
[MEM-EVENT] CVTextureCache.create | owner=UserMediaTextureFactory
[MEM-EVENT] VideoFrameProvider.init | obj=-1386326855069879555
[MediaRestoreCoordinator] Restored video for block_01: presentOnReady=true, success
[MEM-EVENT] SceneInstanceRuntime.applyState | obj=6165002670674583683 id=BBB22040-71D4-4001-8BBD-73623FEC4324 restored=1
[TimelineCompositionEngine] Re-applied state to loaded runtime: BBB22040-71D4-4001-8BBD-73623FEC4324
[MEM-EVENT] VideoFrameProvider.release | obj=-4373606678782037752 hasPlaybackTex=false hasStillTex=false hasInteractiveTex=false
[MEM-EVENT] VideoFrameProvider.stopPlayback | obj=-4373606678782037752 flush=true hasPlaybackTex=false hasStillTex=false hasInteractiveTex=false hasHoldTex=false
[MEM-EVENT] CVTextureCache.flush | owner=UserMediaTextureFactory
[MEM-EVENT] CVTextureCache.flush | owner=UserMediaTextureFactory
[MEM-EVENT] VideoFrameProvider.deinit | obj=-4373606678782037752
[VideoFrameProvider] READY: BBB22040-71D4-4001-8BBD-73623FEC4324_block_01_61C3432D-B3F5-44B5-8C2C-103EE3850D7D.mov | dur=46.64s | sceneFPS=30.0 | trackFPS=25.00 | size=1920x1080 | transform=[0.0,1.0,-1.0,0.0,1080.0,0.0]
[VideoFrameProvider] READY: BBB22040-71D4-4001-8BBD-73623FEC4324_block_01_61C3432D-B3F5-44B5-8C2C-103EE3850D7D.mov | dur=46.64s | sceneFPS=30.0 | trackFPS=25.00 | size=1920x1080 | transform=[0.0,1.0,-1.0,0.0,1080.0,0.0]
[PERF] FPS: 1.5 | CPU: 4.6% (1core), 0.8% (all) | MEM: 132MB res, 131MB foot | GPU: avg 3.02ms, p95 3.81ms | DRAW: avg 0.31ms, p95 0.30ms, max 0.45ms
[MEM-EVENT] SceneInstanceRuntime.prepare | obj=6165002670674583683 id=BBB22040-71D4-4001-8BBD-73623FEC4324 frame=0
[SceneInstanceRuntime] Ready for presentation at frame 0: BBB22040-71D4-4001-8BBD-73623FEC4324
[MEM-DIAG] playback.stop.cleanup | footprint: 145MB | resident: 132MB | available: 2926MB | metal: 89MB | SceneInstanceRuntime: 1 | UserMediaService: 2 | VideoFrameProvider: 2
[MEM-DIAG]   pool | avail: 8 (17.4MB) | inUse: 0 (~0.0MB) | total: ~17.4MB
[MEM-DIAG]   pool.owner | owner=mask.boolean.bbox created=8 MB=17.4
[MEM-DIAG]   sceneTypeCache | cached: 1 [full_image] loading: 0 | textures: 2 ~9.7MB
[MEM-DIAG]   overlayCache | entries: 0 MB: 0.0
[MEM-DIAG]   runtimes: 1
[MEM-DIAG]   videoProviders: 2
[MEM-EVENT] VideoFrameProvider.stopPlayback | obj=-1386326855069879555 flush=true hasPlaybackTex=false hasStillTex=true hasInteractiveTex=false hasHoldTex=false
[MEM-EVENT] CVTextureCache.flush | owner=UserMediaTextureFactory
[MEM-EVENT] playback.audio.sessionDeactivate.call
[MEM-EVENT] audio.session.deactivate.begin
[MEM-EVENT] audio.session.deactivate.end | ok=1
[MEM-DIAG] playback.stop.after | footprint: 145MB | resident: 132MB | available: 2926MB | metal: 89MB | SceneInstanceRuntime: 1 | UserMediaService: 2 | VideoFrameProvider: 2
[MEM-DIAG]   pool | avail: 8 (17.4MB) | inUse: 0 (~0.0MB) | total: ~17.4MB
[MEM-DIAG]   pool.owner | owner=mask.boolean.bbox created=8 MB=17.4
[MEM-DIAG]   sceneTypeCache | cached: 1 [full_image] loading: 0 | textures: 2 ~9.7MB
[MEM-DIAG]   overlayCache | entries: 0 MB: 0.0
[MEM-DIAG]   runtimes: 1
[MEM-DIAG]   videoProviders: 2
[PERF] FPS: 1.0 | CPU: 2.0% (1core), 0.3% (all) | MEM: 132MB res, 142MB foot | GPU: avg 2.25ms, p95 2.25ms | DRAW: avg 1.75ms, p95 1.75ms, max 1.75ms
[MEM-DIAG] playback.stop.after.2s | footprint: 139MB | resident: 132MB | available: 2932MB | metal: 89MB | SceneInstanceRuntime: 1 | UserMediaService: 2 | VideoFrameProvider: 2
[MEM-DIAG]   pool | avail: 8 (17.4MB) | inUse: 0 (~0.0MB) | total: ~17.4MB
[MEM-DIAG]   pool.owner | owner=mask.boolean.bbox created=8 MB=17.4
[MEM-DIAG]   sceneTypeCache | cached: 1 [full_image] loading: 0 | textures: 2 ~9.7MB
[MEM-DIAG]   overlayCache | entries: 0 MB: 0.0
[MEM-DIAG]   runtimes: 1
[MEM-DIAG]   videoProviders: 2
[PERF] FPS: 0.0 | CPU: 2.6% (1core), 0.4% (all) | MEM: 132MB res, 122MB foot | GPU: n/a | DRAW: avg 0.00ms, p95 0.00ms, max 0.00ms
[PerfCounter] applySnapshot(scene): 153
[PerfCounter] applySnapshot(scene): 154
[MEM-EVENT] preview.audio.markDirty | generation=2 playing=0 state=timelinePreview
[MEM-EVENT] preview.audio.select | toggle=ON controller=Canonical
[MEM-EVENT] preview.audio.prepare | canonicalIdlePrepareSkipped=1
[PerfCounter] applySnapshot(scene): 155
[PerfCounter] applySnapshot(scene): 156
[PerfCounter] applySnapshot(scene): 157
[PerfCounter] applySnapshot(scene): 158
[PerfCounter] applySnapshot(scene): 159
[PerfCounter] applySnapshot(scene): 160
[PerfCounter] layout(scene): 100
[PerfCounter] applySnapshot(scene): 161
[PerfCounter] applySnapshot(scene): 162
[PerfCounter] applySnapshot(scene): 163
[PerfCounter] applySnapshot(scene): 164
[PerfCounter] applySnapshot(scene): 165
[PerfCounter] applySnapshot(scene): 166
[PerfCounter] applySnapshot(scene): 167
[PerfCounter] applySnapshot(scene): 168
[PerfCounter] applySnapshot(scene): 169
[PerfCounter] applySnapshot(scene): 170
[PerfCounter] layout(scene): 110
[PerfCounter] applySnapshot(scene): 171
[PerfCounter] applySnapshot(scene): 172
[MEM-EVENT] preview.audio.markDirty | generation=3 playing=0 state=timelinePreview
[MEM-EVENT] preview.audio.select | toggle=ON controller=Canonical
[MEM-EVENT] preview.audio.prepare | canonicalIdlePrepareSkipped=1
[PERF] FPS: 1.0 | CPU: 3.7% (1core), 0.6% (all) | MEM: 133MB res, 128MB foot | GPU: n/a | DRAW: avg 0.00ms, p95 0.00ms, max 0.00ms
[MEM-EVENT] audio.session.configure | ok=1
[MEM-EVENT] audio.session.activate.begin
[MEM-EVENT] audio.session.activate.end | ok=1
[MEM-EVENT] playback.audio.start.begin | compressedFrame=0 projectTimeUs=0 state=timelinePreview isPlayingBefore=0
[MEM-EVENT] displayLink.create | obj=7987350581700172911
[MEM-DIAG] playback.start | footprint: 128MB | resident: 133MB | available: 2944MB | metal: 89MB | SceneInstanceRuntime: 1 | UserMediaService: 2 | VideoFrameProvider: 2
[MEM-EVENT] playback.audio.previewStart.call | projectTimeUs=0 hostTime=194042.89721216672
[MEM-EVENT] preview.audio.select | toggle=ON controller=Canonical
[MEM-EVENT] preview.audio.start | dirty=1 hasPipeline=0 readiness=idle
[MEM-EVENT] preview.audio.canonical.legacyGateBypassed | seconds=0.0 hostTime=194042.89721216672
[MEM-EVENT] preview.audio.canonical.startPlayback.call | seconds=0.0
[MEM-EVENT] preview.audio.stage8.startPlayback.call | sinceStartMs=0.00 fromSeconds=0.0
[MEM-EVENT] preview.audio.stage8.plan.eval | sinceStartMs=1.30 elapsedMs=1.27 segments=2
[MEM-EVENT] preview.audio.canonical.plan | segments=2 fromSeconds=0.0
[MEM-EVENT] preview.audio.stage8.setup.end | sinceStartMs=10.31 graph+session+output+anchor done
[MEM-EVENT] preview.audio.canonical.preroll.build.begin | planSegments=2 range=0..<9600 gen=4
[MEM-EVENT] preview.audio.stage8.preroll.begin | sinceStartMs=10.34 range=0..<9600 sampleCount=9600 initialPrerollSamples=9600 maxChunkSamples=48000
[VideoFrameProvider] playback: 1 OK, 0 nil (0.0%) | itemTime=0.000s | lastExtracted=0.000s | active=true
[MEM-EVENT] preview.audio.canonical.firstFrameSignal | delivered=1
[MEM-EVENT] preview.audio.stage8.firstFrameSignal | sinceStartMs=11.54 barrierReason=firstFrameArrivedPrerollNotReady
[MEM-EVENT] preview.audio.canonical.render.begin | segments=2 range=0..<9600
[MEM-EVENT] preview.audio.stage8.cache.miss | range=0..<9600 revision=ProjectRevision(raw: 1) epoch=PlaybackEpoch(raw: 1) planIdLen=1070
[MEM-EVENT] preview.audio.stage8.render.decode | source=app.audio.source.imported:D50F6AD6-4D5B-4277-81C8-4C3E750ABC2D sourceStart=0/1 frameCount=9600 elapsedMs=161.86
[MEM-EVENT] preview.audio.stage8.render.decode | source=app.audio.source.videoLayer:scene-0-BBB22040-71D4-4001-8BBD-73623FEC4324:block_01 sourceStart=0/1 frameCount=9600 elapsedMs=28.06
[MEM-EVENT] preview.audio.stage8.render.total | range=0..<9600 segments=2 sources=2 elapsedMs=193.61
[MEM-EVENT] preview.audio.stage8.cache.store | range=0..<9600 revision=ProjectRevision(raw: 1) epoch=PlaybackEpoch(raw: 1) planIdLen=1070
[MEM-EVENT] preview.audio.canonical.render.end | sources=2
[MEM-EVENT] preview.audio.canonical.preroll.build.end | sourceCount=2 bufferCount=2
[MEM-EVENT] preview.audio.stage8.preroll.end | sinceStartMs=208.45 renderElapsedMs=198.11 sourceCount=2
[MEM-EVENT] preview.audio.stage8.barrier.cross | sinceStartMs=208.46
[MEM-EVENT] preview.audio.canonical.graph.schedule.begin | sources=2
[MEM-EVENT] preview.audio.canonical.graph.schedule.end | scheduled=1
[MEM-EVENT] preview.audio.stage8.graph.schedule.end | sinceStartMs=242.16 scheduleMs=33.69
[MEM-EVENT] preview.audio.canonical.engine.start.begin
[MEM-EVENT] preview.audio.canonical.player.play.begin
[MEM-EVENT] preview.audio.canonical.player.play.end
[MEM-EVENT] preview.audio.canonical.engine.start.end
[MEM-EVENT] preview.audio.stage8.player.play.end | sinceStartMs=242.18 playStartMs=0.02
[MEM-EVENT] preview.audio.canonical.scheduled | scheduled=1 sources=2 started=1
[MEM-EVENT] preview.audio.stage8.scheduled.total | sinceStartMs=242.19 totalStartToScheduledMs=242.19
[MEM-EVENT] preview.audio.canonical.nextChunk.requested | range=9600..<57600 gen=6 inFlight=1
[MEM-EVENT] preview.audio.canonical.nextChunk.render.begin | range=9600..<57600 gen=6
[MEM-EVENT] preview.audio.canonical.render.begin | segments=2 range=9600..<57600
[MEM-EVENT] preview.audio.stage8.cache.miss | range=9600..<57600 revision=ProjectRevision(raw: 1) epoch=PlaybackEpoch(raw: 1) planIdLen=1070
[MEM-EVENT] preview.audio.stage8.render.decode | source=app.audio.source.imported:D50F6AD6-4D5B-4277-81C8-4C3E750ABC2D sourceStart=1/5 frameCount=48000 elapsedMs=30.48
[MEM-EVENT] preview.audio.stage8.render.decode | source=app.audio.source.videoLayer:scene-0-BBB22040-71D4-4001-8BBD-73623FEC4324:block_01 sourceStart=1/5 frameCount=48000 elapsedMs=25.35
[MEM-EVENT] preview.audio.stage8.render.total | range=9600..<57600 segments=2 sources=2 elapsedMs=70.48
[MEM-EVENT] preview.audio.stage8.cache.store | range=9600..<57600 revision=ProjectRevision(raw: 1) epoch=PlaybackEpoch(raw: 1) planIdLen=1070
[MEM-EVENT] preview.audio.canonical.render.end | sources=2
[MEM-EVENT] preview.audio.canonical.nextChunk.render.end | range=9600..<57600 sourceCount=2
[MEM-EVENT] preview.audio.canonical.nextChunk.schedule.begin | range=9600..<57600 sources=2
[MEM-EVENT] preview.audio.canonical.nextChunk.schedule.end | range=9600..<57600 scheduled=1
[MEM-EVENT] preview.audio.canonical.nextChunk.requested | range=57600..<105600 gen=6 inFlight=1
[MEM-EVENT] preview.audio.canonical.nextChunk.render.begin | range=57600..<105600 gen=6
[MEM-EVENT] preview.audio.canonical.render.begin | segments=2 range=57600..<105600
[MEM-EVENT] preview.audio.stage8.cache.miss | range=57600..<105600 revision=ProjectRevision(raw: 1) epoch=PlaybackEpoch(raw: 1) planIdLen=1070
[MEM-EVENT] preview.audio.stage8.render.decode | source=app.audio.source.imported:D50F6AD6-4D5B-4277-81C8-4C3E750ABC2D sourceStart=6/5 frameCount=48000 elapsedMs=29.71
[MEM-EVENT] preview.audio.stage8.render.decode | source=app.audio.source.videoLayer:scene-0-BBB22040-71D4-4001-8BBD-73623FEC4324:block_01 sourceStart=6/5 frameCount=48000 elapsedMs=26.24
[MEM-EVENT] preview.audio.stage8.render.total | range=57600..<105600 segments=2 sources=2 elapsedMs=70.67
[MEM-EVENT] preview.audio.stage8.cache.store | range=57600..<105600 revision=ProjectRevision(raw: 1) epoch=PlaybackEpoch(raw: 1) planIdLen=1070
[MEM-EVENT] preview.audio.canonical.render.end | sources=2
[MEM-EVENT] preview.audio.canonical.nextChunk.render.end | range=57600..<105600 sourceCount=2
[MEM-EVENT] preview.audio.canonical.nextChunk.schedule.begin | range=57600..<105600 sources=2
[MEM-EVENT] preview.audio.canonical.nextChunk.schedule.end | range=57600..<105600 scheduled=1
[MEM-EVENT] preview.audio.canonical.nextChunk.requested | range=105600..<153600 gen=6 inFlight=1
[MEM-EVENT] preview.audio.canonical.nextChunk.render.begin | range=105600..<153600 gen=6
[MEM-EVENT] preview.audio.canonical.render.begin | segments=2 range=105600..<153600
[MEM-EVENT] preview.audio.stage8.cache.miss | range=105600..<153600 revision=ProjectRevision(raw: 1) epoch=PlaybackEpoch(raw: 1) planIdLen=1070
[MEM-EVENT] preview.audio.stage8.render.decode | source=app.audio.source.imported:D50F6AD6-4D5B-4277-81C8-4C3E750ABC2D sourceStart=11/5 frameCount=48000 elapsedMs=30.83
[MEM-EVENT] preview.audio.stage8.render.decode | source=app.audio.source.videoLayer:scene-0-BBB22040-71D4-4001-8BBD-73623FEC4324:block_01 sourceStart=11/5 frameCount=48000 elapsedMs=25.22
[MEM-EVENT] preview.audio.stage8.render.total | range=105600..<153600 segments=2 sources=2 elapsedMs=69.81
[MEM-EVENT] preview.audio.stage8.cache.store | range=105600..<153600 revision=ProjectRevision(raw: 1) epoch=PlaybackEpoch(raw: 1) planIdLen=1070
[MEM-EVENT] preview.audio.canonical.render.end | sources=2
[MEM-EVENT] preview.audio.canonical.nextChunk.render.end | range=105600..<153600 sourceCount=2
[MEM-EVENT] preview.audio.canonical.nextChunk.schedule.begin | range=105600..<153600 sources=2
[MEM-EVENT] preview.audio.canonical.nextChunk.schedule.end | range=105600..<153600 scheduled=1
[MEM-EVENT] preview.audio.canonical.nextChunk.requested | range=153600..<201600 gen=6 inFlight=1
[MEM-EVENT] preview.audio.canonical.nextChunk.render.begin | range=153600..<201600 gen=6
[MEM-EVENT] preview.audio.canonical.render.begin | segments=2 range=153600..<201600
[MEM-EVENT] preview.audio.stage8.cache.miss | range=153600..<201600 revision=ProjectRevision(raw: 1) epoch=PlaybackEpoch(raw: 1) planIdLen=1070
[MEM-EVENT] preview.audio.stage8.render.decode | source=app.audio.source.imported:D50F6AD6-4D5B-4277-81C8-4C3E750ABC2D sourceStart=16/5 frameCount=48000 elapsedMs=30.32
[MEM-EVENT] preview.audio.stage8.render.decode | source=app.audio.source.videoLayer:scene-0-BBB22040-71D4-4001-8BBD-73623FEC4324:block_01 sourceStart=16/5 frameCount=48000 elapsedMs=24.40
[MEM-EVENT] preview.audio.stage8.render.total | range=153600..<201600 segments=2 sources=2 elapsedMs=68.53
[MEM-EVENT] preview.audio.stage8.cache.store | range=153600..<201600 revision=ProjectRevision(raw: 1) epoch=PlaybackEpoch(raw: 1) planIdLen=1070
[MEM-EVENT] preview.audio.canonical.render.end | sources=2
[MEM-EVENT] preview.audio.canonical.nextChunk.render.end | range=153600..<201600 sourceCount=2
[MEM-EVENT] preview.audio.canonical.nextChunk.schedule.begin | range=153600..<201600 sources=2
[MEM-EVENT] preview.audio.canonical.nextChunk.schedule.end | range=153600..<201600 scheduled=1
[MEM-EVENT] preview.audio.canonical.nextChunk.requested | range=201600..<249600 gen=6 inFlight=1
[MEM-EVENT] preview.audio.canonical.nextChunk.render.begin | range=201600..<249600 gen=6
[MEM-EVENT] preview.audio.canonical.render.begin | segments=2 range=201600..<249600
[MEM-EVENT] preview.audio.stage8.cache.miss | range=201600..<249600 revision=ProjectRevision(raw: 1) epoch=PlaybackEpoch(raw: 1) planIdLen=1070
[MEM-EVENT] preview.audio.stage8.render.decode | source=app.audio.source.imported:D50F6AD6-4D5B-4277-81C8-4C3E750ABC2D sourceStart=21/5 frameCount=48000 elapsedMs=29.15
[MEM-EVENT] preview.audio.stage8.render.decode | source=app.audio.source.videoLayer:scene-0-BBB22040-71D4-4001-8BBD-73623FEC4324:block_01 sourceStart=21/5 frameCount=48000 elapsedMs=25.49
[MEM-EVENT] preview.audio.stage8.render.total | range=201600..<249600 segments=2 sources=2 elapsedMs=68.39
[MEM-EVENT] preview.audio.stage8.cache.store | range=201600..<249600 revision=ProjectRevision(raw: 1) epoch=PlaybackEpoch(raw: 1) planIdLen=1070
[MEM-EVENT] preview.audio.canonical.render.end | sources=2
[MEM-EVENT] preview.audio.canonical.nextChunk.render.end | range=201600..<249600 sourceCount=2
[MEM-EVENT] preview.audio.canonical.nextChunk.schedule.begin | range=201600..<249600 sources=2
[MEM-EVENT] preview.audio.canonical.nextChunk.schedule.end | range=201600..<249600 scheduled=1
[MEM-EVENT] preview.audio.canonical.nextChunk.requested | range=249600..<297600 gen=6 inFlight=1
[MEM-EVENT] preview.audio.canonical.nextChunk.render.begin | range=249600..<297600 gen=6
[MEM-EVENT] preview.audio.canonical.render.begin | segments=2 range=249600..<297600
[MEM-EVENT] preview.audio.stage8.cache.miss | range=249600..<297600 revision=ProjectRevision(raw: 1) epoch=PlaybackEpoch(raw: 1) planIdLen=1070
[MEM-EVENT] preview.audio.stage8.render.decode | source=app.audio.source.imported:D50F6AD6-4D5B-4277-81C8-4C3E750ABC2D sourceStart=26/5 frameCount=48000 elapsedMs=30.76
[MEM-EVENT] preview.audio.stage8.render.decode | source=app.audio.source.videoLayer:scene-0-BBB22040-71D4-4001-8BBD-73623FEC4324:block_01 sourceStart=26/5 frameCount=48000 elapsedMs=25.63
[MEM-EVENT] preview.audio.stage8.render.total | range=249600..<297600 segments=2 sources=2 elapsedMs=70.15
[MEM-EVENT] preview.audio.stage8.cache.store | range=249600..<297600 revision=ProjectRevision(raw: 1) epoch=PlaybackEpoch(raw: 1) planIdLen=1070
[MEM-EVENT] preview.audio.canonical.render.end | sources=2
[MEM-EVENT] preview.audio.canonical.nextChunk.render.end | range=249600..<297600 sourceCount=2
[MEM-EVENT] preview.audio.canonical.nextChunk.schedule.begin | range=249600..<297600 sources=2
[MEM-EVENT] preview.audio.canonical.nextChunk.schedule.end | range=249600..<297600 scheduled=1
[MEM-EVENT] preview.audio.canonical.nextChunk.requested | range=297600..<345600 gen=6 inFlight=1
[MEM-EVENT] preview.audio.canonical.nextChunk.render.begin | range=297600..<345600 gen=6
[MEM-EVENT] preview.audio.canonical.render.begin | segments=2 range=297600..<345600
[MEM-EVENT] preview.audio.stage8.cache.miss | range=297600..<345600 revision=ProjectRevision(raw: 1) epoch=PlaybackEpoch(raw: 1) planIdLen=1070
[MEM-EVENT] preview.audio.stage8.render.decode | source=app.audio.source.imported:D50F6AD6-4D5B-4277-81C8-4C3E750ABC2D sourceStart=31/5 frameCount=48000 elapsedMs=29.91
[MEM-EVENT] preview.audio.stage8.render.decode | source=app.audio.source.videoLayer:scene-0-BBB22040-71D4-4001-8BBD-73623FEC4324:block_01 sourceStart=31/5 frameCount=48000 elapsedMs=26.75
[MEM-EVENT] preview.audio.stage8.render.total | range=297600..<345600 segments=2 sources=2 elapsedMs=71.20
[MEM-EVENT] preview.audio.stage8.cache.store | range=297600..<345600 revision=ProjectRevision(raw: 1) epoch=PlaybackEpoch(raw: 1) planIdLen=1070
[MEM-EVENT] preview.audio.canonical.render.end | sources=2
[MEM-EVENT] preview.audio.canonical.nextChunk.render.end | range=297600..<345600 sourceCount=2
[MEM-EVENT] preview.audio.canonical.nextChunk.schedule.begin | range=297600..<345600 sources=2
[MEM-EVENT] preview.audio.canonical.nextChunk.schedule.end | range=297600..<345600 scheduled=1
[MEM-EVENT] preview.audio.canonical.nextChunk.requested | range=345600..<393600 gen=6 inFlight=1
[MEM-EVENT] preview.audio.canonical.nextChunk.render.begin | range=345600..<393600 gen=6
[MEM-EVENT] preview.audio.canonical.render.begin | segments=2 range=345600..<393600
[MEM-EVENT] preview.audio.stage8.cache.miss | range=345600..<393600 revision=ProjectRevision(raw: 1) epoch=PlaybackEpoch(raw: 1) planIdLen=1070
[MEM-EVENT] preview.audio.stage8.render.decode | source=app.audio.source.imported:D50F6AD6-4D5B-4277-81C8-4C3E750ABC2D sourceStart=36/5 frameCount=48000 elapsedMs=30.43
[MEM-EVENT] preview.audio.stage8.render.decode | source=app.audio.source.videoLayer:scene-0-BBB22040-71D4-4001-8BBD-73623FEC4324:block_01 sourceStart=36/5 frameCount=48000 elapsedMs=24.66
[MEM-EVENT] preview.audio.stage8.render.total | range=345600..<393600 segments=2 sources=2 elapsedMs=69.10
[MEM-EVENT] preview.audio.stage8.cache.store | range=345600..<393600 revision=ProjectRevision(raw: 1) epoch=PlaybackEpoch(raw: 1) planIdLen=1070
[MEM-EVENT] preview.audio.canonical.render.end | sources=2
[MEM-EVENT] preview.audio.canonical.nextChunk.render.end | range=345600..<393600 sourceCount=2
[MEM-EVENT] preview.audio.canonical.nextChunk.schedule.begin | range=345600..<393600 sources=2
[MEM-EVENT] preview.audio.canonical.nextChunk.schedule.end | range=345600..<393600 scheduled=1
[MEM-EVENT] preview.audio.canonical.nextChunk.requested | range=393600..<437601 gen=6 inFlight=1
[MEM-EVENT] preview.audio.canonical.nextChunk.render.begin | range=393600..<437601 gen=6
[MEM-EVENT] preview.audio.canonical.render.begin | segments=2 range=393600..<437601
[MEM-EVENT] preview.audio.stage8.cache.miss | range=393600..<437601 revision=ProjectRevision(raw: 1) epoch=PlaybackEpoch(raw: 1) planIdLen=1070
[MEM-EVENT] preview.audio.stage8.render.decode | source=app.audio.source.imported:D50F6AD6-4D5B-4277-81C8-4C3E750ABC2D sourceStart=41/5 frameCount=44001 elapsedMs=30.22
[MEM-EVENT] preview.audio.stage8.render.decode | source=app.audio.source.videoLayer:scene-0-BBB22040-71D4-4001-8BBD-73623FEC4324:block_01 sourceStart=41/5 frameCount=44001 elapsedMs=24.59
[MEM-EVENT] preview.audio.stage8.render.total | range=393600..<437601 segments=2 sources=2 elapsedMs=67.66
[MEM-EVENT] preview.audio.stage8.cache.store | range=393600..<437601 revision=ProjectRevision(raw: 1) epoch=PlaybackEpoch(raw: 1) planIdLen=1070
[MEM-EVENT] preview.audio.canonical.render.end | sources=2
[MEM-EVENT] preview.audio.canonical.nextChunk.render.end | range=393600..<437601 sourceCount=2
[MEM-EVENT] preview.audio.canonical.nextChunk.schedule.begin | range=393600..<437601 sources=2
[MEM-EVENT] preview.audio.canonical.nextChunk.schedule.end | range=393600..<437601 scheduled=1
[MEM-EVENT] preview.audio.canonical.nextChunk.endOfPlan | planEnd=437601
[PERF] FPS: 27.5 | CPU: 25.2% (1core), 4.2% (all) | MEM: 133MB res, 196MB foot | GPU: n/a | DRAW: avg 0.00ms, p95 0.00ms, max 0.00ms
[VideoFrameProvider] playback: 61 OK, 0 nil (0.0%) | itemTime=2.032s | lastExtracted=2.063s | active=true
[MEM-EVENT] playback.audio.stop.begin
[MEM-EVENT] displayLink.invalidate | obj=7987350581700172911
[MEM-EVENT] VideoFrameProvider.stopPlayback | obj=-1386326855069879555 flush=false hasPlaybackTex=true hasStillTex=true hasInteractiveTex=false hasHoldTex=false
[PerfCounter] applySnapshot(scene): 173
[PerfCounter] applySnapshot(scene): 174
[PerfCounter] applySnapshot(scene): 175
[PerfCounter] applySnapshot(scene): 176
[PerfCounter] applySnapshot(scene): 177
[PerfCounter] applySnapshot(scene): 178
[PerfCounter] applySnapshot(scene): 179
[PerfCounter] applySnapshot(scene): 180
[PerfCounter] layout(scene): 120
[PerfCounter] applySnapshot(scene): 181
[PerfCounter] applySnapshot(scene): 182
[PerfCounter] applySnapshot(scene): 183
[PerfCounter] applySnapshot(scene): 184
[PerfCounter] applySnapshot(scene): 185
[PerfCounter] applySnapshot(scene): 186
[MEM-EVENT] preview.audio.markDirty | generation=4 playing=0 state=timelinePreview
[MEM-EVENT] preview.audio.select | toggle=ON controller=Canonical
[MEM-EVENT] preview.audio.prepare | canonicalIdlePrepareSkipped=1
[PERF] FPS: 8.0 | CPU: 2.1% (1core), 0.4% (all) | MEM: 133MB res, 190MB foot | GPU: n/a | DRAW: avg 0.00ms, p95 0.00ms, max 0.00ms
[MEM-EVENT] audio.session.activate.begin
[MEM-EVENT] audio.session.activate.end | ok=1
[MEM-EVENT] playback.audio.start.begin | compressedFrame=69 projectTimeUs=2300000 state=timelinePreview isPlayingBefore=0
[MEM-EVENT] displayLink.create | obj=7987350581700172911
[MEM-DIAG] playback.start | footprint: 190MB | resident: 133MB | available: 2882MB | metal: 158MB | SceneInstanceRuntime: 1 | UserMediaService: 2 | VideoFrameProvider: 2
[MEM-EVENT] playback.audio.previewStart.call | projectTimeUs=2300000 hostTime=194046.82280712505
[MEM-EVENT] preview.audio.select | toggle=ON controller=Canonical
[MEM-EVENT] preview.audio.start | dirty=1 hasPipeline=1 readiness=primed
[MEM-EVENT] preview.audio.canonical.legacyGateBypassed | seconds=2.3 hostTime=194046.82280712505
[MEM-EVENT] preview.audio.canonical.startPlayback.call | seconds=2.3
[MEM-EVENT] preview.audio.stage8.startPlayback.call | sinceStartMs=0.01 fromSeconds=2.3
[MEM-EVENT] preview.audio.stage8.plan.eval | sinceStartMs=4.71 elapsedMs=4.56 segments=2
[MEM-EVENT] preview.audio.canonical.plan | segments=2 fromSeconds=2.3
[MEM-EVENT] preview.audio.stage8.setup.end | sinceStartMs=8.92 graph+session+output+anchor done
[MEM-EVENT] preview.audio.canonical.preroll.build.begin | planSegments=2 range=110400..<120000 gen=7
[MEM-EVENT] preview.audio.stage8.preroll.begin | sinceStartMs=9.04 range=110400..<120000 sampleCount=9600 initialPrerollSamples=9600 maxChunkSamples=48000
[MEM-EVENT] preview.audio.canonical.render.begin | segments=2 range=110400..<120000
[MEM-EVENT] preview.audio.stage8.cache.miss | range=110400..<120000 revision=ProjectRevision(raw: 2) epoch=PlaybackEpoch(raw: 2) planIdLen=1062
[MEM-EVENT] preview.audio.canonical.firstFrameSignal | delivered=1
[MEM-EVENT] preview.audio.stage8.firstFrameSignal | sinceStartMs=13.43 barrierReason=firstFrameArrivedPrerollNotReady
[MEM-EVENT] preview.audio.stage8.render.decode | source=app.audio.source.imported:D50F6AD6-4D5B-4277-81C8-4C3E750ABC2D sourceStart=23/10 frameCount=9600 elapsedMs=72.62
[MEM-EVENT] preview.audio.stage8.render.decode | source=app.audio.source.videoLayer:scene-0-BBB22040-71D4-4001-8BBD-73623FEC4324:block_01 sourceStart=23/10 frameCount=9600 elapsedMs=31.57
[MEM-EVENT] preview.audio.stage8.render.total | range=110400..<120000 segments=2 sources=2 elapsedMs=107.90
[MEM-EVENT] preview.audio.stage8.cache.store | range=110400..<120000 revision=ProjectRevision(raw: 2) epoch=PlaybackEpoch(raw: 2) planIdLen=1062
[MEM-EVENT] preview.audio.canonical.render.end | sources=2
[MEM-EVENT] preview.audio.canonical.preroll.build.end | sourceCount=2 bufferCount=2
[MEM-EVENT] preview.audio.stage8.preroll.end | sinceStartMs=117.55 renderElapsedMs=108.52 sourceCount=2
[MEM-EVENT] preview.audio.stage8.barrier.cross | sinceStartMs=117.55
[MEM-EVENT] preview.audio.canonical.graph.schedule.begin | sources=2
[MEM-EVENT] preview.audio.canonical.graph.schedule.end | scheduled=1
[MEM-EVENT] preview.audio.stage8.graph.schedule.end | sinceStartMs=155.45 scheduleMs=37.88
[MEM-EVENT] preview.audio.canonical.engine.start.begin
[MEM-EVENT] preview.audio.canonical.player.play.begin
[MEM-EVENT] preview.audio.canonical.player.play.end
[MEM-EVENT] preview.audio.canonical.engine.start.end
[MEM-EVENT] preview.audio.stage8.player.play.end | sinceStartMs=155.47 playStartMs=0.01
[MEM-EVENT] preview.audio.canonical.scheduled | scheduled=1 sources=2 started=1
[MEM-EVENT] preview.audio.stage8.scheduled.total | sinceStartMs=155.49 totalStartToScheduledMs=155.48
[MEM-EVENT] preview.audio.canonical.nextChunk.requested | range=120000..<168000 gen=10 inFlight=1
[MEM-EVENT] preview.audio.canonical.nextChunk.render.begin | range=120000..<168000 gen=10
[VideoFrameProvider] playback: 12 OK, 0 nil (0.0%) | itemTime=2.449s | lastExtracted=2.470s | active=true
[MEM-EVENT] preview.audio.canonical.render.begin | segments=2 range=120000..<168000
[MEM-EVENT] preview.audio.stage8.cache.miss | range=120000..<168000 revision=ProjectRevision(raw: 2) epoch=PlaybackEpoch(raw: 2) planIdLen=1062
[MEM-EVENT] preview.audio.stage8.render.decode | source=app.audio.source.imported:D50F6AD6-4D5B-4277-81C8-4C3E750ABC2D sourceStart=5/2 frameCount=48000 elapsedMs=31.63
[MEM-EVENT] preview.audio.stage8.render.decode | source=app.audio.source.videoLayer:scene-0-BBB22040-71D4-4001-8BBD-73623FEC4324:block_01 sourceStart=5/2 frameCount=48000 elapsedMs=27.60
[MEM-EVENT] preview.audio.stage8.render.total | range=120000..<168000 segments=2 sources=2 elapsedMs=72.93
[MEM-EVENT] preview.audio.stage8.cache.store | range=120000..<168000 revision=ProjectRevision(raw: 2) epoch=PlaybackEpoch(raw: 2) planIdLen=1062
[MEM-EVENT] preview.audio.canonical.render.end | sources=2
[MEM-EVENT] preview.audio.canonical.nextChunk.render.end | range=120000..<168000 sourceCount=2
[MEM-EVENT] preview.audio.canonical.nextChunk.schedule.begin | range=120000..<168000 sources=2
[MEM-EVENT] preview.audio.canonical.nextChunk.schedule.end | range=120000..<168000 scheduled=1
[MEM-EVENT] preview.audio.canonical.nextChunk.requested | range=168000..<216000 gen=10 inFlight=1
[MEM-EVENT] preview.audio.canonical.nextChunk.render.begin | range=168000..<216000 gen=10
[MEM-EVENT] preview.audio.canonical.render.begin | segments=2 range=168000..<216000
[MEM-EVENT] preview.audio.stage8.cache.miss | range=168000..<216000 revision=ProjectRevision(raw: 2) epoch=PlaybackEpoch(raw: 2) planIdLen=1062
[MEM-EVENT] preview.audio.stage8.render.decode | source=app.audio.source.imported:D50F6AD6-4D5B-4277-81C8-4C3E750ABC2D sourceStart=7/2 frameCount=48000 elapsedMs=30.35
[MEM-EVENT] preview.audio.stage8.render.decode | source=app.audio.source.videoLayer:scene-0-BBB22040-71D4-4001-8BBD-73623FEC4324:block_01 sourceStart=7/2 frameCount=48000 elapsedMs=24.88
[MEM-EVENT] preview.audio.stage8.render.total | range=168000..<216000 segments=2 sources=2 elapsedMs=69.00
[MEM-EVENT] preview.audio.stage8.cache.store | range=168000..<216000 revision=ProjectRevision(raw: 2) epoch=PlaybackEpoch(raw: 2) planIdLen=1062
[MEM-EVENT] preview.audio.canonical.render.end | sources=2
[MEM-EVENT] preview.audio.canonical.nextChunk.render.end | range=168000..<216000 sourceCount=2
[MEM-EVENT] preview.audio.canonical.nextChunk.schedule.begin | range=168000..<216000 sources=2
[MEM-EVENT] preview.audio.canonical.nextChunk.schedule.end | range=168000..<216000 scheduled=1
[MEM-EVENT] preview.audio.canonical.nextChunk.requested | range=216000..<264000 gen=10 inFlight=1
[MEM-EVENT] preview.audio.canonical.nextChunk.render.begin | range=216000..<264000 gen=10
[MEM-EVENT] preview.audio.canonical.render.begin | segments=2 range=216000..<264000
[MEM-EVENT] preview.audio.stage8.cache.miss | range=216000..<264000 revision=ProjectRevision(raw: 2) epoch=PlaybackEpoch(raw: 2) planIdLen=1062
[MEM-EVENT] preview.audio.stage8.render.decode | source=app.audio.source.imported:D50F6AD6-4D5B-4277-81C8-4C3E750ABC2D sourceStart=9/2 frameCount=48000 elapsedMs=30.64
[MEM-EVENT] preview.audio.stage8.render.decode | source=app.audio.source.videoLayer:scene-0-BBB22040-71D4-4001-8BBD-73623FEC4324:block_01 sourceStart=9/2 frameCount=48000 elapsedMs=24.61
[MEM-EVENT] preview.audio.stage8.render.total | range=216000..<264000 segments=2 sources=2 elapsedMs=69.44
[MEM-EVENT] preview.audio.stage8.cache.store | range=216000..<264000 revision=ProjectRevision(raw: 2) epoch=PlaybackEpoch(raw: 2) planIdLen=1062
[MEM-EVENT] preview.audio.canonical.render.end | sources=2
[MEM-EVENT] preview.audio.canonical.nextChunk.render.end | range=216000..<264000 sourceCount=2
[MEM-EVENT] preview.audio.canonical.nextChunk.schedule.begin | range=216000..<264000 sources=2
[MEM-EVENT] preview.audio.canonical.nextChunk.schedule.end | range=216000..<264000 scheduled=1
[MEM-EVENT] preview.audio.canonical.nextChunk.requested | range=264000..<312000 gen=10 inFlight=1
[MEM-EVENT] preview.audio.canonical.nextChunk.render.begin | range=264000..<312000 gen=10
[MEM-EVENT] preview.audio.canonical.render.begin | segments=2 range=264000..<312000
[MEM-EVENT] preview.audio.stage8.cache.miss | range=264000..<312000 revision=ProjectRevision(raw: 2) epoch=PlaybackEpoch(raw: 2) planIdLen=1062
[MEM-EVENT] preview.audio.stage8.render.decode | source=app.audio.source.imported:D50F6AD6-4D5B-4277-81C8-4C3E750ABC2D sourceStart=11/2 frameCount=48000 elapsedMs=30.29
[MEM-EVENT] preview.audio.stage8.render.decode | source=app.audio.source.videoLayer:scene-0-BBB22040-71D4-4001-8BBD-73623FEC4324:block_01 sourceStart=11/2 frameCount=48000 elapsedMs=25.52
[MEM-EVENT] preview.audio.stage8.render.total | range=264000..<312000 segments=2 sources=2 elapsedMs=69.57
[MEM-EVENT] preview.audio.stage8.cache.store | range=264000..<312000 revision=ProjectRevision(raw: 2) epoch=PlaybackEpoch(raw: 2) planIdLen=1062
[MEM-EVENT] preview.audio.canonical.render.end | sources=2
[MEM-EVENT] preview.audio.canonical.nextChunk.render.end | range=264000..<312000 sourceCount=2
[MEM-EVENT] preview.audio.canonical.nextChunk.schedule.begin | range=264000..<312000 sources=2
[MEM-EVENT] preview.audio.canonical.nextChunk.schedule.end | range=264000..<312000 scheduled=1
[MEM-EVENT] preview.audio.canonical.nextChunk.requested | range=312000..<360000 gen=10 inFlight=1
[MEM-EVENT] preview.audio.canonical.nextChunk.render.begin | range=312000..<360000 gen=10
[MEM-EVENT] preview.audio.canonical.render.begin | segments=2 range=312000..<360000
[MEM-EVENT] preview.audio.stage8.cache.miss | range=312000..<360000 revision=ProjectRevision(raw: 2) epoch=PlaybackEpoch(raw: 2) planIdLen=1062
[MEM-EVENT] preview.audio.stage8.render.decode | source=app.audio.source.imported:D50F6AD6-4D5B-4277-81C8-4C3E750ABC2D sourceStart=13/2 frameCount=48000 elapsedMs=30.18
[MEM-EVENT] preview.audio.stage8.render.decode | source=app.audio.source.videoLayer:scene-0-BBB22040-71D4-4001-8BBD-73623FEC4324:block_01 sourceStart=13/2 frameCount=48000 elapsedMs=25.05
[MEM-EVENT] preview.audio.stage8.render.total | range=312000..<360000 segments=2 sources=2 elapsedMs=69.04
[MEM-EVENT] preview.audio.stage8.cache.store | range=312000..<360000 revision=ProjectRevision(raw: 2) epoch=PlaybackEpoch(raw: 2) planIdLen=1062
[MEM-EVENT] preview.audio.canonical.render.end | sources=2
[MEM-EVENT] preview.audio.canonical.nextChunk.render.end | range=312000..<360000 sourceCount=2
[MEM-EVENT] preview.audio.canonical.nextChunk.schedule.begin | range=312000..<360000 sources=2
[MEM-EVENT] preview.audio.canonical.nextChunk.schedule.end | range=312000..<360000 scheduled=1
[MEM-EVENT] preview.audio.canonical.nextChunk.requested | range=360000..<408000 gen=10 inFlight=1
[MEM-EVENT] preview.audio.canonical.nextChunk.render.begin | range=360000..<408000 gen=10
[MEM-EVENT] preview.audio.canonical.render.begin | segments=2 range=360000..<408000
[MEM-EVENT] preview.audio.stage8.cache.miss | range=360000..<408000 revision=ProjectRevision(raw: 2) epoch=PlaybackEpoch(raw: 2) planIdLen=1062
[MEM-EVENT] preview.audio.stage8.render.decode | source=app.audio.source.imported:D50F6AD6-4D5B-4277-81C8-4C3E750ABC2D sourceStart=15/2 frameCount=48000 elapsedMs=30.31
[MEM-EVENT] preview.audio.stage8.render.decode | source=app.audio.source.videoLayer:scene-0-BBB22040-71D4-4001-8BBD-73623FEC4324:block_01 sourceStart=15/2 frameCount=48000 elapsedMs=25.31
[MEM-EVENT] preview.audio.stage8.render.total | range=360000..<408000 segments=2 sources=2 elapsedMs=69.25
[MEM-EVENT] preview.audio.stage8.cache.store | range=360000..<408000 revision=ProjectRevision(raw: 2) epoch=PlaybackEpoch(raw: 2) planIdLen=1062
[MEM-EVENT] preview.audio.canonical.render.end | sources=2
[MEM-EVENT] preview.audio.canonical.nextChunk.render.end | range=360000..<408000 sourceCount=2
[MEM-EVENT] preview.audio.canonical.nextChunk.schedule.begin | range=360000..<408000 sources=2
[MEM-EVENT] preview.audio.canonical.nextChunk.schedule.end | range=360000..<408000 scheduled=1
[MEM-EVENT] preview.audio.canonical.nextChunk.requested | range=408000..<456000 gen=10 inFlight=1
[MEM-EVENT] preview.audio.canonical.nextChunk.render.begin | range=408000..<456000 gen=10
[MEM-EVENT] preview.audio.canonical.render.begin | segments=2 range=408000..<456000
[MEM-EVENT] preview.audio.stage8.cache.miss | range=408000..<456000 revision=ProjectRevision(raw: 2) epoch=PlaybackEpoch(raw: 2) planIdLen=1062
[MEM-EVENT] preview.audio.stage8.render.decode | source=app.audio.source.imported:D50F6AD6-4D5B-4277-81C8-4C3E750ABC2D sourceStart=17/2 frameCount=48000 elapsedMs=30.16
[MEM-EVENT] preview.audio.stage8.render.decode | source=app.audio.source.videoLayer:scene-0-BBB22040-71D4-4001-8BBD-73623FEC4324:block_01 sourceStart=17/2 frameCount=48000 elapsedMs=25.43
[MEM-EVENT] preview.audio.stage8.render.total | range=408000..<456000 segments=2 sources=2 elapsedMs=69.35
[MEM-EVENT] preview.audio.stage8.cache.store | range=408000..<456000 revision=ProjectRevision(raw: 2) epoch=PlaybackEpoch(raw: 2) planIdLen=1062
[MEM-EVENT] preview.audio.canonical.render.end | sources=2
[MEM-EVENT] preview.audio.canonical.nextChunk.render.end | range=408000..<456000 sourceCount=2
[MEM-EVENT] preview.audio.canonical.nextChunk.schedule.begin | range=408000..<456000 sources=2
[MEM-EVENT] preview.audio.canonical.nextChunk.schedule.end | range=408000..<456000 scheduled=1
[MEM-EVENT] preview.audio.canonical.nextChunk.requested | range=456000..<504000 gen=10 inFlight=1
[MEM-EVENT] preview.audio.canonical.nextChunk.render.begin | range=456000..<504000 gen=10
[MEM-EVENT] preview.audio.canonical.render.begin | segments=2 range=456000..<504000
[MEM-EVENT] preview.audio.stage8.cache.miss | range=456000..<504000 revision=ProjectRevision(raw: 2) epoch=PlaybackEpoch(raw: 2) planIdLen=1062
[MEM-EVENT] preview.audio.stage8.render.decode | source=app.audio.source.imported:D50F6AD6-4D5B-4277-81C8-4C3E750ABC2D sourceStart=19/2 frameCount=48000 elapsedMs=29.04
[MEM-EVENT] preview.audio.stage8.render.decode | source=app.audio.source.videoLayer:scene-0-BBB22040-71D4-4001-8BBD-73623FEC4324:block_01 sourceStart=19/2 frameCount=48000 elapsedMs=25.74
[MEM-EVENT] preview.audio.stage8.render.total | range=456000..<504000 segments=2 sources=2 elapsedMs=69.64
[MEM-EVENT] preview.audio.stage8.cache.store | range=456000..<504000 revision=ProjectRevision(raw: 2) epoch=PlaybackEpoch(raw: 2) planIdLen=1062
[MEM-EVENT] preview.audio.canonical.render.end | sources=2
[MEM-EVENT] preview.audio.canonical.nextChunk.render.end | range=456000..<504000 sourceCount=2
[MEM-EVENT] preview.audio.canonical.nextChunk.schedule.begin | range=456000..<504000 sources=2
[MEM-EVENT] preview.audio.canonical.nextChunk.schedule.end | range=456000..<504000 scheduled=1
[MEM-EVENT] preview.audio.canonical.nextChunk.requested | range=504000..<552000 gen=10 inFlight=1
[MEM-EVENT] preview.audio.canonical.nextChunk.render.begin | range=504000..<552000 gen=10
[MEM-EVENT] preview.audio.canonical.render.begin | segments=2 range=504000..<552000
[MEM-EVENT] preview.audio.stage8.cache.miss | range=504000..<552000 revision=ProjectRevision(raw: 2) epoch=PlaybackEpoch(raw: 2) planIdLen=1062
[MEM-EVENT] preview.audio.stage8.render.decode | source=app.audio.source.imported:D50F6AD6-4D5B-4277-81C8-4C3E750ABC2D sourceStart=21/2 frameCount=48000 elapsedMs=29.90
[MEM-EVENT] preview.audio.stage8.render.decode | source=app.audio.source.videoLayer:scene-0-BBB22040-71D4-4001-8BBD-73623FEC4324:block_01 sourceStart=21/2 frameCount=48000 elapsedMs=26.37
[MEM-EVENT] preview.audio.stage8.render.total | range=504000..<552000 segments=2 sources=2 elapsedMs=70.01
[MEM-EVENT] preview.audio.stage8.cache.store | range=504000..<552000 revision=ProjectRevision(raw: 2) epoch=PlaybackEpoch(raw: 2) planIdLen=1062
[MEM-EVENT] preview.audio.canonical.render.end | sources=2
[MEM-EVENT] preview.audio.canonical.nextChunk.render.end | range=504000..<552000 sourceCount=2
[MEM-EVENT] preview.audio.canonical.nextChunk.schedule.begin | range=504000..<552000 sources=2
[MEM-EVENT] preview.audio.canonical.nextChunk.schedule.end | range=504000..<552000 scheduled=1
[MEM-EVENT] preview.audio.canonical.nextChunk.requested | range=552000..<584801 gen=10 inFlight=1
[MEM-EVENT] preview.audio.canonical.nextChunk.render.begin | range=552000..<584801 gen=10
[MEM-EVENT] preview.audio.canonical.render.begin | segments=2 range=552000..<584801
[MEM-EVENT] preview.audio.stage8.cache.miss | range=552000..<584801 revision=ProjectRevision(raw: 2) epoch=PlaybackEpoch(raw: 2) planIdLen=1062
[MEM-EVENT] preview.audio.stage8.render.decode | source=app.audio.source.imported:D50F6AD6-4D5B-4277-81C8-4C3E750ABC2D sourceStart=23/2 frameCount=32801 elapsedMs=28.31
[MEM-EVENT] preview.audio.stage8.render.decode | source=app.audio.source.videoLayer:scene-0-BBB22040-71D4-4001-8BBD-73623FEC4324:block_01 sourceStart=23/2 frameCount=32801 elapsedMs=25.46
[MEM-EVENT] preview.audio.stage8.render.total | range=552000..<584801 segments=2 sources=2 elapsedMs=63.82
[MEM-EVENT] preview.audio.stage8.cache.store | range=552000..<584801 revision=ProjectRevision(raw: 2) epoch=PlaybackEpoch(raw: 2) planIdLen=1062
[MEM-EVENT] preview.audio.canonical.render.end | sources=2
[MEM-EVENT] preview.audio.canonical.nextChunk.render.end | range=552000..<584801 sourceCount=2
[MEM-EVENT] preview.audio.canonical.nextChunk.schedule.begin | range=552000..<584801 sources=2
[MEM-EVENT] preview.audio.canonical.nextChunk.schedule.end | range=552000..<584801 scheduled=1
[MEM-EVENT] preview.audio.canonical.nextChunk.endOfPlan | planEnd=584801
[MEM-EVENT] playback.audio.stop.begin
[MEM-EVENT] displayLink.invalidate | obj=7987350581700172911
[MEM-EVENT] VideoFrameProvider.stopPlayback | obj=-1386326855069879555 flush=false hasPlaybackTex=true hasStillTex=true hasInteractiveTex=false hasHoldTex=false
[MEM-EVENT] playback.idleReclaim.skip | reason=scrubActive
[SCRUB-DIAG] FINAL - scroll: 0.0/s | scrubChanged: 0.0/s | playhead: 0.0/s (elapsed: 52.02s)
[PERF] FPS: 29.5 | CPU: 16.2% (1core), 2.7% (all) | MEM: 133MB res, 205MB foot | GPU: n/a | DRAW: avg 0.00ms, p95 0.00ms, max 0.00ms
[MEM-EVENT] audio.session.activate.begin
[MEM-EVENT] audio.session.activate.end | ok=1
[MEM-EVENT] playback.audio.start.begin | compressedFrame=264 projectTimeUs=8800000 state=timelinePreview isPlayingBefore=0
[MEM-EVENT] displayLink.create | obj=7987350581700172911
[MEM-DIAG] playback.start | footprint: 205MB | resident: 133MB | available: 2866MB | metal: 166MB | SceneInstanceRuntime: 1 | UserMediaService: 2 | VideoFrameProvider: 2
[MEM-EVENT] playback.audio.previewStart.call | projectTimeUs=8800000 hostTime=194048.99711008338
[MEM-EVENT] preview.audio.select | toggle=ON controller=Canonical
[MEM-EVENT] preview.audio.start | dirty=0 hasPipeline=1 readiness=primed
[MEM-EVENT] preview.audio.canonical.legacyGateBypassed | seconds=8.8 hostTime=194048.99711008338
[MEM-EVENT] preview.audio.canonical.startPlayback.call | seconds=8.8
[MEM-EVENT] preview.audio.stage8.startPlayback.call | sinceStartMs=0.01 fromSeconds=8.8
[MEM-EVENT] preview.audio.stage8.plan.eval | sinceStartMs=5.03 elapsedMs=4.88 segments=2
[MEM-EVENT] preview.audio.canonical.plan | segments=2 fromSeconds=8.8
[MEM-EVENT] preview.audio.stage8.setup.end | sinceStartMs=8.69 graph+session+output+anchor done
[MEM-EVENT] preview.audio.canonical.preroll.build.begin | planSegments=2 range=422400..<432000 gen=10
[MEM-EVENT] preview.audio.stage8.preroll.begin | sinceStartMs=8.81 range=422400..<432000 sampleCount=9600 initialPrerollSamples=9600 maxChunkSamples=48000
[MEM-EVENT] preview.audio.canonical.render.begin | segments=2 range=422400..<432000
[MEM-EVENT] preview.audio.stage8.cache.miss | range=422400..<432000 revision=ProjectRevision(raw: 3) epoch=PlaybackEpoch(raw: 3) planIdLen=1062
[VideoFrameProvider] playback: 39 OK, 0 nil (0.0%) | itemTime=8.819s | lastExtracted=8.850s | active=true
[MEM-EVENT] preview.audio.canonical.firstFrameSignal | delivered=1
[MEM-EVENT] preview.audio.stage8.firstFrameSignal | sinceStartMs=26.91 barrierReason=firstFrameArrivedPrerollNotReady
[MEM-EVENT] preview.audio.stage8.render.decode | source=app.audio.source.imported:D50F6AD6-4D5B-4277-81C8-4C3E750ABC2D sourceStart=44/5 frameCount=9600 elapsedMs=45.99
[MEM-EVENT] preview.audio.stage8.render.decode | source=app.audio.source.videoLayer:scene-0-BBB22040-71D4-4001-8BBD-73623FEC4324:block_01 sourceStart=44/5 frameCount=9600 elapsedMs=28.36
[MEM-EVENT] preview.audio.stage8.render.total | range=422400..<432000 segments=2 sources=2 elapsedMs=78.75
[MEM-EVENT] preview.audio.stage8.cache.store | range=422400..<432000 revision=ProjectRevision(raw: 3) epoch=PlaybackEpoch(raw: 3) planIdLen=1062
[MEM-EVENT] preview.audio.canonical.render.end | sources=2
[MEM-EVENT] preview.audio.canonical.preroll.build.end | sourceCount=2 bufferCount=2
[MEM-EVENT] preview.audio.stage8.preroll.end | sinceStartMs=91.05 renderElapsedMs=82.24 sourceCount=2
[MEM-EVENT] preview.audio.stage8.barrier.cross | sinceStartMs=91.05
[MEM-EVENT] preview.audio.canonical.graph.schedule.begin | sources=2
[MEM-EVENT] preview.audio.canonical.graph.schedule.end | scheduled=1
[MEM-EVENT] preview.audio.stage8.graph.schedule.end | sinceStartMs=135.89 scheduleMs=44.82
[MEM-EVENT] preview.audio.canonical.engine.start.begin
[MEM-EVENT] preview.audio.canonical.player.play.begin
[MEM-EVENT] preview.audio.canonical.player.play.end
[MEM-EVENT] preview.audio.canonical.engine.start.end
[MEM-EVENT] preview.audio.stage8.player.play.end | sinceStartMs=135.92 playStartMs=0.02
[MEM-EVENT] preview.audio.canonical.scheduled | scheduled=1 sources=2 started=1
[MEM-EVENT] preview.audio.stage8.scheduled.total | sinceStartMs=135.93 totalStartToScheduledMs=135.93
[MEM-EVENT] preview.audio.canonical.nextChunk.requested | range=432000..<480000 gen=14 inFlight=1
[MEM-EVENT] preview.audio.canonical.nextChunk.render.begin | range=432000..<480000 gen=14
[MEM-EVENT] preview.audio.canonical.render.begin | segments=2 range=432000..<480000
[MEM-EVENT] preview.audio.stage8.cache.miss | range=432000..<480000 revision=ProjectRevision(raw: 3) epoch=PlaybackEpoch(raw: 3) planIdLen=1062
[MEM-EVENT] preview.audio.stage8.render.decode | source=app.audio.source.imported:D50F6AD6-4D5B-4277-81C8-4C3E750ABC2D sourceStart=9/1 frameCount=48000 elapsedMs=30.49
[MEM-EVENT] preview.audio.stage8.render.decode | source=app.audio.source.videoLayer:scene-0-BBB22040-71D4-4001-8BBD-73623FEC4324:block_01 sourceStart=9/1 frameCount=48000 elapsedMs=24.56
[MEM-EVENT] preview.audio.stage8.render.total | range=432000..<480000 segments=2 sources=2 elapsedMs=68.80
[MEM-EVENT] preview.audio.stage8.cache.store | range=432000..<480000 revision=ProjectRevision(raw: 3) epoch=PlaybackEpoch(raw: 3) planIdLen=1062
[MEM-EVENT] preview.audio.canonical.render.end | sources=2
[MEM-EVENT] preview.audio.canonical.nextChunk.render.end | range=432000..<480000 sourceCount=2
[MEM-EVENT] preview.audio.canonical.nextChunk.schedule.begin | range=432000..<480000 sources=2
[MEM-EVENT] preview.audio.canonical.nextChunk.schedule.end | range=432000..<480000 scheduled=1
[MEM-EVENT] preview.audio.canonical.nextChunk.requested | range=480000..<528000 gen=14 inFlight=1
[MEM-EVENT] preview.audio.canonical.nextChunk.render.begin | range=480000..<528000 gen=14
[MEM-EVENT] preview.audio.canonical.render.begin | segments=2 range=480000..<528000
[MEM-EVENT] preview.audio.stage8.cache.miss | range=480000..<528000 revision=ProjectRevision(raw: 3) epoch=PlaybackEpoch(raw: 3) planIdLen=1062
[MEM-EVENT] preview.audio.stage8.render.decode | source=app.audio.source.imported:D50F6AD6-4D5B-4277-81C8-4C3E750ABC2D sourceStart=10/1 frameCount=48000 elapsedMs=30.23
[MEM-EVENT] preview.audio.stage8.render.decode | source=app.audio.source.videoLayer:scene-0-BBB22040-71D4-4001-8BBD-73623FEC4324:block_01 sourceStart=10/1 frameCount=48000 elapsedMs=25.12
[MEM-EVENT] preview.audio.stage8.render.total | range=480000..<528000 segments=2 sources=2 elapsedMs=69.23
[MEM-EVENT] preview.audio.stage8.cache.store | range=480000..<528000 revision=ProjectRevision(raw: 3) epoch=PlaybackEpoch(raw: 3) planIdLen=1062
[MEM-EVENT] preview.audio.canonical.render.end | sources=2
[MEM-EVENT] preview.audio.canonical.nextChunk.render.end | range=480000..<528000 sourceCount=2
[MEM-EVENT] preview.audio.canonical.nextChunk.schedule.begin | range=480000..<528000 sources=2
[MEM-EVENT] preview.audio.canonical.nextChunk.schedule.end | range=480000..<528000 scheduled=1
[MEM-EVENT] preview.audio.canonical.nextChunk.requested | range=528000..<576000 gen=14 inFlight=1
[MEM-EVENT] preview.audio.canonical.nextChunk.render.begin | range=528000..<576000 gen=14
[MEM-EVENT] preview.audio.canonical.render.begin | segments=2 range=528000..<576000
[MEM-EVENT] preview.audio.stage8.cache.miss | range=528000..<576000 revision=ProjectRevision(raw: 3) epoch=PlaybackEpoch(raw: 3) planIdLen=1062
[MEM-EVENT] preview.audio.stage8.render.decode | source=app.audio.source.imported:D50F6AD6-4D5B-4277-81C8-4C3E750ABC2D sourceStart=11/1 frameCount=48000 elapsedMs=29.42
[MEM-EVENT] preview.audio.stage8.render.decode | source=app.audio.source.videoLayer:scene-0-BBB22040-71D4-4001-8BBD-73623FEC4324:block_01 sourceStart=11/1 frameCount=48000 elapsedMs=24.91
[MEM-EVENT] preview.audio.stage8.render.total | range=528000..<576000 segments=2 sources=2 elapsedMs=68.06
[MEM-EVENT] preview.audio.stage8.cache.store | range=528000..<576000 revision=ProjectRevision(raw: 3) epoch=PlaybackEpoch(raw: 3) planIdLen=1062
[MEM-EVENT] preview.audio.canonical.render.end | sources=2
[MEM-EVENT] preview.audio.canonical.nextChunk.render.end | range=528000..<576000 sourceCount=2
[MEM-EVENT] preview.audio.canonical.nextChunk.schedule.begin | range=528000..<576000 sources=2
[MEM-EVENT] preview.audio.canonical.nextChunk.schedule.end | range=528000..<576000 scheduled=1
[MEM-EVENT] preview.audio.canonical.nextChunk.requested | range=576000..<584801 gen=14 inFlight=1
[MEM-EVENT] preview.audio.canonical.nextChunk.render.begin | range=576000..<584801 gen=14
[MEM-EVENT] preview.audio.canonical.render.begin | segments=2 range=576000..<584801
[MEM-EVENT] preview.audio.stage8.cache.miss | range=576000..<584801 revision=ProjectRevision(raw: 3) epoch=PlaybackEpoch(raw: 3) planIdLen=1062
[MEM-EVENT] preview.audio.stage8.render.decode | source=app.audio.source.imported:D50F6AD6-4D5B-4277-81C8-4C3E750ABC2D sourceStart=12/1 frameCount=8801 elapsedMs=24.63
[MEM-EVENT] preview.audio.stage8.render.decode | source=app.audio.source.videoLayer:scene-0-BBB22040-71D4-4001-8BBD-73623FEC4324:block_01 sourceStart=12/1 frameCount=8801 elapsedMs=27.50
[MEM-EVENT] preview.audio.stage8.render.total | range=576000..<584801 segments=2 sources=2 elapsedMs=54.87
[MEM-EVENT] preview.audio.stage8.cache.store | range=576000..<584801 revision=ProjectRevision(raw: 3) epoch=PlaybackEpoch(raw: 3) planIdLen=1062
[MEM-EVENT] preview.audio.canonical.render.end | sources=2
[MEM-EVENT] preview.audio.canonical.nextChunk.render.end | range=576000..<584801 sourceCount=2
[MEM-EVENT] preview.audio.canonical.nextChunk.schedule.begin | range=576000..<584801 sources=2
[MEM-EVENT] preview.audio.canonical.nextChunk.schedule.end | range=576000..<584801 scheduled=1
[MEM-EVENT] preview.audio.canonical.nextChunk.endOfPlan | planEnd=584801
[MEM-EVENT] playback.audio.stop.begin
[MEM-EVENT] displayLink.invalidate | obj=7987350581700172911
[MEM-EVENT] VideoFrameProvider.stopPlayback | obj=-1386326855069879555 flush=false hasPlaybackTex=true hasStillTex=true hasInteractiveTex=true hasHoldTex=false
[PerfCounter] applySnapshot(scene): 187
[PerfCounter] applySnapshot(scene): 188
[PerfCounter] applySnapshot(scene): 189
[PerfCounter] applySnapshot(scene): 190
[PerfCounter] applySnapshot(scene): 191
[PerfCounter] applySnapshot(scene): 192
[PerfCounter] layout(scene): 130
[PerfCounter] applySnapshot(scene): 193
[PerfCounter] applySnapshot(scene): 194
[PerfCounter] applySnapshot(scene): 195
[PerfCounter] applySnapshot(scene): 196
[PerfCounter] applySnapshot(scene): 197
[PerfCounter] applySnapshot(scene): 198
[PerfCounter] applySnapshot(scene): 199
[PerfCounter] applySnapshot(scene): 200
[PerfCounter] applySnapshot(scene): 201
[PerfCounter] applySnapshot(scene): 202
[MEM-EVENT] preview.audio.markDirty | generation=5 playing=0 state=timelinePreview
[MEM-EVENT] preview.audio.select | toggle=ON controller=Canonical
[MEM-EVENT] preview.audio.prepare | canonicalIdlePrepareSkipped=1
[PERF] FPS: 12.0 | CPU: 8.4% (1core), 1.4% (all) | MEM: 133MB res, 204MB foot | GPU: n/a | DRAW: avg 0.00ms, p95 0.00ms, max 0.00ms
[MEM-EVENT] audio.session.activate.begin
[MEM-EVENT] audio.session.activate.end | ok=1
[MEM-EVENT] playback.audio.start.begin | compressedFrame=288 projectTimeUs=9600000 state=timelinePreview isPlayingBefore=0
[MEM-EVENT] displayLink.create | obj=7987350581700172911
[MEM-DIAG] playback.start | footprint: 204MB | resident: 133MB | available: 2867MB | metal: 166MB | SceneInstanceRuntime: 1 | UserMediaService: 2 | VideoFrameProvider: 2
[MEM-EVENT] playback.audio.previewStart.call | projectTimeUs=9600000 hostTime=194050.86132579172
[MEM-EVENT] preview.audio.select | toggle=ON controller=Canonical
[MEM-EVENT] preview.audio.start | dirty=1 hasPipeline=1 readiness=primed
[MEM-EVENT] preview.audio.canonical.legacyGateBypassed | seconds=9.6 hostTime=194050.86132579172
[MEM-EVENT] preview.audio.canonical.startPlayback.call | seconds=9.6
[MEM-EVENT] preview.audio.stage8.startPlayback.call | sinceStartMs=0.01 fromSeconds=9.6
[MEM-EVENT] preview.audio.stage8.plan.eval | sinceStartMs=4.59 elapsedMs=4.45 segments=2
[MEM-EVENT] preview.audio.canonical.plan | segments=2 fromSeconds=9.6
[MEM-EVENT] preview.audio.stage8.setup.end | sinceStartMs=8.62 graph+session+output+anchor done
[MEM-EVENT] preview.audio.canonical.preroll.build.begin | planSegments=2 range=460800..<470400 gen=13
[MEM-EVENT] preview.audio.stage8.preroll.begin | sinceStartMs=8.74 range=460800..<470400 sampleCount=9600 initialPrerollSamples=9600 maxChunkSamples=48000
[MEM-EVENT] preview.audio.canonical.render.begin | segments=2 range=460800..<470400
[MEM-EVENT] preview.audio.stage8.cache.miss | range=460800..<470400 revision=ProjectRevision(raw: 4) epoch=PlaybackEpoch(raw: 4) planIdLen=1066
[MEM-EVENT] preview.audio.canonical.firstFrameSignal | delivered=1
[MEM-EVENT] preview.audio.stage8.firstFrameSignal | sinceStartMs=28.42 barrierReason=firstFrameArrivedPrerollNotReady
[MEM-EVENT] preview.audio.stage8.render.decode | source=app.audio.source.imported:D50F6AD6-4D5B-4277-81C8-4C3E750ABC2D sourceStart=48/5 frameCount=9600 elapsedMs=69.79
[MEM-EVENT] preview.audio.stage8.render.decode | source=app.audio.source.videoLayer:scene-0-BBB22040-71D4-4001-8BBD-73623FEC4324:block_01 sourceStart=48/5 frameCount=9600 elapsedMs=28.08
[MEM-EVENT] preview.audio.stage8.render.total | range=460800..<470400 segments=2 sources=2 elapsedMs=102.01
[MEM-EVENT] preview.audio.stage8.cache.store | range=460800..<470400 revision=ProjectRevision(raw: 4) epoch=PlaybackEpoch(raw: 4) planIdLen=1066
[MEM-EVENT] preview.audio.canonical.render.end | sources=2
[MEM-EVENT] preview.audio.canonical.preroll.build.end | sourceCount=2 bufferCount=2
[MEM-EVENT] preview.audio.stage8.preroll.end | sinceStartMs=111.72 renderElapsedMs=102.98 sourceCount=2
[MEM-EVENT] preview.audio.stage8.barrier.cross | sinceStartMs=111.73
[MEM-EVENT] preview.audio.canonical.graph.schedule.begin | sources=2
[MEM-EVENT] preview.audio.canonical.graph.schedule.end | scheduled=1
[MEM-EVENT] preview.audio.stage8.graph.schedule.end | sinceStartMs=148.89 scheduleMs=37.15
[MEM-EVENT] preview.audio.canonical.engine.start.begin
[MEM-EVENT] preview.audio.canonical.player.play.begin
[MEM-EVENT] preview.audio.canonical.player.play.end
[MEM-EVENT] preview.audio.canonical.engine.start.end
[MEM-EVENT] preview.audio.stage8.player.play.end | sinceStartMs=148.91 playStartMs=0.01
[MEM-EVENT] preview.audio.canonical.scheduled | scheduled=1 sources=2 started=1
[MEM-EVENT] preview.audio.stage8.scheduled.total | sinceStartMs=148.92 totalStartToScheduledMs=148.92
[MEM-EVENT] preview.audio.canonical.nextChunk.requested | range=470400..<518400 gen=18 inFlight=1
[MEM-EVENT] preview.audio.canonical.nextChunk.render.begin | range=470400..<518400 gen=18
[MEM-EVENT] preview.audio.canonical.render.begin | segments=2 range=470400..<518400
[MEM-EVENT] preview.audio.stage8.cache.miss | range=470400..<518400 revision=ProjectRevision(raw: 4) epoch=PlaybackEpoch(raw: 4) planIdLen=1066
[MEM-EVENT] preview.audio.stage8.render.decode | source=app.audio.source.imported:D50F6AD6-4D5B-4277-81C8-4C3E750ABC2D sourceStart=49/5 frameCount=48000 elapsedMs=30.12
[VideoFrameProvider] playback: 27 OK, 0 nil (0.0%) | itemTime=9.787s | lastExtracted=9.820s | active=true
[MEM-EVENT] preview.audio.stage8.render.decode | source=app.audio.source.videoLayer:scene-0-BBB22040-71D4-4001-8BBD-73623FEC4324:block_01 sourceStart=49/5 frameCount=48000 elapsedMs=25.43
[MEM-EVENT] preview.audio.stage8.render.total | range=470400..<518400 segments=2 sources=2 elapsedMs=69.18
[MEM-EVENT] preview.audio.stage8.cache.store | range=470400..<518400 revision=ProjectRevision(raw: 4) epoch=PlaybackEpoch(raw: 4) planIdLen=1066
[MEM-EVENT] preview.audio.canonical.render.end | sources=2
[MEM-EVENT] preview.audio.canonical.nextChunk.render.end | range=470400..<518400 sourceCount=2
[MEM-EVENT] preview.audio.canonical.nextChunk.schedule.begin | range=470400..<518400 sources=2
[MEM-EVENT] preview.audio.canonical.nextChunk.schedule.end | range=470400..<518400 scheduled=1
[MEM-EVENT] preview.audio.canonical.nextChunk.requested | range=518400..<566400 gen=18 inFlight=1
[MEM-EVENT] preview.audio.canonical.nextChunk.render.begin | range=518400..<566400 gen=18
[MEM-EVENT] preview.audio.canonical.render.begin | segments=2 range=518400..<566400
[MEM-EVENT] preview.audio.stage8.cache.miss | range=518400..<566400 revision=ProjectRevision(raw: 4) epoch=PlaybackEpoch(raw: 4) planIdLen=1066
[MEM-EVENT] preview.audio.stage8.render.decode | source=app.audio.source.imported:D50F6AD6-4D5B-4277-81C8-4C3E750ABC2D sourceStart=54/5 frameCount=48000 elapsedMs=29.72
[MEM-EVENT] preview.audio.stage8.render.decode | source=app.audio.source.videoLayer:scene-0-BBB22040-71D4-4001-8BBD-73623FEC4324:block_01 sourceStart=54/5 frameCount=48000 elapsedMs=24.25
[MEM-EVENT] preview.audio.stage8.render.total | range=518400..<566400 segments=2 sources=2 elapsedMs=67.97
[MEM-EVENT] preview.audio.stage8.cache.store | range=518400..<566400 revision=ProjectRevision(raw: 4) epoch=PlaybackEpoch(raw: 4) planIdLen=1066
[MEM-EVENT] preview.audio.canonical.render.end | sources=2
[MEM-EVENT] preview.audio.canonical.nextChunk.render.end | range=518400..<566400 sourceCount=2
[MEM-EVENT] preview.audio.canonical.nextChunk.schedule.begin | range=518400..<566400 sources=2
[MEM-EVENT] preview.audio.canonical.nextChunk.schedule.end | range=518400..<566400 scheduled=1
[MEM-EVENT] preview.audio.canonical.nextChunk.requested | range=566400..<614400 gen=18 inFlight=1
[MEM-EVENT] preview.audio.canonical.nextChunk.render.begin | range=566400..<614400 gen=18
[MEM-EVENT] preview.audio.canonical.render.begin | segments=2 range=566400..<614400
[MEM-EVENT] preview.audio.stage8.cache.miss | range=566400..<614400 revision=ProjectRevision(raw: 4) epoch=PlaybackEpoch(raw: 4) planIdLen=1066
[MEM-EVENT] preview.audio.stage8.render.decode | source=app.audio.source.imported:D50F6AD6-4D5B-4277-81C8-4C3E750ABC2D sourceStart=59/5 frameCount=48000 elapsedMs=30.14
[MEM-EVENT] preview.audio.stage8.render.decode | source=app.audio.source.videoLayer:scene-0-BBB22040-71D4-4001-8BBD-73623FEC4324:block_01 sourceStart=59/5 frameCount=48000 elapsedMs=25.25
[MEM-EVENT] preview.audio.stage8.render.total | range=566400..<614400 segments=2 sources=2 elapsedMs=69.68
[MEM-EVENT] preview.audio.stage8.cache.store | range=566400..<614400 revision=ProjectRevision(raw: 4) epoch=PlaybackEpoch(raw: 4) planIdLen=1066
[MEM-EVENT] preview.audio.canonical.render.end | sources=2
[MEM-EVENT] preview.audio.canonical.nextChunk.render.end | range=566400..<614400 sourceCount=2
[MEM-EVENT] preview.audio.canonical.nextChunk.schedule.begin | range=566400..<614400 sources=2
[MEM-EVENT] preview.audio.canonical.nextChunk.schedule.end | range=566400..<614400 scheduled=1
[MEM-EVENT] preview.audio.canonical.nextChunk.requested | range=614400..<662400 gen=18 inFlight=1
[MEM-EVENT] preview.audio.canonical.nextChunk.render.begin | range=614400..<662400 gen=18
[MEM-EVENT] preview.audio.canonical.render.begin | segments=2 range=614400..<662400
[MEM-EVENT] preview.audio.stage8.cache.miss | range=614400..<662400 revision=ProjectRevision(raw: 4) epoch=PlaybackEpoch(raw: 4) planIdLen=1066
[MEM-EVENT] preview.audio.stage8.render.decode | source=app.audio.source.imported:D50F6AD6-4D5B-4277-81C8-4C3E750ABC2D sourceStart=64/5 frameCount=48000 elapsedMs=29.95
[MEM-EVENT] preview.audio.stage8.render.decode | source=app.audio.source.videoLayer:scene-0-BBB22040-71D4-4001-8BBD-73623FEC4324:block_01 sourceStart=64/5 frameCount=48000 elapsedMs=24.57
[MEM-EVENT] preview.audio.stage8.render.total | range=614400..<662400 segments=2 sources=2 elapsedMs=68.78
[MEM-EVENT] preview.audio.stage8.cache.store | range=614400..<662400 revision=ProjectRevision(raw: 4) epoch=PlaybackEpoch(raw: 4) planIdLen=1066
[MEM-EVENT] preview.audio.canonical.render.end | sources=2
[MEM-EVENT] preview.audio.canonical.nextChunk.render.end | range=614400..<662400 sourceCount=2
[MEM-EVENT] preview.audio.canonical.nextChunk.schedule.begin | range=614400..<662400 sources=2
[MEM-EVENT] preview.audio.canonical.nextChunk.schedule.end | range=614400..<662400 scheduled=1
[MEM-EVENT] preview.audio.canonical.nextChunk.requested | range=662400..<710400 gen=18 inFlight=1
[MEM-EVENT] preview.audio.canonical.nextChunk.render.begin | range=662400..<710400 gen=18
[MEM-EVENT] preview.audio.canonical.render.begin | segments=2 range=662400..<710400
[MEM-EVENT] preview.audio.stage8.cache.miss | range=662400..<710400 revision=ProjectRevision(raw: 4) epoch=PlaybackEpoch(raw: 4) planIdLen=1066
[MEM-EVENT] preview.audio.stage8.render.decode | source=app.audio.source.imported:D50F6AD6-4D5B-4277-81C8-4C3E750ABC2D sourceStart=69/5 frameCount=48000 elapsedMs=30.37
[MEM-EVENT] preview.audio.stage8.render.decode | source=app.audio.source.videoLayer:scene-0-BBB22040-71D4-4001-8BBD-73623FEC4324:block_01 sourceStart=69/5 frameCount=48000 elapsedMs=24.94
[MEM-EVENT] preview.audio.stage8.render.total | range=662400..<710400 segments=2 sources=2 elapsedMs=69.18
[MEM-EVENT] preview.audio.stage8.cache.store | range=662400..<710400 revision=ProjectRevision(raw: 4) epoch=PlaybackEpoch(raw: 4) planIdLen=1066
[MEM-EVENT] preview.audio.canonical.render.end | sources=2
[MEM-EVENT] preview.audio.canonical.nextChunk.render.end | range=662400..<710400 sourceCount=2
[MEM-EVENT] preview.audio.canonical.nextChunk.schedule.begin | range=662400..<710400 sources=2
[MEM-EVENT] preview.audio.canonical.nextChunk.schedule.end | range=662400..<710400 scheduled=1
[MEM-EVENT] preview.audio.canonical.nextChunk.requested | range=710400..<758400 gen=18 inFlight=1
[MEM-EVENT] preview.audio.canonical.nextChunk.render.begin | range=710400..<758400 gen=18
[MEM-EVENT] preview.audio.canonical.render.begin | segments=2 range=710400..<758400
[MEM-EVENT] preview.audio.stage8.cache.miss | range=710400..<758400 revision=ProjectRevision(raw: 4) epoch=PlaybackEpoch(raw: 4) planIdLen=1066
[MEM-EVENT] preview.audio.stage8.render.decode | source=app.audio.source.imported:D50F6AD6-4D5B-4277-81C8-4C3E750ABC2D sourceStart=74/5 frameCount=48000 elapsedMs=30.85
[MEM-EVENT] preview.audio.stage8.render.decode | source=app.audio.source.videoLayer:scene-0-BBB22040-71D4-4001-8BBD-73623FEC4324:block_01 sourceStart=74/5 frameCount=48000 elapsedMs=26.11
[MEM-EVENT] preview.audio.stage8.render.total | range=710400..<758400 segments=2 sources=2 elapsedMs=70.86
[MEM-EVENT] preview.audio.stage8.cache.store | range=710400..<758400 revision=ProjectRevision(raw: 4) epoch=PlaybackEpoch(raw: 4) planIdLen=1066
[MEM-EVENT] preview.audio.canonical.render.end | sources=2
[MEM-EVENT] preview.audio.canonical.nextChunk.render.end | range=710400..<758400 sourceCount=2
[MEM-EVENT] preview.audio.canonical.nextChunk.schedule.begin | range=710400..<758400 sources=2
[MEM-EVENT] preview.audio.canonical.nextChunk.schedule.end | range=710400..<758400 scheduled=1
[MEM-EVENT] preview.audio.canonical.nextChunk.requested | range=758400..<806400 gen=18 inFlight=1
[MEM-EVENT] preview.audio.canonical.nextChunk.render.begin | range=758400..<806400 gen=18
[MEM-EVENT] preview.audio.canonical.render.begin | segments=2 range=758400..<806400
[MEM-EVENT] preview.audio.stage8.cache.miss | range=758400..<806400 revision=ProjectRevision(raw: 4) epoch=PlaybackEpoch(raw: 4) planIdLen=1066
[MEM-EVENT] preview.audio.stage8.render.decode | source=app.audio.source.imported:D50F6AD6-4D5B-4277-81C8-4C3E750ABC2D sourceStart=79/5 frameCount=48000 elapsedMs=29.56
[MEM-EVENT] preview.audio.stage8.render.decode | source=app.audio.source.videoLayer:scene-0-BBB22040-71D4-4001-8BBD-73623FEC4324:block_01 sourceStart=79/5 frameCount=48000 elapsedMs=25.50
[MEM-EVENT] preview.audio.stage8.render.total | range=758400..<806400 segments=2 sources=2 elapsedMs=68.92
[MEM-EVENT] preview.audio.stage8.cache.store | range=758400..<806400 revision=ProjectRevision(raw: 4) epoch=PlaybackEpoch(raw: 4) planIdLen=1066
[MEM-EVENT] preview.audio.canonical.render.end | sources=2
[MEM-EVENT] preview.audio.canonical.nextChunk.render.end | range=758400..<806400 sourceCount=2
[MEM-EVENT] preview.audio.canonical.nextChunk.schedule.begin | range=758400..<806400 sources=2
[MEM-EVENT] preview.audio.canonical.nextChunk.schedule.end | range=758400..<806400 scheduled=1
[MEM-EVENT] preview.audio.canonical.nextChunk.requested | range=806400..<824801 gen=18 inFlight=1
[MEM-EVENT] preview.audio.canonical.nextChunk.render.begin | range=806400..<824801 gen=18
[MEM-EVENT] preview.audio.canonical.render.begin | segments=2 range=806400..<824801
[MEM-EVENT] preview.audio.stage8.cache.miss | range=806400..<824801 revision=ProjectRevision(raw: 4) epoch=PlaybackEpoch(raw: 4) planIdLen=1066
[MEM-EVENT] preview.audio.stage8.render.decode | source=app.audio.source.imported:D50F6AD6-4D5B-4277-81C8-4C3E750ABC2D sourceStart=84/5 frameCount=18401 elapsedMs=26.88
[MEM-EVENT] preview.audio.stage8.render.decode | source=app.audio.source.videoLayer:scene-0-BBB22040-71D4-4001-8BBD-73623FEC4324:block_01 sourceStart=84/5 frameCount=18401 elapsedMs=26.26
[MEM-EVENT] preview.audio.stage8.render.total | range=806400..<824801 segments=2 sources=2 elapsedMs=58.93
[MEM-EVENT] preview.audio.stage8.cache.store | range=806400..<824801 revision=ProjectRevision(raw: 4) epoch=PlaybackEpoch(raw: 4) planIdLen=1066
[MEM-EVENT] preview.audio.canonical.render.end | sources=2
[MEM-EVENT] preview.audio.canonical.nextChunk.render.end | range=806400..<824801 sourceCount=2
[MEM-EVENT] preview.audio.canonical.nextChunk.schedule.begin | range=806400..<824801 sources=2
[MEM-EVENT] preview.audio.canonical.nextChunk.schedule.end | range=806400..<824801 scheduled=1
[MEM-EVENT] preview.audio.canonical.nextChunk.endOfPlan | planEnd=824801
[PERF] FPS: 27.5 | CPU: 26.5% (1core), 4.4% (all) | MEM: 133MB res, 204MB foot | GPU: n/a | DRAW: avg 0.00ms, p95 0.00ms, max 0.00ms
[VideoFrameProvider] playback: 60 OK, 0 nil (0.0%) | itemTime=11.789s | lastExtracted=11.820s | active=true
[PERF] FPS: 30.0 | CPU: 26.3% (1core), 4.4% (all) | MEM: 133MB res, 204MB foot | GPU: n/a | DRAW: avg 0.00ms, p95 0.00ms, max 0.00ms
[VideoFrameProvider] playback: 60 OK, 0 nil (0.0%) | itemTime=13.789s | lastExtracted=13.820s | active=true
[PERF] FPS: 30.0 | CPU: 27.2% (1core), 4.5% (all) | MEM: 133MB res, 204MB foot | GPU: n/a | DRAW: avg 0.00ms, p95 0.00ms, max 0.00ms
[VideoFrameProvider] playback: 61 OK, 0 nil (0.0%) | itemTime=15.823s | lastExtracted=15.853s | active=true
[MEM-EVENT] playback.audio.stop.begin
[MEM-EVENT] displayLink.invalidate | obj=7987350581700172911
[MEM-EVENT] VideoFrameProvider.stopPlayback | obj=-1386326855069879555 flush=false hasPlaybackTex=true hasStillTex=true hasInteractiveTex=true hasHoldTex=false
[PERF] FPS: 26.0 | CPU: 13.5% (1core), 2.2% (all) | MEM: 133MB res, 204MB foot | GPU: n/a | DRAW: avg 0.00ms, p95 0.00ms, max 0.00ms
[PERF] FPS: 0.0 | CPU: 0.0% (1core), 0.0% (all) | MEM: 133MB res, 198MB foot | GPU: n/a | DRAW: avg 0.00ms, p95 0.00ms, max 0.00ms
[PERF] FPS: 0.0 | CPU: 0.0% (1core), 0.0% (all) | MEM: 132MB res, 198MB foot | GPU: n/a | DRAW: avg 0.00ms, p95 0.00ms, max 0.00ms
[MEM-EVENT] playback.audio.stop.begin
[PERF] FPS: 0.0 | CPU: 16.4% (1core), 2.7% (all) | MEM: 133MB res, 198MB foot | GPU: n/a | DRAW: avg 0.00ms, p95 0.00ms, max 0.00ms
[MEM-DIAG] editor.close.before | footprint: 198MB | resident: 132MB | available: 2873MB | metal: n/aMB | SceneInstanceRuntime: 1 | UserMediaService: 2 | VideoFrameProvider: 2
[MEM-EVENT] playback.audio.stop.begin
[MEM-EVENT] EditorViewController.deinit | obj=279604350684345176
[MEM-DIAG] editor.close.after | footprint: 194MB | resident: 132MB | available: 2878MB | metal: n/aMB | SceneInstanceRuntime: 1 | UserMediaService: 2 | VideoFrameProvider: 2
[MEM-EVENT] UMS.releasePreview | obj=-7167105522691929699 videoProviders=1 setupTasks=0 stillTasks=0 trimTasks=0 activeVideo=0
[MEM-EVENT] VideoFrameProvider.release | obj=-6789439980003768333 hasPlaybackTex=false hasStillTex=true hasInteractiveTex=false
[MEM-EVENT] VideoFrameProvider.stopPlayback | obj=-6789439980003768333 flush=true hasPlaybackTex=false hasStillTex=true hasInteractiveTex=false hasHoldTex=false
[MEM-EVENT] CVTextureCache.flush | owner=UserMediaTextureFactory
[MEM-EVENT] CVTextureCache.flush | owner=UserMediaTextureFactory
[MEM-EVENT] VideoFrameProvider.release | obj=-6789439980003768333 hasPlaybackTex=false hasStillTex=false hasInteractiveTex=false
[MEM-EVENT] VideoFrameProvider.stopPlayback | obj=-6789439980003768333 flush=true hasPlaybackTex=false hasStillTex=false hasInteractiveTex=false hasHoldTex=false
[MEM-EVENT] CVTextureCache.flush | owner=UserMediaTextureFactory
[MEM-EVENT] CVTextureCache.flush | owner=UserMediaTextureFactory
[MEM-EVENT] VideoFrameProvider.deinit | obj=-6789439980003768333
[MEM-EVENT] TCEngine.releasePreview | runtimes=1 evictCache=true
[MEM-EVENT] VideoFrameProvider.stopPlayback | obj=-1386326855069879555 flush=true hasPlaybackTex=true hasStillTex=true hasInteractiveTex=true hasHoldTex=false
[MEM-EVENT] CVTextureCache.flush | owner=UserMediaTextureFactory
[MEM-EVENT] UMS.releasePreview | obj=7623755430673507791 videoProviders=1 setupTasks=0 stillTasks=0 trimTasks=0 activeVideo=0
[MEM-EVENT] VideoFrameProvider.release | obj=-1386326855069879555 hasPlaybackTex=false hasStillTex=true hasInteractiveTex=false
[MEM-EVENT] VideoFrameProvider.stopPlayback | obj=-1386326855069879555 flush=true hasPlaybackTex=false hasStillTex=true hasInteractiveTex=false hasHoldTex=false
[MEM-EVENT] CVTextureCache.flush | owner=UserMediaTextureFactory
[MEM-EVENT] CVTextureCache.flush | owner=UserMediaTextureFactory
[MEM-EVENT] VideoFrameProvider.release | obj=-1386326855069879555 hasPlaybackTex=false hasStillTex=false hasInteractiveTex=false
[MEM-EVENT] VideoFrameProvider.stopPlayback | obj=-1386326855069879555 flush=true hasPlaybackTex=false hasStillTex=false hasInteractiveTex=false hasHoldTex=false
[MEM-EVENT] CVTextureCache.flush | owner=UserMediaTextureFactory
[MEM-EVENT] CVTextureCache.flush | owner=UserMediaTextureFactory
[MEM-EVENT] VideoFrameProvider.deinit | obj=-1386326855069879555
[MEM-EVENT] SceneTypeCache.evictAll | count=1
[MEM-EVENT] SceneInstanceRuntime.deinit | obj=6165002670674583683 id=BBB22040-71D4-4001-8BBD-73623FEC4324
[MEM-EVENT] UserMediaService.deinit | obj=7623755430673507791 videoProviders=0
[MEM-EVENT] Background.clearAll | keys=0
[BackgroundTextureService] Cleared all background textures
[MEM-DIAG] editor.close.afterTeardown | footprint: 84MB | resident: 117MB | available: 2988MB | metal: 37MB | SceneInstanceRuntime: 0 | UserMediaService: 1 | VideoFrameProvider: 0
[MEM-EVENT] EditorRuntime.deinit | obj=7987350581700172911
[MEM-EVENT] UserMediaService.deinit | obj=-7167105522691929699 videoProviders=0
[MEM-DIAG] editor.close.after.2s | footprint: 31MB | resident: 116MB | available: 3041MB | metal: 0MB | SceneInstanceRuntime: 0 | UserMediaService: 0 | VideoFrameProvider: 0
